N,formation,entry_side,recon_partition_axis_resolved,candidate_draws,accepted_scenes,rejected_candidates,acceptance_rate
2,line,north,east,25,24,1,0.96
2,line,north,north,0,0,0,
2,line,east,east,0,0,0,
2,line,east,north,16,13,3,0.8125
2,line,south,east,17,12,5,0.7058823529411765
2,line,south,north,0,0,0,
2,line,west,east,0,0,0,
2,line,west,north,15,9,6,0.6
2,cluster,north,east,20,13,7,0.65
2,cluster,north,north,0,0,0,
2,cluster,east,east,0,0,0,
2,cluster,east,north,11,9,2,0.8181818181818182
2,cluster,south,east,25,16,9,0.64
2,cluster,south,north,0,0,0,
2,cluster,west,east,0,0,0,
2,cluster,west,north,19,10,9,0.5263157894736842
3,line,north,east,12,7,5,0.5833333333333334
3,line,north,north,0,0,0,
3,line,east,east,0,0,0,
3,line,east,north,12,3,9,0.25
3,line,south,east,9,4,5,0.4444444444444444
3,line,south,north,0,0,0,
3,line,west,east,0,0,0,
3,line,west,north,23,2,21,0.08695652173913043
3,cluster,north,east,18,2,16,0.1111111111111111
3,cluster,north,north,0,0,0,
3,cluster,east,east,0,0,0,
3,cluster,east,north,18,0,18,0.0
3,cluster,south,east,22,0,22,0.0
3,cluster,south,north,0,0,0,
3,cluster,west,east,0,0,0,
3,cluster,west,north,12,2,10,0.16666666666666666
4,line,north,east,12,1,11,0.08333333333333333
4,line,north,north,0,0,0,
4,line,east,east,0,0,0,
4,line,east,north,12,0,12,0.0
4,line,south,east,13,3,10,0.23076923076923078
4,line,south,north,0,0,0,
4,line,west,east,0,0,0,
4,line,west,north,8,0,8,0.0
4,cluster,north,east,17,0,17,0.0
4,cluster,north,north,0,0,0,
4,cluster,east,east,0,0,0,
4,cluster,east,north,17,0,17,0.0
4,cluster,south,east,14,0,14,0.0
4,cluster,south,north,0,0,0,
4,cluster,west,east,0,0,0,
4,cluster,west,north,16,0,16,0.0
