candidate_id,base_index,accepted,N,formation,entry_side,recon_partition_axis_resolved,recon_partition_axis_requested,recon_inferred_entry_side
base_0000_candidate_00,0,False,3,line,west,north,auto,west
base_0000_candidate_01,0,True,2,line,south,east,auto,south
base_0001_candidate_00,1,True,3,line,north,east,auto,north
base_0002_candidate_00,2,False,4,line,west,north,auto,west
base_0002_candidate_01,2,False,3,line,west,north,auto,west
base_0002_candidate_02,2,False,3,cluster,north,east,auto,north
base_0002_candidate_03,2,False,2,cluster,west,north,auto,west
base_0002_candidate_04,2,False,3,cluster,south,east,auto,south
base_0002_candidate_05,2,True,2,cluster,south,east,auto,south
base_0003_candidate_00,3,False,3,line,south,east,auto,south
base_0003_candidate_01,3,False,2,cluster,west,north,auto,west
base_0003_candidate_02,3,True,2,cluster,north,east,auto,north
base_0004_candidate_00,4,False,4,cluster,west,north,auto,west
base_0004_candidate_01,4,False,3,cluster,west,north,auto,west
base_0004_candidate_02,4,False,3,cluster,south,east,auto,south
base_0004_candidate_03,4,False,3,cluster,east,north,auto,east
base_0004_candidate_04,4,False,4,cluster,north,east,auto,north
base_0004_candidate_05,4,False,4,line,north,east,auto,north
base_0004_candidate_06,4,False,3,cluster,south,east,auto,south
base_0004_candidate_07,4,True,2,cluster,east,north,auto,east
base_0005_candidate_00,5,False,4,cluster,north,east,auto,north
base_0005_candidate_01,5,False,3,line,north,east,auto,north
base_0005_candidate_02,5,False,4,cluster,west,north,auto,west
base_0005_candidate_03,5,True,2,line,north,east,auto,north
base_0006_candidate_00,6,True,2,line,north,east,auto,north
base_0007_candidate_00,7,False,3,cluster,south,east,auto,south
base_0007_candidate_01,7,True,2,cluster,south,east,auto,south
base_0008_candidate_00,8,False,3,cluster,north,east,auto,north
base_0008_candidate_01,8,True,2,cluster,north,east,auto,north
base_0009_candidate_00,9,False,3,cluster,south,east,auto,south
base_0009_candidate_01,9,False,4,cluster,east,north,auto,east
base_0009_candidate_02,9,False,4,cluster,west,north,auto,west
base_0009_candidate_03,9,False,3,line,west,north,auto,west
base_0009_candidate_04,9,True,2,line,north,east,auto,north
base_0010_candidate_00,10,True,2,cluster,south,east,auto,south
base_0011_candidate_00,11,False,3,cluster,south,east,auto,south
base_0011_candidate_01,11,False,4,line,north,east,auto,north
base_0011_candidate_02,11,False,3,line,west,north,auto,west
base_0011_candidate_03,11,False,4,line,west,north,auto,west
base_0011_candidate_04,11,False,4,cluster,south,east,auto,south
base_0011_candidate_05,11,False,4,cluster,north,east,auto,north
base_0011_candidate_06,11,False,4,line,north,east,auto,north
base_0011_candidate_07,11,False,3,line,east,north,auto,east
base_0011_candidate_08,11,False,2,cluster,north,east,auto,north
base_0011_candidate_09,11,True,3,line,east,north,auto,east
base_0012_candidate_00,12,True,2,cluster,west,north,auto,west
base_0013_candidate_00,13,False,4,line,south,east,auto,south
base_0013_candidate_01,13,False,4,cluster,east,north,auto,east
base_0013_candidate_02,13,True,2,cluster,north,east,auto,north
base_0014_candidate_00,14,True,2,line,north,east,auto,north
base_0015_candidate_00,15,True,2,line,north,east,auto,north
base_0016_candidate_00,16,False,2,line,south,east,auto,south
base_0016_candidate_01,16,False,3,cluster,north,east,auto,north
base_0016_candidate_02,16,True,2,cluster,south,east,auto,south
base_0017_candidate_00,17,True,3,cluster,north,east,auto,north
base_0018_candidate_00,18,False,3,line,west,north,auto,west
base_0018_candidate_01,18,False,4,cluster,south,east,auto,south
base_0018_candidate_02,18,True,4,line,south,east,auto,south
base_0019_candidate_00,19,False,2,cluster,west,north,auto,west
base_0019_candidate_01,19,False,2,cluster,north,east,auto,north
base_0019_candidate_02,19,True,2,cluster,west,north,auto,west
base_0020_candidate_00,20,False,3,cluster,south,east,auto,south
base_0020_candidate_01,20,False,2,line,west,north,auto,west
base_0020_candidate_02,20,True,2,line,south,east,auto,south
base_0021_candidate_00,21,False,4,line,south,east,auto,south
base_0021_candidate_01,21,False,4,line,north,east,auto,north
base_0021_candidate_02,21,False,3,cluster,east,north,auto,east
base_0021_candidate_03,21,False,3,cluster,east,north,auto,east
base_0021_candidate_04,21,True,3,line,east,north,auto,east
base_0022_candidate_00,22,False,3,cluster,south,east,auto,south
base_0022_candidate_01,22,False,4,cluster,west,north,auto,west
base_0022_candidate_02,22,False,3,cluster,east,north,auto,east
base_0022_candidate_03,22,True,2,cluster,north,east,auto,north
base_0023_candidate_00,23,True,2,line,west,north,auto,west
base_0024_candidate_00,24,False,3,line,west,north,auto,west
base_0024_candidate_01,24,True,2,cluster,south,east,auto,south
base_0025_candidate_00,25,False,2,line,west,north,auto,west
base_0025_candidate_01,25,False,4,cluster,east,north,auto,east
base_0025_candidate_02,25,False,3,line,west,north,auto,west
base_0025_candidate_03,25,False,3,cluster,west,north,auto,west
base_0025_candidate_04,25,False,4,line,east,north,auto,east
base_0025_candidate_05,25,True,2,line,west,north,auto,west
base_0026_candidate_00,26,True,2,cluster,south,east,auto,south
base_0027_candidate_00,27,False,2,line,west,north,auto,west
base_0027_candidate_01,27,True,2,line,north,east,auto,north
base_0028_candidate_00,28,True,2,cluster,south,east,auto,south
base_0029_candidate_00,29,False,3,cluster,south,east,auto,south
base_0029_candidate_01,29,True,2,line,south,east,auto,south
base_0030_candidate_00,30,True,2,line,east,north,auto,east
base_0031_candidate_00,31,True,2,line,south,east,auto,south
base_0032_candidate_00,32,True,2,line,south,east,auto,south
base_0033_candidate_00,33,False,2,line,west,north,auto,west
base_0033_candidate_01,33,True,2,cluster,west,north,auto,west
base_0034_candidate_00,34,True,2,line,north,east,auto,north
base_0035_candidate_00,35,False,2,cluster,north,east,auto,north
base_0035_candidate_01,35,False,2,cluster,south,east,auto,south
base_0035_candidate_02,35,False,4,cluster,south,east,auto,south
base_0035_candidate_03,35,True,2,cluster,south,east,auto,south
base_0036_candidate_00,36,False,2,cluster,south,east,auto,south
base_0036_candidate_01,36,True,4,line,south,east,auto,south
base_0037_candidate_00,37,False,3,line,west,north,auto,west
base_0037_candidate_01,37,True,2,line,south,east,auto,south
base_0038_candidate_00,38,False,3,cluster,south,east,auto,south
base_0038_candidate_01,38,True,2,line,east,north,auto,east
base_0039_candidate_00,39,False,4,cluster,west,north,auto,west
base_0039_candidate_01,39,False,3,cluster,east,north,auto,east
base_0039_candidate_02,39,False,3,line,south,east,auto,south
base_0039_candidate_03,39,True,2,line,east,north,auto,east
base_0040_candidate_00,40,False,4,line,north,east,auto,north
base_0040_candidate_01,40,False,4,cluster,north,east,auto,north
base_0040_candidate_02,40,False,2,cluster,west,north,auto,west
base_0040_candidate_03,40,False,2,line,west,north,auto,west
base_0040_candidate_04,40,True,2,line,north,east,auto,north
base_0041_candidate_00,41,False,4,cluster,north,east,auto,north
base_0041_candidate_01,41,True,2,cluster,east,north,auto,east
base_0042_candidate_00,42,True,2,line,east,north,auto,east
base_0043_candidate_00,43,False,4,line,south,east,auto,south
base_0043_candidate_01,43,True,3,cluster,north,east,auto,north
base_0044_candidate_00,44,False,3,cluster,north,east,auto,north
base_0044_candidate_01,44,False,3,line,east,north,auto,east
base_0044_candidate_02,44,False,3,cluster,north,east,auto,north
base_0044_candidate_03,44,False,4,line,east,north,auto,east
base_0044_candidate_04,44,False,4,line,west,north,auto,west
base_0044_candidate_05,44,True,2,cluster,north,east,auto,north
base_0045_candidate_00,45,True,2,line,north,east,auto,north
base_0046_candidate_00,46,False,3,cluster,east,north,auto,east
base_0046_candidate_01,46,False,4,cluster,north,east,auto,north
base_0046_candidate_02,46,True,2,line,north,east,auto,north
base_0047_candidate_00,47,False,2,cluster,north,east,auto,north
base_0047_candidate_01,47,True,2,line,west,north,auto,west
base_0048_candidate_00,48,False,4,cluster,south,east,auto,south
base_0048_candidate_01,48,False,3,cluster,west,north,auto,west
base_0048_candidate_02,48,True,2,cluster,east,north,auto,east
base_0049_candidate_00,49,False,3,cluster,south,east,auto,south
base_0049_candidate_01,49,True,2,cluster,north,east,auto,north
base_0050_candidate_00,50,False,2,cluster,south,east,auto,south
base_0050_candidate_01,50,True,2,line,west,north,auto,west
base_0051_candidate_00,51,False,4,cluster,south,east,auto,south
base_0051_candidate_01,51,False,3,cluster,south,east,auto,south
base_0051_candidate_02,51,False,2,cluster,west,north,auto,west
base_0051_candidate_03,51,False,3,cluster,north,east,auto,north
base_0051_candidate_04,51,False,4,cluster,east,north,auto,east
base_0051_candidate_05,51,False,4,line,east,north,auto,east
base_0051_candidate_06,51,True,3,line,south,east,auto,south
base_0052_candidate_00,52,False,4,line,south,east,auto,south
base_0052_candidate_01,52,False,2,cluster,west,north,auto,west
base_0052_candidate_02,52,False,4,cluster,north,east,auto,north
base_0052_candidate_03,52,False,4,cluster,west,north,auto,west
base_0052_candidate_04,52,False,4,cluster,south,east,auto,south
base_0052_candidate_05,52,True,2,line,west,north,auto,west
base_0053_candidate_00,53,False,4,cluster,east,north,auto,east
base_0053_candidate_01,53,False,4,cluster,north,east,auto,north
base_0053_candidate_02,53,True,2,line,north,east,auto,north
base_0054_candidate_00,54,False,2,cluster,east,north,auto,east
base_0054_candidate_01,54,False,4,cluster,north,east,auto,north
base_0054_candidate_02,54,False,4,cluster,north,east,auto,north
base_0054_candidate_03,54,True,2,cluster,east,north,auto,east
base_0055_candidate_00,55,True,2,line,east,north,auto,east
base_0056_candidate_00,56,False,3,line,north,east,auto,north
base_0056_candidate_01,56,False,4,cluster,west,north,auto,west
base_0056_candidate_02,56,False,4,cluster,south,east,auto,south
base_0056_candidate_03,56,False,4,cluster,west,north,auto,west
base_0056_candidate_04,56,False,3,cluster,east,north,auto,east
base_0056_candidate_05,56,False,4,cluster,west,north,auto,west
base_0056_candidate_06,56,False,3,line,west,north,auto,west
base_0056_candidate_07,56,True,2,line,north,east,auto,north
base_0057_candidate_00,57,False,2,cluster,south,east,auto,south
base_0057_candidate_01,57,False,4,line,east,north,auto,east
base_0057_candidate_02,57,True,2,cluster,west,north,auto,west
base_0058_candidate_00,58,True,2,cluster,south,east,auto,south
base_0059_candidate_00,59,True,2,line,east,north,auto,east
base_0060_candidate_00,60,True,2,cluster,south,east,auto,south
base_0061_candidate_00,61,False,3,line,north,east,auto,north
base_0061_candidate_01,61,False,4,cluster,west,north,auto,west
base_0061_candidate_02,61,False,4,cluster,north,east,auto,north
base_0061_candidate_03,61,False,4,cluster,east,north,auto,east
base_0061_candidate_04,61,False,2,line,south,east,auto,south
base_0061_candidate_05,61,False,4,cluster,west,north,auto,west
base_0061_candidate_06,61,True,2,line,north,east,auto,north
base_0062_candidate_00,62,True,2,line,north,east,auto,north
base_0063_candidate_00,63,True,4,line,north,east,auto,north
base_0064_candidate_00,64,False,3,cluster,east,north,auto,east
base_0064_candidate_01,64,False,4,cluster,east,north,auto,east
base_0064_candidate_02,64,True,2,cluster,south,east,auto,south
base_0065_candidate_00,65,False,2,cluster,south,east,auto,south
base_0065_candidate_01,65,True,2,cluster,east,north,auto,east
base_0066_candidate_00,66,False,3,cluster,east,north,auto,east
base_0066_candidate_01,66,True,3,line,north,east,auto,north
base_0067_candidate_00,67,False,4,line,east,north,auto,east
base_0067_candidate_01,67,False,3,cluster,north,east,auto,north
base_0067_candidate_02,67,False,3,line,west,north,auto,west
base_0067_candidate_03,67,True,3,line,west,north,auto,west
base_0068_candidate_00,68,False,4,line,east,north,auto,east
base_0068_candidate_01,68,False,4,cluster,east,north,auto,east
base_0068_candidate_02,68,False,2,line,south,east,auto,south
base_0068_candidate_03,68,True,2,line,west,north,auto,west
base_0069_candidate_00,69,False,3,cluster,east,north,auto,east
base_0069_candidate_01,69,True,3,line,north,east,auto,north
base_0070_candidate_00,70,True,3,line,south,east,auto,south
base_0071_candidate_00,71,False,4,cluster,east,north,auto,east
base_0071_candidate_01,71,False,2,cluster,west,north,auto,west
base_0071_candidate_02,71,False,3,cluster,east,north,auto,east
base_0071_candidate_03,71,False,2,cluster,north,east,auto,north
base_0071_candidate_04,71,True,2,cluster,south,east,auto,south
base_0072_candidate_00,72,False,4,cluster,south,east,auto,south
base_0072_candidate_01,72,False,4,cluster,south,east,auto,south
base_0072_candidate_02,72,False,4,line,west,north,auto,west
base_0072_candidate_03,72,False,2,line,east,north,auto,east
base_0072_candidate_04,72,False,3,line,west,north,auto,west
base_0072_candidate_05,72,False,4,cluster,west,north,auto,west
base_0072_candidate_06,72,True,3,cluster,west,north,auto,west
base_0073_candidate_00,73,False,4,cluster,east,north,auto,east
base_0073_candidate_01,73,False,4,line,south,east,auto,south
base_0073_candidate_02,73,False,3,cluster,north,east,auto,north
base_0073_candidate_03,73,False,3,line,north,east,auto,north
base_0073_candidate_04,73,True,2,line,west,north,auto,west
base_0074_candidate_00,74,False,3,line,east,north,auto,east
base_0074_candidate_01,74,False,3,cluster,south,east,auto,south
base_0074_candidate_02,74,False,4,cluster,north,east,auto,north
base_0074_candidate_03,74,False,3,cluster,west,north,auto,west
base_0074_candidate_04,74,False,3,cluster,south,east,auto,south
base_0074_candidate_05,74,False,4,line,west,north,auto,west
base_0074_candidate_06,74,True,2,cluster,east,north,auto,east
base_0075_candidate_00,75,False,3,line,east,north,auto,east
base_0075_candidate_01,75,False,4,line,east,north,auto,east
base_0075_candidate_02,75,False,4,line,north,east,auto,north
base_0075_candidate_03,75,True,3,line,north,east,auto,north
base_0076_candidate_00,76,False,3,cluster,east,north,auto,east
base_0076_candidate_01,76,False,3,cluster,west,north,auto,west
base_0076_candidate_02,76,False,3,cluster,west,north,auto,west
base_0076_candidate_03,76,False,3,cluster,south,east,auto,south
base_0076_candidate_04,76,True,2,line,east,north,auto,east
base_0077_candidate_00,77,True,3,line,east,north,auto,east
base_0078_candidate_00,78,False,2,line,south,east,auto,south
base_0078_candidate_01,78,True,2,line,east,north,auto,east
base_0079_candidate_00,79,False,3,line,east,north,auto,east
base_0079_candidate_01,79,False,4,line,west,north,auto,west
base_0079_candidate_02,79,True,2,line,east,north,auto,east
base_0080_candidate_00,80,True,2,cluster,north,east,auto,north
base_0081_candidate_00,81,False,2,line,east,north,auto,east
base_0081_candidate_01,81,True,2,line,south,east,auto,south
base_0082_candidate_00,82,False,4,cluster,south,east,auto,south
base_0082_candidate_01,82,False,3,line,east,north,auto,east
base_0082_candidate_02,82,False,3,cluster,east,north,auto,east
base_0082_candidate_03,82,False,3,line,south,east,auto,south
base_0082_candidate_04,82,False,4,line,east,north,auto,east
base_0082_candidate_05,82,False,4,line,west,north,auto,west
base_0082_candidate_06,82,False,3,cluster,west,north,auto,west
base_0082_candidate_07,82,False,4,cluster,west,north,auto,west
base_0082_candidate_08,82,False,3,cluster,south,east,auto,south
base_0082_candidate_09,82,True,4,line,south,east,auto,south
base_0083_candidate_00,83,False,4,cluster,east,north,auto,east
base_0083_candidate_01,83,False,3,cluster,south,east,auto,south
base_0083_candidate_02,83,True,2,line,north,east,auto,north
base_0084_candidate_00,84,True,2,cluster,north,east,auto,north
base_0085_candidate_00,85,False,3,cluster,east,north,auto,east
base_0085_candidate_01,85,False,3,cluster,north,east,auto,north
base_0085_candidate_02,85,False,3,cluster,west,north,auto,west
base_0085_candidate_03,85,False,3,cluster,north,east,auto,north
base_0085_candidate_04,85,False,3,cluster,south,east,auto,south
base_0085_candidate_05,85,False,3,line,west,north,auto,west
base_0085_candidate_06,85,True,2,line,east,north,auto,east
base_0086_candidate_00,86,False,4,cluster,east,north,auto,east
base_0086_candidate_01,86,True,2,line,east,north,auto,east
base_0087_candidate_00,87,True,2,line,north,east,auto,north
base_0088_candidate_00,88,True,2,line,south,east,auto,south
base_0089_candidate_00,89,False,4,line,east,north,auto,east
base_0089_candidate_01,89,True,2,cluster,west,north,auto,west
base_0090_candidate_00,90,False,3,cluster,east,north,auto,east
base_0090_candidate_01,90,False,4,line,south,east,auto,south
base_0090_candidate_02,90,False,3,cluster,north,east,auto,north
base_0090_candidate_03,90,False,4,cluster,south,east,auto,south
base_0090_candidate_04,90,False,4,cluster,south,east,auto,south
base_0090_candidate_05,90,True,2,line,east,north,auto,east
base_0091_candidate_00,91,True,2,cluster,west,north,auto,west
base_0092_candidate_00,92,True,2,cluster,north,east,auto,north
base_0093_candidate_00,93,False,2,cluster,south,east,auto,south
base_0093_candidate_01,93,False,3,line,north,east,auto,north
base_0093_candidate_02,93,True,2,cluster,west,north,auto,west
base_0094_candidate_00,94,True,3,line,south,east,auto,south
base_0095_candidate_00,95,False,4,cluster,south,east,auto,south
base_0095_candidate_01,95,True,2,cluster,west,north,auto,west
base_0096_candidate_00,96,False,3,cluster,north,east,auto,north
base_0096_candidate_01,96,False,4,cluster,east,north,auto,east
base_0096_candidate_02,96,True,2,line,north,east,auto,north
base_0097_candidate_00,97,False,3,line,west,north,auto,west
base_0097_candidate_01,97,False,3,cluster,north,east,auto,north
base_0097_candidate_02,97,True,2,line,north,east,auto,north
base_0098_candidate_00,98,False,2,cluster,north,east,auto,north
base_0098_candidate_01,98,False,3,line,west,north,auto,west
base_0098_candidate_02,98,False,3,line,east,north,auto,east
base_0098_candidate_03,98,True,2,line,south,east,auto,south
base_0099_candidate_00,99,True,2,cluster,south,east,auto,south
base_0100_candidate_00,100,True,2,cluster,north,east,auto,north
base_0101_candidate_00,101,False,4,cluster,east,north,auto,east
base_0101_candidate_01,101,False,3,cluster,west,north,auto,west
base_0101_candidate_02,101,False,4,line,north,east,auto,north
base_0101_candidate_03,101,False,2,cluster,north,east,auto,north
base_0101_candidate_04,101,False,3,line,south,east,auto,south
base_0101_candidate_05,101,False,2,cluster,south,east,auto,south
base_0101_candidate_06,101,True,2,line,south,east,auto,south
base_0102_candidate_00,102,False,3,line,east,north,auto,east
base_0102_candidate_01,102,False,4,line,south,east,auto,south
base_0102_candidate_02,102,False,3,cluster,south,east,auto,south
base_0102_candidate_03,102,True,3,line,north,east,auto,north
base_0103_candidate_00,103,False,2,line,east,north,auto,east
base_0103_candidate_01,103,False,4,line,north,east,auto,north
base_0103_candidate_02,103,False,2,cluster,south,east,auto,south
base_0103_candidate_03,103,False,4,cluster,east,north,auto,east
base_0103_candidate_04,103,False,3,line,south,east,auto,south
base_0103_candidate_05,103,False,4,cluster,north,east,auto,north
base_0103_candidate_06,103,True,2,cluster,west,north,auto,west
base_0104_candidate_00,104,False,4,cluster,north,east,auto,north
base_0104_candidate_01,104,True,3,line,west,north,auto,west
base_0105_candidate_00,105,False,4,cluster,south,east,auto,south
base_0105_candidate_01,105,False,4,line,north,east,auto,north
base_0105_candidate_02,105,False,3,line,west,north,auto,west
base_0105_candidate_03,105,False,4,cluster,west,north,auto,west
base_0105_candidate_04,105,False,4,line,north,east,auto,north
base_0105_candidate_05,105,False,4,line,west,north,auto,west
base_0105_candidate_06,105,True,2,cluster,east,north,auto,east
base_0106_candidate_00,106,False,2,line,north,east,auto,north
base_0106_candidate_01,106,True,2,cluster,west,north,auto,west
base_0107_candidate_00,107,False,2,line,south,east,auto,south
base_0107_candidate_01,107,False,3,line,west,north,auto,west
base_0107_candidate_02,107,False,4,line,south,east,auto,south
base_0107_candidate_03,107,False,3,line,west,north,auto,west
base_0107_candidate_04,107,True,2,line,north,east,auto,north
base_0108_candidate_00,108,True,3,line,south,east,auto,south
base_0109_candidate_00,109,False,2,cluster,south,east,auto,south
base_0109_candidate_01,109,False,4,cluster,north,east,auto,north
base_0109_candidate_02,109,False,3,line,west,north,auto,west
base_0109_candidate_03,109,False,3,cluster,north,east,auto,north
base_0109_candidate_04,109,False,3,cluster,south,east,auto,south
base_0109_candidate_05,109,False,4,line,south,east,auto,south
base_0109_candidate_06,109,False,4,line,east,north,auto,east
base_0109_candidate_07,109,False,3,line,west,north,auto,west
base_0109_candidate_08,109,False,3,line,west,north,auto,west
base_0109_candidate_09,109,True,2,cluster,east,north,auto,east
base_0110_candidate_00,110,False,3,cluster,west,north,auto,west
base_0110_candidate_01,110,False,3,cluster,east,north,auto,east
base_0110_candidate_02,110,False,3,cluster,south,east,auto,south
base_0110_candidate_03,110,True,2,line,north,east,auto,north
base_0111_candidate_00,111,True,2,line,north,east,auto,north
base_0112_candidate_00,112,False,3,cluster,north,east,auto,north
base_0112_candidate_01,112,False,2,cluster,west,north,auto,west
base_0112_candidate_02,112,False,3,line,east,north,auto,east
base_0112_candidate_03,112,True,2,cluster,north,east,auto,north
base_0113_candidate_00,113,False,2,line,west,north,auto,west
base_0113_candidate_01,113,True,2,cluster,south,east,auto,south
base_0114_candidate_00,114,False,4,line,east,north,auto,east
base_0114_candidate_01,114,False,2,cluster,west,north,auto,west
base_0114_candidate_02,114,True,2,line,north,east,auto,north
base_0115_candidate_00,115,True,2,cluster,south,east,auto,south
base_0116_candidate_00,116,False,4,line,north,east,auto,north
base_0116_candidate_01,116,True,3,cluster,west,north,auto,west
base_0117_candidate_00,117,True,2,cluster,north,east,auto,north
base_0118_candidate_00,118,False,3,cluster,east,north,auto,east
base_0118_candidate_01,118,True,2,line,west,north,auto,west
base_0119_candidate_00,119,True,2,cluster,east,north,auto,east
base_0120_candidate_00,120,False,2,cluster,east,north,auto,east
base_0120_candidate_01,120,False,4,line,east,north,auto,east
base_0120_candidate_02,120,False,4,cluster,north,east,auto,north
base_0120_candidate_03,120,False,3,cluster,south,east,auto,south
base_0120_candidate_04,120,True,2,line,north,east,auto,north
base_0121_candidate_00,121,True,2,cluster,north,east,auto,north
base_0122_candidate_00,122,True,2,line,east,north,auto,east
base_0123_candidate_00,123,False,3,cluster,north,east,auto,north
base_0123_candidate_01,123,True,2,line,west,north,auto,west
base_0124_candidate_00,124,False,4,line,south,east,auto,south
base_0124_candidate_01,124,False,4,cluster,east,north,auto,east
base_0124_candidate_02,124,True,2,cluster,south,east,auto,south
base_0125_candidate_00,125,True,2,line,north,east,auto,north
base_0126_candidate_00,126,True,3,line,north,east,auto,north
base_0127_candidate_00,127,True,2,line,south,east,auto,south
base_0128_candidate_00,128,False,3,cluster,east,north,auto,east
base_0128_candidate_01,128,False,4,cluster,north,east,auto,north
base_0128_candidate_02,128,False,4,cluster,east,north,auto,east
base_0128_candidate_03,128,False,4,cluster,west,north,auto,west
base_0128_candidate_04,128,False,3,line,west,north,auto,west
base_0128_candidate_05,128,False,4,cluster,west,north,auto,west
base_0128_candidate_06,128,True,3,line,north,east,auto,north
base_0129_candidate_00,129,True,2,line,south,east,auto,south
