candidate_id,N,formation,entry_side,resolved_axis,joint_status,recon_status,first_violation_phase,all_violating_phases,approach_min_pair,approach_min_distance_m,observe_min_pair,observe_min_distance_m,return_min_pair,return_min_distance_m,strip_width_m,configured_lane_spacing_m,actual_lane_spacing_m
base_0000_candidate_00,3,line,west,north,planning_rejected,planning_rejected,observe,observe|return,uav_01|uav_03,7.370085024210082,uav_01|uav_02,3.785046136701911,uav_01|uav_03,6.562159123929012,7.570092273403822,4.0,3.785046136701911
base_0002_candidate_00,4,line,west,north,planning_rejected,planning_rejected,approach,approach|observe|return,uav_01|uav_03,5.1634565773418375,uav_01|uav_03,3.09749502576007,uav_01|uav_03,5.67825883158557,6.194990051520142,4.0,3.097495025760071
base_0002_candidate_01,3,line,west,north,planning_rejected,planning_rejected,observe,observe,uav_02|uav_03,8.833927932713966,uav_02|uav_03,5.918826857338484,uav_02|uav_03,8.734263682122537,8.87824028600773,4.0,2.9594134286692433
base_0002_candidate_02,3,cluster,north,east,planning_rejected,planning_rejected,approach,approach,uav_02|uav_03,2.9865512044470774,uav_01|uav_03,7.6005391026421965,,,11.400808653963296,4.0,3.8002695513210987
base_0002_candidate_04,3,cluster,south,east,planning_rejected,planning_rejected,observe,observe,uav_01|uav_02,7.973820538691063,uav_01|uav_03,6.714152283265355,,,10.071228424898033,4.0,3.3570761416326778
base_0003_candidate_00,3,line,south,east,planning_rejected,planned,,,uav_01|uav_03,9.536688455997046,uav_01|uav_02,10.153620598076728,,,13.538160797435639,4.0,3.3845401993589097
base_0004_candidate_00,4,cluster,west,north,planning_rejected,planning_rejected,approach,approach|observe|return,uav_01|uav_03,3.948004972249807,uav_01|uav_02,2.5599411271014088,uav_01|uav_03,0.09395606509198594,5.1198822542028175,4.0,2.5599411271014088
base_0004_candidate_01,3,cluster,west,north,planning_rejected,planning_rejected,approach,approach|observe|return,uav_02|uav_03,3.8852622396896694,uav_02|uav_03,6.660477991559504,uav_02|uav_03,4.5637051601324945,9.990716987339257,4.0,3.330238995779752
base_0004_candidate_02,3,cluster,south,east,planning_rejected,planning_rejected,approach,approach|return,uav_01|uav_02,5.291374481527128,uav_01|uav_02,9.678466181886787,uav_01|uav_03,6.0491186026707195,12.904621575849049,4.0,3.2261553939622623
base_0004_candidate_03,3,cluster,east,north,planning_rejected,planning_rejected,approach,approach|observe,uav_02|uav_03,4.1070740451678915,uav_01|uav_02,3.4011999027989566,,,6.802399805597916,4.0,3.401199902798958
base_0004_candidate_04,4,cluster,north,east,planning_rejected,planning_rejected,approach,approach|observe|return,uav_03|uav_04,3.1498868834430698,uav_01|uav_02,5.454512177100758,uav_03|uav_04,0.3421671749598532,8.18176826565114,4.0,2.72725608855038
base_0004_candidate_05,4,line,north,east,planning_rejected,planned,,,uav_03|uav_04,9.669248475075543,uav_01|uav_02,9.296154289074252,uav_01|uav_02,9.8911746856417,12.394872385432336,4.0,3.098718096358084
base_0004_candidate_06,3,cluster,south,east,planning_rejected,planning_rejected,observe,observe,uav_01|uav_02,8.032273595839989,uav_02|uav_03,6.80656388647603,,,10.209845829714046,4.0,3.4032819432380155
base_0005_candidate_00,4,cluster,north,east,planning_rejected,planning_rejected,approach,approach|observe|return,uav_03|uav_04,6.029500249483186,uav_02|uav_04,6.556888598364684,uav_02|uav_04,0.19577700628162803,9.835332897547026,4.0,3.278444299182342
base_0005_candidate_01,3,line,north,east,planning_rejected,planned,,,uav_02|uav_03,8.435640126796807,uav_02|uav_03,7.938805435090323,,,11.908208152635487,4.0,3.969402717545162
base_0005_candidate_02,4,cluster,west,north,planning_rejected,planning_rejected,approach,approach|observe,uav_01|uav_02,3.6120613841757487,uav_02|uav_03,3.820891697149288,,,7.641783394298576,4.0,3.820891697149288
base_0007_candidate_00,3,cluster,south,east,planning_rejected,planning_rejected,approach,approach,uav_02|uav_03,5.040444430434337,uav_01|uav_02,9.899650747717248,,,13.199534330289664,4.0,3.299883582572416
base_0008_candidate_00,3,cluster,north,east,planning_rejected,planning_rejected,return,return,uav_01|uav_03,7.474739952483824,uav_01|uav_03,10.626842070094868,uav_01|uav_02,6.591236021262526,14.169122760126493,4.0,3.5422806900316233
base_0009_candidate_00,3,cluster,south,east,planning_rejected,planning_rejected,approach,approach|return,uav_02|uav_03,1.4424574708051103,uav_02|uav_03,11.582932216405284,uav_02|uav_03,5.643638446455213,15.443909621873715,4.0,3.8609774054684287
base_0009_candidate_01,4,cluster,east,north,planning_rejected,planning_rejected,approach,approach|observe,uav_03|uav_04,6.728091478079066,uav_01|uav_04,3.372036536607534,,,6.744073073215068,4.0,3.372036536607534
base_0009_candidate_02,4,cluster,west,north,planning_rejected,planning_rejected,approach,approach|observe,uav_01|uav_03,6.853022449172071,uav_01|uav_03,3.914990288281688,,,7.8299805765633765,4.0,3.9149902882816883
base_0009_candidate_03,3,line,west,north,planning_rejected,planning_rejected,observe,observe,uav_01|uav_02,8.186626789248857,uav_01|uav_02,5.597002591064005,uav_01|uav_02,8.316460926901069,8.395503886596009,4.0,2.7985012955320028
base_0011_candidate_00,3,cluster,south,east,planning_rejected,planning_rejected,approach,approach|return,uav_02|uav_03,3.054762361519694,uav_01|uav_02,9.080644188813878,uav_02|uav_03,5.956007119878497,12.10752558508517,4.0,3.0268813962712926
base_0011_candidate_01,4,line,north,east,planning_rejected,planning_rejected,observe,observe,uav_01|uav_03,8.473014358321434,uav_01|uav_03,6.967731604554089,,,10.451597406831134,4.0,3.4838658022770446
base_0011_candidate_02,3,line,west,north,planning_rejected,planning_rejected,observe,observe,uav_02|uav_03,7.386926211493497,uav_01|uav_02,5.659230342773062,uav_01|uav_02,8.488845514159593,8.488845514159594,4.0,2.8296151713865316
base_0011_candidate_03,4,line,west,north,planning_rejected,planning_rejected,approach,approach|observe,uav_01|uav_02,4.970721075810787,uav_01|uav_04,2.520430577608167,,,5.040861155216337,4.0,2.5204305776081686
base_0011_candidate_04,4,cluster,south,east,planning_rejected,planning_rejected,approach,approach|observe|return,uav_01|uav_04,4.4632862670156035,uav_02|uav_03,6.880481724238441,uav_01|uav_04,0.105541830801423,10.320722586357665,4.0,3.4402408621192215
base_0011_candidate_05,4,cluster,north,east,planning_rejected,planning_rejected,approach,approach|return,uav_03|uav_04,5.473046317987109,uav_02|uav_03,7.3501237156924955,uav_03|uav_04,2.758563659520812,11.025185573538746,4.0,3.6750618578462486
base_0011_candidate_06,4,line,north,east,planning_rejected,planning_rejected,observe,observe,uav_03|uav_04,7.525043552127552,uav_01|uav_03,3.776670256716794,,,7.553340513433588,4.0,3.776670256716794
base_0011_candidate_07,3,line,east,north,planning_rejected,planned,,,uav_01|uav_03,8.772774319617437,uav_01|uav_02,7.385454433386244,,,11.078181650079367,4.0,3.692727216693122
base_0013_candidate_00,4,line,south,east,planning_rejected,planning_rejected,observe,observe,uav_02|uav_03,8.512616176339083,uav_01|uav_04,6.062398483977793,,,9.093597725966694,4.0,3.031199241988898
base_0013_candidate_01,4,cluster,east,north,planning_rejected,planning_rejected,approach,approach|observe,uav_01|uav_02,3.2387311816079896,uav_01|uav_02,2.65082762066255,,,5.301655241325099,4.0,2.6508276206625494
base_0016_candidate_01,3,cluster,north,east,planning_rejected,planning_rejected,approach,approach,uav_01|uav_03,4.749098234937997,uav_01|uav_03,9.32384410493654,,,12.43179213991539,4.0,3.1079480349788473
base_0018_candidate_00,3,line,west,north,planning_rejected,planning_rejected,approach,approach|observe,uav_01|uav_02,6.317067177399093,uav_01|uav_02,3.4536247070951376,,,6.907249414190275,4.0,3.4536247070951376
base_0018_candidate_01,4,cluster,south,east,planning_rejected,planning_rejected,approach,approach|observe|return,uav_01|uav_04,2.3576287680939054,uav_01|uav_03,3.801686572189137,uav_01|uav_04,0.1218434068001287,7.603373144378275,4.0,3.8016865721891375
base_0018_candidate_02,4,line,south,east,accepted,planned,,,uav_02|uav_04,9.394232591979868,uav_01|uav_03,7.109272179571596,,,10.663908269357396,4.0,3.5546360897857987
base_0020_candidate_00,3,cluster,south,east,planning_rejected,planned,,,uav_02|uav_03,8.33684858153969,uav_01|uav_02,9.267548925452983,uav_02|uav_03,8.78913573417107,12.35673190060398,4.0,3.089182975150995
base_0021_candidate_00,4,line,south,east,planning_rejected,planning_rejected,observe,observe,uav_03|uav_04,8.156298934865779,uav_01|uav_03,6.4296360809846895,,,9.644454121477036,4.0,3.214818040492345
base_0021_candidate_01,4,line,north,east,planning_rejected,planned,,,uav_01|uav_02,9.00787306004435,uav_01|uav_02,7.407997452901714,uav_03|uav_04,9.408542717958976,11.111996179352577,4.0,3.703998726450859
base_0021_candidate_02,3,cluster,east,north,planning_rejected,planning_rejected,approach,approach|observe|return,uav_02|uav_03,5.4998112043695535,uav_01|uav_02,3.6556254673293047,uav_02|uav_03,6.07891162947106,7.3112509346586085,4.0,3.6556254673293043
base_0021_candidate_03,3,cluster,east,north,planning_rejected,planning_rejected,approach,approach|observe,uav_02|uav_03,5.181849754136525,uav_01|uav_03,5.967800044794058,,,8.951700067191089,4.0,2.98390002239703
base_0022_candidate_00,3,cluster,south,east,planning_rejected,planning_rejected,approach,approach|return,uav_01|uav_03,4.111641619004073,uav_01|uav_03,10.227433229929417,uav_01|uav_03,2.368504713720428,13.63657763990589,4.0,3.4091444099764723
base_0022_candidate_01,4,cluster,west,north,planning_rejected,planning_rejected,approach,approach|observe|return,uav_02|uav_04,3.974351775142377,uav_01|uav_02,5.783114310375021,uav_03|uav_04,1.7189937332848788,8.674671465562533,4.0,2.891557155187511
base_0022_candidate_02,3,cluster,east,north,planning_rejected,planning_rejected,approach,approach|observe|return,uav_02|uav_03,2.4763054715284234,uav_01|uav_03,6.068951236163472,uav_01|uav_03,5.426488398569806,9.103426854245212,4.0,3.0344756180817374
base_0024_candidate_00,3,line,west,north,planning_rejected,planning_rejected,observe,observe,uav_01|uav_03,7.3215523930783295,uav_01|uav_03,3.8876137225404466,uav_01|uav_03,7.753325132566236,7.775227445080893,4.0,3.8876137225404466
base_0025_candidate_01,4,cluster,east,north,planning_rejected,planning_rejected,approach,approach|observe,uav_01|uav_04,3.898938126363916,uav_02|uav_04,3.9072490783634954,,,7.814498156726993,4.0,3.9072490783634963
base_0025_candidate_02,3,line,west,north,planning_rejected,planned,,,uav_01|uav_02,9.273614614625028,uav_01|uav_02,7.533884206763247,uav_01|uav_02,9.399220346765796,11.30082631014487,4.0,3.7669421033816235
base_0025_candidate_03,3,cluster,west,north,planning_rejected,planning_rejected,approach,approach|observe,uav_02|uav_03,1.9925628644318205,uav_02|uav_03,3.680337370404837,,,7.360674740809675,4.0,3.6803373704048377
base_0025_candidate_04,4,line,east,north,planning_rejected,planning_rejected,observe,observe,uav_02|uav_04,8.179671616768323,uav_02|uav_04,5.502686765167599,,,8.2540301477514,4.0,2.7513433825838
base_0029_candidate_00,3,cluster,south,east,planning_rejected,planning_rejected,approach,approach,uav_01|uav_03,6.167336232752099,uav_01|uav_02,7.250392469910615,,,10.875588704865924,4.0,3.625196234955308
base_0035_candidate_02,4,cluster,south,east,planning_rejected,planning_rejected,approach,approach|observe,uav_02|uav_04,3.5694679841524257,uav_01|uav_03,5.599111499034564,,,8.39866724855185,4.0,2.7995557495172836
base_0036_candidate_01,4,line,south,east,accepted,planned,,,uav_02|uav_04,10.494262193231338,uav_01|uav_03,7.065040801452319,uav_01|uav_03,10.522533512024891,10.597561202178479,4.0,3.5325204007261597
base_0037_candidate_00,3,line,west,north,planning_rejected,planning_rejected,observe,observe,uav_02|uav_03,7.582795865705053,uav_02|uav_03,6.397257762417832,,,9.595886643626748,4.0,3.1986288812089163
base_0038_candidate_00,3,cluster,south,east,planning_rejected,planning_rejected,return,return,uav_01|uav_03,10.453391065758847,uav_01|uav_03,11.999964547253462,uav_01|uav_03,4.430823522708317,15.999952729671287,4.0,3.999988182417822
base_0039_candidate_00,4,cluster,west,north,planning_rejected,planning_rejected,approach,approach|observe|return,uav_01|uav_03,6.003235163228997,uav_01|uav_04,3.5882433085831043,uav_01|uav_03,2.934663961687701,7.176486617166212,4.0,3.588243308583106
base_0039_candidate_01,3,cluster,east,north,planning_rejected,planning_rejected,approach,approach|observe|return,uav_01|uav_03,4.2400714997740465,uav_01|uav_03,6.166474225524667,uav_01|uav_03,4.767845880974871,9.249711338287002,4.0,3.0832371127623337
base_0039_candidate_02,3,line,south,east,planning_rejected,planning_rejected,approach,approach,uav_01|uav_02,6.137123162661461,uav_01|uav_02,11.906435946533321,,,15.875247928711097,4.0,3.9688119821777743
base_0040_candidate_00,4,line,north,east,planning_rejected,planning_rejected,observe,observe,uav_03|uav_04,8.219692590153134,uav_01|uav_02,5.490668222813566,uav_01|uav_02,7.857370992729563,8.23600233422035,4.0,2.7453341114067835
base_0040_candidate_01,4,cluster,north,east,planning_rejected,planning_rejected,approach,approach|observe,uav_02|uav_04,4.232745675348957,uav_02|uav_03,6.827970049050238,,,10.24195507357536,4.0,3.41398502452512
base_0041_candidate_00,4,cluster,north,east,planning_rejected,planning_rejected,approach,approach|return,uav_01|uav_03,2.3699798105253054,uav_01|uav_02,7.223388296283057,uav_01|uav_03,0.3790057421353247,10.835082444424586,4.0,3.611694148141529
base_0043_candidate_00,4,line,south,east,planning_rejected,planning_rejected,observe,observe,uav_02|uav_04,7.715535200739859,uav_01|uav_02,6.261809422421845,,,9.392714133632767,4.0,3.1309047112109223
base_0044_candidate_00,3,cluster,north,east,planning_rejected,planning_rejected,approach,approach|return,uav_01|uav_02,5.060427637760709,uav_01|uav_03,11.85183605714076,uav_01|uav_02,6.899106752403128,15.802448076187682,4.0,3.9506120190469205
base_0044_candidate_01,3,line,east,north,planning_rejected,planning_rejected,observe,observe,uav_01|uav_02,7.385376930707815,uav_01|uav_02,3.692688465353907,,,7.385376930707815,4.0,3.6926884653539074
base_0044_candidate_02,3,cluster,north,east,planning_rejected,planning_rejected,approach,approach,uav_02|uav_03,4.219148639129813,uav_01|uav_02,11.173884882067505,,,14.898513176090006,4.0,3.7246282940225015
base_0044_candidate_03,4,line,east,north,planning_rejected,planning_rejected,observe,observe,uav_01|uav_04,7.38343785547598,uav_01|uav_03,3.71910326864678,uav_01|uav_04,7.423704722684373,7.43820653729356,4.0,3.71910326864678
base_0044_candidate_04,4,line,west,north,planning_rejected,planning_rejected,approach,approach|observe,uav_02|uav_03,6.910608323733843,uav_01|uav_04,3.8437463023151963,uav_02|uav_03,7.407046192734955,7.687492604630392,4.0,3.843746302315196
base_0046_candidate_00,3,cluster,east,north,planning_rejected,planning_rejected,approach,approach|observe|return,uav_01|uav_02,3.9812072310988094,uav_01|uav_02,5.494316092175112,uav_01|uav_02,0.32110397828513443,8.241474138262669,4.0,2.747158046087556
base_0046_candidate_01,4,cluster,north,east,planning_rejected,planning_rejected,approach,approach,uav_01|uav_02,4.604297041723881,uav_01|uav_02,7.719896914051105,,,11.579845371076658,4.0,3.8599484570255527
base_0048_candidate_00,4,cluster,south,east,planning_rejected,planning_rejected,approach,approach|return,uav_02|uav_03,4.338217458177357,uav_01|uav_03,7.881871778459777,uav_01|uav_03,1.3804426494442184,11.822807667689666,4.0,3.940935889229889
base_0048_candidate_01,3,cluster,west,north,planning_rejected,planning_rejected,approach,approach|observe|return,uav_01|uav_02,6.600582290544291,uav_01|uav_02,3.6321605377519006,uav_02|uav_03,0.3735011003729439,7.264321075503802,4.0,3.632160537751901
base_0049_candidate_00,3,cluster,south,east,planning_rejected,planning_rejected,approach,approach|return,uav_01|uav_02,5.779719451528792,uav_01|uav_02,7.642473048011169,uav_01|uav_03,2.9092282185220135,11.463709572016754,4.0,3.8212365240055846
base_0051_candidate_00,4,cluster,south,east,planning_rejected,planning_rejected,approach,approach|observe,uav_01|uav_03,3.5240408152730094,uav_01|uav_04,5.806184129377344,,,8.709276194066017,4.0,2.9030920646886726
base_0051_candidate_01,3,cluster,south,east,planning_rejected,planning_rejected,approach,approach,uav_01|uav_02,4.922596817324014,uav_01|uav_02,11.53647281275198,,,15.381963750335975,4.0,3.845490937583994
base_0051_candidate_03,3,cluster,north,east,planning_rejected,planning_rejected,approach,approach|return,uav_01|uav_03,2.093106183296057,uav_01|uav_02,13.209894420484693,uav_01|uav_03,5.55670045468395,16.51236802560587,4.0,3.302473605121174
base_0051_candidate_04,4,cluster,east,north,planning_rejected,planning_rejected,approach,approach|observe|return,uav_02|uav_04,4.099224942767158,uav_02|uav_03,5.500716797246153,uav_02|uav_03,1.7706238556953493,8.25107519586923,4.0,2.7503583986230766
base_0051_candidate_05,4,line,east,north,planning_rejected,planning_rejected,approach,approach|observe,uav_02|uav_03,6.578769932171882,uav_03|uav_04,3.2893849660859407,,,6.578769932171882,4.0,3.289384966085941
base_0052_candidate_00,4,line,south,east,planning_rejected,planning_rejected,approach,approach,uav_02|uav_04,5.242322061471491,uav_01|uav_03,7.694866597719226,uav_02|uav_04,9.516818391910705,11.542299896578841,4.0,3.8474332988596136
base_0052_candidate_02,4,cluster,north,east,planning_rejected,planning_rejected,approach,approach|observe,uav_03|uav_04,4.760755262163071,uav_01|uav_04,3.8943055972505785,,,7.788611194501157,4.0,3.8943055972505785
base_0052_candidate_03,4,cluster,west,north,planning_rejected,planning_rejected,approach,approach|observe|return,uav_01|uav_02,3.1017121961276417,uav_01|uav_02,3.6747695141768304,uav_01|uav_03,1.760865457050575,7.349539028353661,4.0,3.6747695141768304
base_0052_candidate_04,4,cluster,south,east,planning_rejected,planning_rejected,approach,approach|observe,uav_01|uav_03,1.612554599562306,uav_01|uav_03,6.356822499066713,,,9.53523374860007,4.0,3.1784112495333567
base_0053_candidate_00,4,cluster,east,north,planning_rejected,planning_rejected,approach,approach|observe,uav_01|uav_02,3.773441108462354,uav_01|uav_03,3.8850137136593865,,,7.770027427318774,4.0,3.885013713659387
base_0053_candidate_01,4,cluster,north,east,planning_rejected,planning_rejected,approach,approach|return,uav_03|uav_04,2.1671765783979025,uav_01|uav_04,7.871187169705095,uav_01|uav_04,3.3664265507133906,11.806780754557645,4.0,3.935593584852548
base_0054_candidate_01,4,cluster,north,east,planning_rejected,planning_rejected,approach,approach|observe|return,uav_01|uav_02,4.958513828147342,uav_01|uav_02,6.778387091282097,uav_03|uav_04,4.229133836081414,10.167580636923146,4.0,3.389193545641049
base_0054_candidate_02,4,cluster,north,east,planning_rejected,planning_rejected,approach,approach|observe|return,uav_02|uav_03,4.490995810096714,uav_01|uav_04,6.298769955414073,uav_01|uav_02,4.376106650252548,9.448154933121112,4.0,3.149384977707037
base_0056_candidate_00,3,line,north,east,planning_rejected,planned,,,uav_02|uav_03,11.22546833531449,uav_01|uav_03,10.902100275611978,,,14.536133700815975,4.0,3.634033425203994
base_0056_candidate_01,4,cluster,west,north,planning_rejected,planning_rejected,approach,approach|observe,uav_03|uav_04,2.6745885519570103,uav_01|uav_03,3.7288103254318545,,,7.457620650863709,4.0,3.7288103254318545
base_0056_candidate_02,4,cluster,south,east,planning_rejected,planning_rejected,approach,approach|observe,uav_01|uav_03,5.441695436757003,uav_01|uav_03,3.8658721580254816,,,7.731744316050963,4.0,3.8658721580254816
base_0056_candidate_03,4,cluster,west,north,planning_rejected,planning_rejected,approach,approach|observe|return,uav_03|uav_04,3.5315449367696883,uav_03|uav_04,2.922067699281829,uav_03|uav_04,3.7653001390553946,5.84413539856366,4.0,2.92206769928183
base_0056_candidate_04,3,cluster,east,north,planning_rejected,planning_rejected,approach,approach|observe,uav_01|uav_02,2.384234280215343,uav_01|uav_02,5.370150654185411,,,8.055225981278118,4.0,2.685075327092706
base_0056_candidate_05,4,cluster,west,north,planning_rejected,planning_rejected,observe,observe,uav_03|uav_04,7.023308819643661,uav_03|uav_04,3.9450470094994183,,,7.890094018998837,4.0,3.9450470094994183
base_0056_candidate_06,3,line,west,north,planning_rejected,planning_rejected,observe,observe,uav_01|uav_03,8.491820888203218,uav_01|uav_02,5.819242022944085,,,8.728863034416127,4.0,2.9096210114720424
base_0057_candidate_01,4,line,east,north,planning_rejected,planning_rejected,approach,approach|observe,uav_01|uav_03,6.566224921199345,uav_02|uav_04,3.303397406097371,,,6.606794812194744,4.0,3.303397406097372
base_0061_candidate_00,3,line,north,east,planning_rejected,planned,,,uav_02|uav_03,8.060834286327106,uav_01|uav_03,11.821326650534978,,,15.76176886737997,4.0,3.9404422168449926
base_0061_candidate_01,4,cluster,west,north,planning_rejected,planning_rejected,approach,approach|observe|return,uav_03|uav_04,1.8656138140785559,uav_03|uav_04,2.701285876583727,uav_03|uav_04,3.4748072140546964,5.402571753167455,4.0,2.7012858765837273
base_0061_candidate_02,4,cluster,north,east,planning_rejected,planning_rejected,approach,approach|observe|return,uav_01|uav_03,1.140806092184609,uav_01|uav_03,3.7799259328868438,uav_01|uav_03,0.7892897503086971,7.559851865773688,4.0,3.779925932886844
base_0061_candidate_03,4,cluster,east,north,planning_rejected,planning_rejected,approach,approach|observe|return,uav_01|uav_03,0.674838845694238,uav_02|uav_04,3.1929822251105087,uav_01|uav_03,0.1663517050063093,6.385964450221017,4.0,3.1929822251105087
base_0061_candidate_05,4,cluster,west,north,planning_rejected,planning_rejected,approach,approach|observe|return,uav_03|uav_04,3.1552062130119807,uav_01|uav_02,3.88358090716158,uav_03|uav_04,4.669589792581511,7.76716181432316,4.0,3.88358090716158
base_0063_candidate_00,4,line,north,east,accepted,planned,,,uav_02|uav_04,8.958559548187482,uav_03|uav_04,7.584924827013752,,,11.377387240520632,4.0,3.792462413506877
base_0064_candidate_00,3,cluster,east,north,planning_rejected,planning_rejected,approach,approach|observe,uav_01|uav_02,4.9823360153543685,uav_01|uav_03,3.859824817461136,,,7.7196496349222725,4.0,3.8598248174611363
base_0064_candidate_01,4,cluster,east,north,planning_rejected,planning_rejected,approach,approach|observe,uav_01|uav_04,4.375170473934947,uav_01|uav_03,3.085170601180575,,,6.17034120236115,4.0,3.085170601180575
base_0066_candidate_00,3,cluster,east,north,planning_rejected,planning_rejected,approach,approach|observe|return,uav_01|uav_03,0.11687968887288246,uav_01|uav_03,6.525235274584837,uav_01|uav_03,1.3009139420477414,9.787852911877259,4.0,3.26261763729242
base_0067_candidate_00,4,line,east,north,planning_rejected,planning_rejected,observe,observe,uav_02|uav_04,7.754008247208884,uav_01|uav_03,3.8806228164105256,,,7.76124563282105,4.0,3.880622816410525
base_0067_candidate_01,3,cluster,north,east,planning_rejected,planning_rejected,approach,approach|return,uav_01|uav_03,3.899689979511679,uav_01|uav_03,11.892828692444672,uav_01|uav_03,2.0965591609668914,15.85710492325957,4.0,3.9642762308148924
base_0067_candidate_02,3,line,west,north,planning_rejected,planning_rejected,approach,approach|observe|return,uav_01|uav_02,6.487454432096207,uav_02|uav_03,3.4492145588016943,uav_01|uav_02,6.793124859504047,6.898429117603389,4.0,3.4492145588016947
base_0068_candidate_00,4,line,east,north,planning_rejected,planning_rejected,observe,observe,uav_01|uav_02,8.296937326156382,uav_03|uav_04,5.53129155077092,,,8.296937326156382,4.0,2.7656457753854604
base_0068_candidate_01,4,cluster,east,north,planning_rejected,planning_rejected,approach,approach|observe|return,uav_03|uav_04,3.7517594886814423,uav_01|uav_02,2.8286265549968057,uav_03|uav_04,4.13057030146626,5.657253109993614,4.0,2.828626554996807
base_0069_candidate_00,3,cluster,east,north,planning_rejected,planning_rejected,approach,approach|observe|return,uav_01|uav_02,2.2800061920632144,uav_02|uav_03,6.116095512936518,uav_01|uav_02,3.87219133722843,9.174143269404778,4.0,3.0580477564682593
base_0071_candidate_00,4,cluster,east,north,planning_rejected,planning_rejected,approach,approach|observe,uav_01|uav_02,2.881830458431959,uav_02|uav_03,3.144973504273505,,,6.289947008547009,4.0,3.1449735042735045
base_0071_candidate_02,3,cluster,east,north,planning_rejected,planning_rejected,approach,approach|observe|return,uav_01|uav_02,0.20373148958466178,uav_02|uav_03,6.017841758112355,uav_01|uav_02,1.70710319407372,9.026762637168533,4.0,3.0089208790561774
base_0072_candidate_00,4,cluster,south,east,planning_rejected,planning_rejected,approach,approach,uav_02|uav_04,1.6874682901854365,uav_01|uav_03,7.927911400542069,,,11.891867100813105,4.0,3.963955700271035
base_0072_candidate_01,4,cluster,south,east,planning_rejected,planning_rejected,approach,approach|observe,uav_01|uav_02,2.538761911773009,uav_02|uav_03,6.060997673270248,,,9.091496509905374,4.0,3.030498836635125
base_0072_candidate_02,4,line,west,north,planning_rejected,planning_rejected,approach,approach|observe|return,uav_01|uav_04,6.540889639398789,uav_01|uav_04,3.408456976217339,uav_02|uav_03,6.528039528090254,6.816913952434679,4.0,3.4084569762173396
base_0072_candidate_04,3,line,west,north,planning_rejected,planning_rejected,approach,approach,uav_01|uav_03,5.46551995043499,uav_01|uav_03,7.720005152958317,uav_01|uav_03,10.026728735057288,11.580007729437476,4.0,3.860002576479159
base_0072_candidate_05,4,cluster,west,north,planning_rejected,planning_rejected,approach,approach|observe,uav_03|uav_04,3.1118132778271477,uav_01|uav_02,5.417218754579952,,,8.12582813186993,4.0,2.7086093772899766
base_0073_candidate_00,4,cluster,east,north,planning_rejected,planning_rejected,approach,approach|observe,uav_01|uav_03,5.769917788502719,uav_02|uav_03,2.897235099158144,,,5.794470198316288,4.0,2.897235099158144
base_0073_candidate_01,4,line,south,east,planning_rejected,planned,,,uav_03|uav_04,9.1775420586188,uav_01|uav_02,7.271650319403867,,,10.907475479105804,4.0,3.6358251597019344
base_0073_candidate_02,3,cluster,north,east,planning_rejected,planning_rejected,approach,approach|return,uav_02|uav_03,2.598932129205951,uav_01|uav_03,11.075470264597278,uav_02|uav_03,4.671680796684722,14.767293686129705,4.0,3.691823421532426
base_0073_candidate_03,3,line,north,east,planning_rejected,planned,,,uav_01|uav_02,8.473275179380542,uav_01|uav_02,12.845665015766977,,,16.057081269708725,4.0,3.211416253941745
base_0074_candidate_00,3,line,east,north,planning_rejected,planning_rejected,observe,observe,uav_01|uav_03,8.360555456636911,uav_01|uav_02,5.613257618115347,,,8.41988642717302,4.0,2.8066288090576736
base_0074_candidate_01,3,cluster,south,east,planning_rejected,planned,,,uav_01|uav_03,8.441027661437717,uav_01|uav_03,9.499402948731195,,,12.665870598308262,4.0,3.1664676495770654
base_0074_candidate_02,4,cluster,north,east,planning_rejected,planning_rejected,approach,approach|observe|return,uav_01|uav_04,2.7261362884743705,uav_01|uav_04,6.04535484585476,uav_01|uav_04,3.103270742120254,9.068032268782144,4.0,3.0226774229273814
base_0074_candidate_03,3,cluster,west,north,planning_rejected,planning_rejected,approach,approach|observe|return,uav_02|uav_03,2.212458721377631,uav_01|uav_03,5.510332853274589,uav_02|uav_03,1.9627803668142823,8.265499279911884,4.0,2.755166426637295
base_0074_candidate_04,3,cluster,south,east,planning_rejected,planning_rejected,approach,approach|return,uav_02|uav_03,5.74703902608678,uav_01|uav_02,7.691564748916377,uav_02|uav_03,6.298932590281856,11.537347123374566,4.0,3.8457823744581887
base_0074_candidate_05,4,line,west,north,planning_rejected,planning_rejected,approach,approach|observe|return,uav_02|uav_03,5.886956231090421,uav_01|uav_02,2.985824621088593,uav_01|uav_04,5.8984407908419625,5.971649242177185,4.0,2.9858246210885926
base_0075_candidate_00,3,line,east,north,planning_rejected,planning_rejected,observe,observe,uav_02|uav_03,10.245398118881386,uav_01|uav_02,6.851121755177317,uav_01|uav_02,10.244038242148312,10.276682632765976,4.0,3.4255608775886586
base_0075_candidate_01,4,line,east,north,planning_rejected,planning_rejected,approach,approach|observe|return,uav_03|uav_04,5.053974251794298,uav_01|uav_04,2.528516733350826,uav_03|uav_04,5.03560727826914,5.057033466701652,4.0,2.528516733350826
base_0075_candidate_02,4,line,north,east,planning_rejected,planned,,,uav_01|uav_02,9.886159078235625,uav_01|uav_02,7.804028150237772,,,11.70604222535666,4.0,3.9020140751188865
base_0076_candidate_00,3,cluster,east,north,planning_rejected,planning_rejected,approach,approach|observe,uav_02|uav_03,3.8678007956840097,uav_02|uav_03,5.4299394869807385,,,8.144909230471109,4.0,2.7149697434903697
base_0076_candidate_01,3,cluster,west,north,planning_rejected,planning_rejected,observe,observe,uav_01|uav_02,8.762673978145733,uav_01|uav_03,6.560848153524832,,,9.84127223028725,4.0,3.280424076762417
base_0076_candidate_02,3,cluster,west,north,planning_rejected,planning_rejected,approach,approach|observe,uav_01|uav_02,6.890897856526466,uav_01|uav_02,3.7176860814524293,,,7.435372162904858,4.0,3.717686081452429
base_0076_candidate_03,3,cluster,south,east,planning_rejected,planning_rejected,approach,approach,uav_01|uav_03,6.607073194819478,uav_01|uav_02,7.661865973041003,,,11.492798959561505,4.0,3.8309329865205015
base_0079_candidate_00,3,line,east,north,planning_rejected,planning_rejected,observe,observe,uav_01|uav_02,7.805444884497562,uav_01|uav_03,3.9437438255119606,,,7.887487651023922,4.0,3.943743825511961
base_0079_candidate_01,4,line,west,north,planning_rejected,planning_rejected,observe,observe,uav_02|uav_04,7.153801780621433,uav_01|uav_03,5.828109797159936,uav_01|uav_03,8.69820832778744,8.742164695739904,4.0,2.914054898579968
base_0082_candidate_00,4,cluster,south,east,planning_rejected,planning_rejected,approach,approach|return,uav_01|uav_04,3.848493830864429,uav_01|uav_02,7.934775823303056,uav_01|uav_04,1.0459721452741315,11.902163734954586,4.0,3.9673879116515285
base_0082_candidate_01,3,line,east,north,planning_rejected,planning_rejected,observe,observe,uav_01|uav_02,9.222130342865865,uav_01|uav_02,6.163493188683964,uav_01|uav_02,7.266023837626247,9.245239783025946,4.0,3.081746594341982
base_0082_candidate_02,3,cluster,east,north,planning_rejected,planning_rejected,approach,approach,uav_02|uav_03,4.185155419957912,uav_01|uav_02,7.371493952237046,,,11.057240928355569,4.0,3.685746976118523
base_0082_candidate_03,3,line,south,east,planning_rejected,planning_rejected,approach,approach,uav_01|uav_03,6.021957963136373,uav_01|uav_03,13.151305510029482,,,16.439131887536856,4.0,3.287826377507371
base_0082_candidate_04,4,line,east,north,planning_rejected,planning_rejected,approach,approach|observe|return,uav_03|uav_04,6.886445468720296,uav_01|uav_02,3.4490830694930494,uav_03|uav_04,6.830071563369369,6.898166138986104,4.0,3.449083069493052
base_0082_candidate_05,4,line,west,north,planning_rejected,planning_rejected,approach,approach|observe,uav_01|uav_03,6.707884767013963,uav_01|uav_02,5.6019966010964,uav_01|uav_03,8.376461457489462,8.4029949016446,4.0,2.8009983005482
base_0082_candidate_06,3,cluster,west,north,planning_rejected,planning_rejected,approach,approach|observe,uav_01|uav_02,4.807938505501196,uav_01|uav_02,6.265905584274753,,,9.39885837641213,4.0,3.132952792137377
base_0082_candidate_07,4,cluster,west,north,planning_rejected,planning_rejected,approach,approach|observe|return,uav_01|uav_02,6.706026097312952,uav_01|uav_02,3.3710481864514463,uav_01|uav_02,2.7699065473902347,6.742096372902892,4.0,3.371048186451446
base_0082_candidate_08,3,cluster,south,east,planning_rejected,planning_rejected,approach,approach,uav_01|uav_02,5.67620683587787,uav_01|uav_03,10.291595908055957,,,13.722127877407944,4.0,3.430531969351986
base_0082_candidate_09,4,line,south,east,accepted,planned,,,uav_02|uav_04,11.32893733053061,uav_01|uav_02,7.671208921341281,,,11.506813382011925,4.0,3.8356044606706416
base_0083_candidate_00,4,cluster,east,north,planning_rejected,planning_rejected,approach,approach|observe,uav_02|uav_04,2.9949194196711804,uav_02|uav_04,3.2705185088552255,,,6.541037017710455,4.0,3.2705185088552273
base_0083_candidate_01,3,cluster,south,east,planning_rejected,planning_rejected,approach,approach|return,uav_02|uav_03,0.8128320545388054,uav_02|uav_03,9.874432287705453,uav_02|uav_03,3.258251832246748,13.16590971694061,4.0,3.2914774292351523
base_0085_candidate_00,3,cluster,east,north,planning_rejected,planning_rejected,approach,approach,uav_01|uav_03,5.792616022937658,uav_01|uav_03,7.363287457473079,,,11.044931186209622,4.0,3.6816437287365407
base_0085_candidate_01,3,cluster,north,east,planning_rejected,planned,,,uav_01|uav_03,7.036937081642806,uav_01|uav_03,11.860610860412983,,,15.814147813883983,4.0,3.9535369534709957
base_0085_candidate_02,3,cluster,west,north,planning_rejected,planning_rejected,approach,approach|observe|return,uav_02|uav_03,3.011614202893246,uav_01|uav_02,3.4087622314513446,uav_02|uav_03,0.09128655298335721,6.81752446290269,4.0,3.408762231451345
base_0085_candidate_03,3,cluster,north,east,planning_rejected,planning_rejected,approach,approach,uav_01|uav_02,6.2830536068301175,uav_02|uav_03,13.312828184739406,,,16.64103523092426,4.0,3.328207046184852
base_0085_candidate_04,3,cluster,south,east,planning_rejected,planning_rejected,approach,approach|return,uav_01|uav_03,2.3028277234679013,uav_01|uav_03,11.26381520195304,uav_01|uav_03,4.557624198836941,15.018420269270726,4.0,3.7546050673176814
base_0085_candidate_05,3,line,west,north,planning_rejected,planning_rejected,observe,observe,uav_01|uav_03,8.216813053880289,uav_01|uav_02,5.923632941208932,uav_01|uav_02,8.232941333783165,8.885449411813399,4.0,2.9618164706044663
base_0086_candidate_00,4,cluster,east,north,planning_rejected,planning_rejected,approach,approach|observe|return,uav_03|uav_04,1.4000171091319327,uav_01|uav_02,2.9293478497465344,uav_03|uav_04,1.820603327164686,5.858695699493074,4.0,2.929347849746537
base_0089_candidate_00,4,line,east,north,planning_rejected,planning_rejected,approach,approach|observe,uav_03|uav_04,6.569288834798712,uav_02|uav_04,3.3426248937369145,,,6.685249787473829,4.0,3.3426248937369145
base_0090_candidate_00,3,cluster,east,north,planning_rejected,planning_rejected,approach,approach|observe,uav_01|uav_03,5.913083690429785,uav_01|uav_03,6.277951477100907,,,9.416927215651363,4.0,3.1389757385504544
base_0090_candidate_01,4,line,south,east,planning_rejected,planning_rejected,approach,approach|observe,uav_02|uav_04,6.7211836026746585,uav_01|uav_03,6.7367431443672565,,,10.105114716550888,4.0,3.3683715721836296
base_0090_candidate_02,3,cluster,north,east,planning_rejected,planning_rejected,approach,approach,uav_02|uav_03,4.9879095538179685,uav_01|uav_02,10.891069041648382,,,14.52142538886451,4.0,3.6303563472161273
base_0090_candidate_03,4,cluster,south,east,planning_rejected,planning_rejected,approach,approach|observe|return,uav_01|uav_03,3.521038259048843,uav_01|uav_03,5.835581843965985,uav_01|uav_03,4.075711818870384,8.753372765948978,4.0,2.9177909219829927
base_0090_candidate_04,4,cluster,south,east,planning_rejected,planning_rejected,return,return,uav_01|uav_04,7.915224409866087,uav_01|uav_04,7.332196715713247,uav_02|uav_04,1.3532691625459063,10.998295073569874,4.0,3.6660983578566246
base_0093_candidate_01,3,line,north,east,planning_rejected,planned,,,uav_01|uav_02,9.18867722326196,uav_01|uav_02,12.942702689075016,,,16.17837836134377,4.0,3.235675672268754
base_0095_candidate_00,4,cluster,south,east,planning_rejected,planning_rejected,approach,approach|observe,uav_02|uav_04,1.955489726110828,uav_01|uav_03,6.5241932780268375,,,9.78628991704026,4.0,3.26209663901342
base_0096_candidate_00,3,cluster,north,east,planning_rejected,planning_rejected,approach,approach,uav_01|uav_02,2.6198495329071867,uav_01|uav_02,9.432350408906473,,,12.576467211875297,4.0,3.1441168029688242
base_0096_candidate_01,4,cluster,east,north,planning_rejected,planning_rejected,approach,approach|observe,uav_03|uav_04,5.717919495238729,uav_03|uav_04,3.7627861065414887,,,7.525572213082977,4.0,3.7627861065414887
base_0097_candidate_00,3,line,west,north,planning_rejected,planning_rejected,observe,observe,uav_02|uav_03,8.384693178110263,uav_02|uav_03,5.589795452073508,,,8.384693178110263,4.0,2.7948977260367545
base_0097_candidate_01,3,cluster,north,east,planning_rejected,planning_rejected,approach,approach,uav_02|uav_03,3.354577387126981,uav_01|uav_03,9.465402501313974,,,12.620536668418632,4.0,3.155134167104658
base_0098_candidate_01,3,line,west,north,planning_rejected,planning_rejected,approach,approach|observe,uav_01|uav_02,6.089405690536046,uav_01|uav_02,3.6800925264325564,uav_01|uav_02,7.017650939627071,7.360185052865116,4.0,3.680092526432558
base_0098_candidate_02,3,line,east,north,planning_rejected,planning_rejected,observe,observe,uav_01|uav_03,7.159161893161802,uav_01|uav_03,3.585938336720961,,,7.171876673441923,4.0,3.5859383367209614
base_0101_candidate_00,4,cluster,east,north,planning_rejected,planning_rejected,approach,approach|observe|return,uav_03|uav_04,2.2398724426967025,uav_02|uav_03,3.652566166645524,uav_03|uav_04,1.6940077593588692,7.305132333291048,4.0,3.652566166645524
base_0101_candidate_01,3,cluster,west,north,planning_rejected,planning_rejected,approach,approach,uav_01|uav_03,5.0023990067477095,uav_01|uav_02,7.4576495731615555,,,11.186474359742334,4.0,3.728824786580778
base_0101_candidate_02,4,line,north,east,planning_rejected,planning_rejected,observe,observe,uav_03|uav_04,8.5905400342672,uav_01|uav_02,5.786520059804197,uav_01|uav_02,7.415765295216834,8.679780089706297,4.0,2.8932600299020987
base_0101_candidate_04,3,line,south,east,planning_rejected,planned,,,uav_01|uav_02,7.436182290250125,uav_01|uav_02,12.847643016793599,,,16.059553770992,4.0,3.2119107541984
base_0102_candidate_00,3,line,east,north,planning_rejected,planning_rejected,observe,observe,uav_01|uav_02,9.646309569674838,uav_01|uav_02,6.430873046449892,uav_01|uav_02,9.367947531075373,9.64630956967484,4.0,3.2154365232249464
base_0102_candidate_01,4,line,south,east,planning_rejected,planned,,,uav_01|uav_04,9.173778825127906,uav_02|uav_03,7.4837899035084305,,,11.22568485526265,4.0,3.7418949517542166
base_0102_candidate_02,3,cluster,south,east,planning_rejected,planned,,,uav_01|uav_02,7.980903670220369,uav_02|uav_03,11.561367237380527,,,15.415156316507373,4.0,3.853789079126843
base_0103_candidate_01,4,line,north,east,planning_rejected,planning_rejected,observe,observe,uav_01|uav_04,8.755790656306857,uav_01|uav_04,5.963705277398448,,,8.945557916097673,4.0,2.9818526386992246
base_0103_candidate_03,4,cluster,east,north,planning_rejected,planning_rejected,approach,approach|observe,uav_02|uav_04,4.285904582991557,uav_02|uav_04,3.3023579333687954,,,6.604715866737593,4.0,3.3023579333687967
base_0103_candidate_04,3,line,south,east,planning_rejected,planning_rejected,approach,approach,uav_02|uav_03,5.816563754142925,uav_01|uav_02,7.398293678514076,uav_02|uav_03,8.338539008874315,11.097440517771117,4.0,3.6991468392570392
base_0103_candidate_05,4,cluster,north,east,planning_rejected,planning_rejected,approach,approach|observe,uav_02|uav_04,4.1650710899500725,uav_02|uav_04,6.567008968301368,,,9.850513452452052,4.0,3.283504484150684
base_0104_candidate_00,4,cluster,north,east,planning_rejected,planning_rejected,approach,approach,uav_02|uav_04,1.3294713589430032,uav_01|uav_04,7.311179902572135,,,10.966769853858207,4.0,3.655589951286069
base_0105_candidate_00,4,cluster,south,east,planning_rejected,planning_rejected,approach,approach|observe,uav_01|uav_03,5.617213396540109,uav_02|uav_04,5.650264727080611,,,8.475397090620918,4.0,2.825132363540306
base_0105_candidate_01,4,line,north,east,planning_rejected,planning_rejected,observe,observe|return,uav_01|uav_04,7.640073126116171,uav_02|uav_04,6.685413102075576,uav_01|uav_04,5.698732972696071,10.028119653113365,4.0,3.342706551037788
base_0105_candidate_02,3,line,west,north,planning_rejected,planning_rejected,approach,approach|observe,uav_01|uav_03,6.796262526375047,uav_01|uav_03,3.3981312631875236,,,6.796262526375048,4.0,3.398131263187524
base_0105_candidate_03,4,cluster,west,north,planning_rejected,planning_rejected,approach,approach|observe|return,uav_01|uav_03,4.571547604889035,uav_01|uav_03,2.725100394483725,uav_01|uav_03,3.547010967707503,5.450200788967451,4.0,2.7251003944837255
base_0105_candidate_04,4,line,north,east,planning_rejected,planning_rejected,observe,observe,uav_01|uav_03,8.980994497744492,uav_01|uav_03,6.509451977942234,,,9.764177966913351,4.0,3.254725988971117
base_0105_candidate_05,4,line,west,north,planning_rejected,planning_rejected,approach,approach|observe,uav_01|uav_02,5.052750260332323,uav_03|uav_04,2.641866360980398,,,5.283732721960798,4.0,2.641866360980399
base_0107_candidate_01,3,line,west,north,planning_rejected,planning_rejected,observe,observe,uav_01|uav_02,7.1326485021288715,uav_01|uav_03,5.437685410845353,uav_01|uav_02,8.072337097859204,8.156528116268031,4.0,2.718842705422677
base_0107_candidate_02,4,line,south,east,planning_rejected,planning_rejected,approach,approach,uav_01|uav_02,5.518981688234618,uav_01|uav_02,7.239659649968127,,,10.859489474952191,4.0,3.619829824984064
base_0107_candidate_03,3,line,west,north,planning_rejected,planning_rejected,approach,approach|observe,uav_01|uav_02,6.830349835763741,uav_01|uav_02,3.4234221102956433,,,6.8468442205912865,4.0,3.4234221102956433
base_0109_candidate_01,4,cluster,north,east,planning_rejected,planning_rejected,approach,approach,uav_01|uav_02,0.0892124112574314,uav_01|uav_04,9.17568685157917,,,12.234249135438898,4.0,3.0585622838597244
base_0109_candidate_02,3,line,west,north,planning_rejected,planning_rejected,observe,observe,uav_01|uav_02,8.026855469445909,uav_02|uav_03,5.360695788077403,,,8.041043682116106,4.0,2.680347894038702
base_0109_candidate_03,3,cluster,north,east,planning_rejected,planning_rejected,approach,approach,uav_01|uav_02,4.720145223750846,uav_02|uav_03,7.575504375911912,,,11.36325656386787,4.0,3.7877521879559564
base_0109_candidate_04,3,cluster,south,east,planning_rejected,planning_rejected,return,return,uav_01|uav_02,9.645340942048799,uav_01|uav_03,10.629232471388217,uav_01|uav_02,6.4766677805198904,14.172309961850958,4.0,3.5430774904627396
base_0109_candidate_05,4,line,south,east,planning_rejected,planning_rejected,observe,observe,uav_02|uav_03,7.7245356712033155,uav_01|uav_04,5.622366481760039,uav_02|uav_03,8.094115472149499,8.43354972264006,4.0,2.81118324088002
base_0109_candidate_06,4,line,east,north,planning_rejected,planning_rejected,observe,observe,uav_01|uav_03,7.011243298965701,uav_01|uav_03,3.5245267042992197,uav_01|uav_03,7.037952183254483,7.049053408598439,4.0,3.5245267042992197
base_0109_candidate_07,3,line,west,north,planning_rejected,planning_rejected,approach,approach|observe,uav_01|uav_02,6.919467933984768,uav_02|uav_03,3.6211867552206716,uav_01|uav_02,7.230357213702576,7.242373510441344,4.0,3.621186755220672
base_0109_candidate_08,3,line,west,north,planning_rejected,planning_rejected,observe,observe,uav_01|uav_03,8.1685697523434,uav_01|uav_03,6.493313892823503,,,9.739970839235257,4.0,3.2466569464117523
base_0110_candidate_00,3,cluster,west,north,planning_rejected,planning_rejected,approach,approach|observe|return,uav_02|uav_03,2.371486562014949,uav_01|uav_02,5.781399814590299,uav_02|uav_03,4.394658706617799,8.67209972188545,4.0,2.8906999072951503
base_0110_candidate_01,3,cluster,east,north,planning_rejected,planning_rejected,approach,approach|observe,uav_01|uav_03,3.5470508720267704,uav_01|uav_03,3.9383609902371974,,,7.876721980474396,4.0,3.938360990237198
base_0110_candidate_02,3,cluster,south,east,planning_rejected,planned,,,uav_01|uav_03,7.100548138799566,uav_01|uav_03,9.415901235110562,,,12.554534980147418,4.0,3.1386337450368544
base_0112_candidate_00,3,cluster,north,east,planning_rejected,planning_rejected,approach,approach|return,uav_01|uav_02,6.9005605818408196,uav_01|uav_02,11.64185908084119,uav_01|uav_02,5.261198968241808,15.52247877445492,4.0,3.88061969361373
base_0112_candidate_02,3,line,east,north,planning_rejected,planning_rejected,observe,observe,uav_02|uav_03,8.233128265791521,uav_01|uav_02,6.390507997782478,uav_02|uav_03,7.882858401671047,9.585761996673718,4.0,3.195253998891239
base_0114_candidate_00,4,line,east,north,planning_rejected,planning_rejected,observe,observe,uav_01|uav_02,7.7509510892157,uav_01|uav_02,3.904636100868842,,,7.809272201737688,4.0,3.904636100868844
base_0116_candidate_00,4,line,north,east,planning_rejected,planning_rejected,observe,observe,uav_01|uav_03,7.639598878135103,uav_01|uav_03,3.822278386824106,,,7.644556773648213,4.0,3.8222783868241064
base_0118_candidate_00,3,cluster,east,north,planning_rejected,planning_rejected,approach,approach|observe|return,uav_01|uav_03,2.243983263114305,uav_02|uav_03,6.930478510420035,uav_01|uav_03,0.19065549461102232,10.395717765630053,4.0,3.4652392552100175
base_0120_candidate_01,4,line,east,north,planning_rejected,planning_rejected,approach,approach|observe,uav_01|uav_02,5.724247320263416,uav_01|uav_02,2.862123660131708,,,5.724247320263416,4.0,2.862123660131708
base_0120_candidate_02,4,cluster,north,east,planning_rejected,planning_rejected,approach,approach|observe|return,uav_02|uav_03,5.281753318391606,uav_02|uav_04,3.857861630220073,uav_02|uav_04,1.6433808217855632,7.715723260440146,4.0,3.857861630220073
base_0120_candidate_03,3,cluster,south,east,planning_rejected,planning_rejected,approach,approach,uav_01|uav_02,5.643547656962243,uav_01|uav_03,9.569855608142282,,,12.759807477523045,4.0,3.1899518693807614
base_0123_candidate_00,3,cluster,north,east,planning_rejected,planning_rejected,approach,approach,uav_01|uav_03,3.8896865780303176,uav_01|uav_03,7.795342031634258,,,11.693013047451387,4.0,3.8976710158171293
base_0124_candidate_00,4,line,south,east,planning_rejected,planned,,,uav_02|uav_04,8.505428285603033,uav_01|uav_02,7.448579748204082,uav_01|uav_03,8.566248619872413,11.172869622306123,4.0,3.724289874102041
base_0124_candidate_01,4,cluster,east,north,planning_rejected,planning_rejected,approach,approach|observe,uav_01|uav_02,2.5107415832389135,uav_02|uav_03,3.3251833278894445,,,6.650366655778892,4.0,3.325183327889446
base_0128_candidate_00,3,cluster,east,north,planning_rejected,planning_rejected,approach,approach|observe|return,uav_01|uav_02,3.367711621869969,uav_01|uav_02,3.3805835269372286,uav_01|uav_02,2.6926382718472337,6.761167053874458,4.0,3.380583526937229
base_0128_candidate_01,4,cluster,north,east,planning_rejected,planning_rejected,approach,approach|observe|return,uav_01|uav_04,3.2736128544051297,uav_01|uav_02,6.129134179922641,uav_01|uav_02,4.321697798594507,9.193701269883961,4.0,3.0645670899613204
base_0128_candidate_02,4,cluster,east,north,planning_rejected,planning_rejected,approach,approach|observe|return,uav_02|uav_03,1.7987235757517994,uav_01|uav_02,2.992591538509088,uav_02|uav_03,2.356110785004894,5.985183077018176,4.0,2.992591538509088
base_0128_candidate_03,4,cluster,west,north,planning_rejected,planning_rejected,observe,observe|return,uav_02|uav_03,7.073798819622112,uav_03|uav_04,3.5515178106660166,uav_01|uav_02,3.9944535961179275,7.103035621332036,4.0,3.551517810666018
base_0128_candidate_04,3,line,west,north,planning_rejected,planning_rejected,observe,observe,uav_01|uav_03,8.638970028490272,uav_01|uav_03,6.0225667454147755,,,9.033850118122164,4.0,3.0112833727073878
base_0128_candidate_05,4,cluster,west,north,planning_rejected,planning_rejected,approach,approach|observe|return,uav_02|uav_04,3.731432449962415,uav_01|uav_03,3.8853669836562394,uav_02|uav_04,0.24352000179141478,7.770733967312479,4.0,3.8853669836562394
