phase_index,phase,agent_id,waypoint_index,east_m,north_m,up_m,speed_m_s,hold_s
0,p00_approach,uav_01,0,3.305194647299782,-26.65417160686517,8.0,3.0,0.0
0,p00_approach,uav_02,0,4.436055670615399,15.485862281437583,8.0,3.0,0.0
0,p00_approach,uav_03,0,-27.25987912638151,-5.018724151055984,8.0,3.0,0.0
1,p01_patrol,uav_01,0,8.900868829551452,-26.65417160686517,8.0,3.0,0.0
1,p01_patrol,uav_01,1,8.900868829551452,15.485862281437583,8.0,3.0,0.0
1,p01_patrol,uav_01,2,-27.25987912638151,15.485862281437583,8.0,3.0,0.0
1,p01_patrol,uav_01,3,-27.25987912638151,-26.65417160686517,8.0,3.0,0.0
1,p01_patrol,uav_01,4,3.305194647299782,-26.65417160686517,8.0,3.0,0.0
1,p01_patrol,uav_01,5,8.900868829551452,-26.65417160686517,8.0,3.0,0.0
1,p01_patrol,uav_01,6,8.900868829551452,15.485862281437583,8.0,3.0,0.0
1,p01_patrol,uav_01,7,-27.25987912638151,15.485862281437583,8.0,3.0,0.0
1,p01_patrol,uav_01,8,-27.25987912638151,-26.65417160686517,8.0,3.0,0.0
1,p01_patrol,uav_01,9,3.305194647299782,-26.65417160686517,8.0,3.0,0.0
1,p01_patrol,uav_02,0,-27.25987912638151,15.485862281437583,8.0,3.0,0.0
1,p01_patrol,uav_02,1,-27.25987912638151,-26.65417160686517,8.0,3.0,0.0
1,p01_patrol,uav_02,2,8.900868829551452,-26.65417160686517,8.0,3.0,0.0
1,p01_patrol,uav_02,3,8.900868829551452,15.485862281437583,8.0,3.0,0.0
1,p01_patrol,uav_02,4,4.436055670615399,15.485862281437583,8.0,3.0,0.0
1,p01_patrol,uav_02,5,-27.25987912638151,15.485862281437583,8.0,3.0,0.0
1,p01_patrol,uav_02,6,-27.25987912638151,-26.65417160686517,8.0,3.0,0.0
1,p01_patrol,uav_02,7,8.900868829551438,-26.65417160686517,8.0,3.0,0.0
1,p01_patrol,uav_02,8,8.900868829551452,15.48586228143757,8.0,3.0,0.0
1,p01_patrol,uav_02,9,4.436055670615399,15.485862281437583,8.0,3.0,0.0
1,p01_patrol,uav_03,0,-27.25987912638151,-26.65417160686517,8.0,3.0,0.0
1,p01_patrol,uav_03,1,8.900868829551452,-26.65417160686517,8.0,3.0,0.0
1,p01_patrol,uav_03,2,8.900868829551452,15.485862281437583,8.0,3.0,0.0
1,p01_patrol,uav_03,3,-27.25987912638151,15.485862281437583,8.0,3.0,0.0
1,p01_patrol,uav_03,4,-27.25987912638151,-5.018724151055984,8.0,3.0,0.0
1,p01_patrol,uav_03,5,-27.25987912638151,-26.65417160686517,8.0,3.0,0.0
1,p01_patrol,uav_03,6,8.900868829551438,-26.65417160686517,8.0,3.0,0.0
1,p01_patrol,uav_03,7,8.900868829551452,15.48586228143757,8.0,3.0,0.0
1,p01_patrol,uav_03,8,-27.25987912638148,15.485862281437583,8.0,3.0,0.0
1,p01_patrol,uav_03,9,-27.25987912638151,-5.018724151055984,8.0,3.0,0.0
2,p02_return,uav_01,0,-3.983057469643791,-39.32432738701023,8.0,3.0,0.0
2,p02_return,uav_02,0,-14.957152968780946,-40.005722666113684,8.0,3.0,0.0
2,p02_return,uav_03,0,-25.931248467918103,-40.68711794521714,8.0,3.0,0.0
