added_lines	deleted_lines	path
2	1	.github/workflows/unit-tests.yml
60	0	Multi-UAV SimpleGC/docs/intent_addition_checklist.md
283	0	Multi-UAV SimpleGC/docs/v0.6_formal_run_commands.md
180	0	Multi-UAV SimpleGC/docs/v06_formal_plan.md
106	0	Multi-UAV SimpleGC/generation_profiles/tri_intent_v06_pilot.json
106	0	Multi-UAV SimpleGC/generation_profiles/tri_intent_v06_production.json
122	0	Multi-UAV SimpleGC/missions/v3/patrol_route_v06.json
119	0	Multi-UAV SimpleGC/missions/v3/rapid_passage_route_v06.json
129	0	Multi-UAV SimpleGC/missions/v3/recon_route_v06.json
61	0	Multi-UAV SimpleGC/scripts/diagnostics/run_offline_tests.py
243	0	Multi-UAV SimpleGC/scripts/diagnostics/v06_offline_checks.py
5	2	Multi-UAV SimpleGC/scripts/run_parallel_batch.py
5	2	Multi-UAV SimpleGC/swarm_sim/analysis_v3.py
3	0	Multi-UAV SimpleGC/swarm_sim/dataset.py
13	1	Multi-UAV SimpleGC/swarm_sim/dataset_audit_v3.py
5	0	Multi-UAV SimpleGC/swarm_sim/episode_loader.py
129	0	Multi-UAV SimpleGC/swarm_sim/flight_patterns_v06.py
68	6	Multi-UAV SimpleGC/swarm_sim/generation_v2.py
56	10	Multi-UAV SimpleGC/swarm_sim/language_templates_v0.py
14	10	Multi-UAV SimpleGC/swarm_sim/language_v0.py
3	1	Multi-UAV SimpleGC/swarm_sim/mission_evaluation_v3.py
18	3	Multi-UAV SimpleGC/swarm_sim/mission_v3.py
43	5	Multi-UAV SimpleGC/swarm_sim/observer_facts_v0.py
75	4	Multi-UAV SimpleGC/swarm_sim/parallel_batch.py
1	1	Multi-UAV SimpleGC/swarm_sim/patrol.py
38	4	Multi-UAV SimpleGC/swarm_sim/protocol.py
222	0	Multi-UAV SimpleGC/swarm_sim/rapid_passage.py
1	1	Multi-UAV SimpleGC/swarm_sim/reconnaissance.py
25	0	Multi-UAV SimpleGC/swarm_sim/registry.py
28	5	Multi-UAV SimpleGC/swarm_sim/route_planning.py
50	4	Multi-UAV SimpleGC/swarm_sim/runner_v3.py
7	1	Multi-UAV SimpleGC/swarm_sim/scenario.py
473	0	Multi-UAV SimpleGC/tests/fixtures/v05_example_loader_baseline.json
99	4	Multi-UAV SimpleGC/tests/test_parallel_batch.py
22	1	Multi-UAV SimpleGC/tests/test_parallel_finalize.py
1	1	Multi-UAV SimpleGC/tests/test_protocol_v3.py
96	0	Multi-UAV SimpleGC/tests/test_rapid_passage.py
228	0	Multi-UAV SimpleGC/tests/test_v06_data_contract.py
187	0	Multi-UAV SimpleGC/tests/test_v06_execution.py
160	0	Multi-UAV SimpleGC/tests/test_v06_planning.py
1	1	Multi-UAV SimpleGC/tests/test_wp_p_protocol.py
