run_id,dataset,obs_first_t_s,obs_last_t_s,obs_span_s,frames,first_row_up_m,last_row_up_m,window_first_start_s,window_last_end_s,gap_head_s,gap_tail_s,elapsed_s,obs_span_over_elapsed
20260930T153623Z_af3f4fcd,v03_pilot_final,0.000,56.900,56.90,570,7.9680,8.0100,0.006,56.992,0.006,-0.092,133.16,0.4273
20260930T153848Z_46d1aaa3,v03_pilot_final,0.000,72.700,72.70,728,7.9600,8.0200,0.011,72.736,0.011,-0.036,146.79,0.4953
20260930T154116Z_ed102766,v03_pilot_final,0.000,64.500,64.50,646,7.9695,8.0100,0.009,64.512,0.009,-0.012,140.87,0.4579
20260930T155237Z_12275488,v03_pilot_final,0.000,54.200,54.20,543,7.9684,8.0200,0.013,54.261,0.013,-0.061,130.65,0.4149
20260930T155457Z_200822e7,v03_pilot_final,0.000,70.300,70.30,704,7.9700,8.0200,0.009,70.385,0.009,-0.085,144.94,0.4850
20260930T155726Z_bd656d6a,v03_pilot_final,0.000,68.300,68.30,684,7.9600,8.0100,0.012,68.381,0.012,-0.081,144.54,0.4725
20260930T160032Z_3eb54ff1,v03_pilot_final,0.000,50.000,50.00,501,7.9600,8.0100,0.008,50.051,0.008,-0.051,125.90,0.3971
20260930T160246Z_f7b6895d,v03_pilot_final,0.000,53.500,53.50,536,7.9700,8.0200,0.009,53.553,0.009,-0.053,128.35,0.4168
20260930T160457Z_bcd46846,v03_pilot_final,0.000,65.600,65.60,657,7.9600,8.0100,0.009,65.666,0.009,-0.066,140.24,0.4678
20260930T160719Z_a58405a9,v03_pilot_final,0.000,63.100,63.10,632,7.9600,8.0100,0.025,63.172,0.025,-0.072,137.60,0.4586
20260930T152031Z_08eff45d,v03_integration,0.000,118.700,118.70,1188,7.9700,8.0200,0.024,118.752,0.024,-0.052,193.67,0.6129
20260930T152358Z_56f3a95a,v03_integration,0.000,118.700,118.70,1188,7.9620,8.0200,0.011,118.786,0.011,-0.086,193.46,0.6136
20260930T152726Z_85b2bcb7,v03_integration,0.000,48.000,48.00,481,7.9600,8.0100,0.011,48.060,0.011,-0.060,122.08,0.3932
20260930T152929Z_faff6f17,v03_integration,0.000,48.700,48.70,488,7.9637,8.0177,0.014,48.701,0.014,-0.001,124.98,0.3897
20260930T153556Z_bf2d3529,v03_integration,0.000,11.700,11.70,118,n/a,n/a,n/a,n/a,n/a,n/a,11.70,0.9996
