run_id,agents,distinct_t,t_with_all_agents,coverage,mask_false_rows,total_rows,mask_false_fraction,t_step_set
20260930T153623Z_af3f4fcd,6,570,570,570/570,0,3420,0.00000,0.100
20260930T153848Z_46d1aaa3,2,728,728,728/728,0,1456,0.00000,0.100
20260930T154116Z_ed102766,6,646,646,646/646,0,3876,0.00000,0.100
20260930T155237Z_12275488,6,543,543,543/543,0,3258,0.00000,0.100
20260930T155457Z_200822e7,3,704,704,704/704,0,2112,0.00000,0.100
20260930T155726Z_bd656d6a,6,684,684,684/684,0,4104,0.00000,0.100
20260930T160032Z_3eb54ff1,6,501,501,501/501,0,3006,0.00000,0.100
20260930T160246Z_f7b6895d,3,536,536,536/536,0,1608,0.00000,0.100
20260930T160457Z_bcd46846,2,657,657,657/657,0,1314,0.00000,0.100
20260930T160719Z_a58405a9,3,632,632,632/632,0,1896,0.00000,0.100
20260930T152031Z_08eff45d,3,1188,1188,1188/1188,0,3564,0.00000,0.100
20260930T152358Z_56f3a95a,3,1188,1188,1188/1188,0,3564,0.00000,0.100
20260930T152726Z_85b2bcb7,2,481,481,481/481,0,962,0.00000,0.100
20260930T152929Z_faff6f17,6,488,488,488/488,0,2928,0.00000,0.100
20260930T153556Z_bf2d3529,3,118,118,118/118,132,354,0.37288,0.100
