run_id,east_min,east_max,north_min,north_max,up_min,up_max,zero_in_east,zero_in_north,zero_in_up
20260930T153623Z_af3f4fcd,-10.546,11.019,-6.928,76.605,7.960,8.020,是,是,否
20260930T153848Z_46d1aaa3,-15.534,8.867,-18.930,1.482,7.960,8.020,是,是,否
20260930T154116Z_ed102766,-11.241,78.829,-25.928,-3.880,7.962,8.020,是,否,否
20260930T155237Z_12275488,-6.773,12.456,-7.760,78.672,7.960,8.020,是,是,否
20260930T155457Z_200822e7,-14.811,27.257,-14.533,9.788,7.960,8.020,是,是,否
20260930T155726Z_bd656d6a,-8.250,64.810,-30.440,-6.385,7.960,8.020,是,否,否
20260930T160032Z_3eb54ff1,-18.265,2.403,-12.781,64.993,7.960,8.020,是,是,否
20260930T160246Z_f7b6895d,-3.145,33.143,-24.343,0.366,7.960,8.020,是,是,否
20260930T160457Z_bcd46846,-5.239,19.162,-5.897,15.675,7.940,8.020,是,是,否
20260930T160719Z_a58405a9,-21.922,-1.389,-14.699,28.556,7.960,8.020,否,是,否
20260930T152031Z_08eff45d,1.245,52.373,-14.998,30.271,7.960,8.020,否,是,否
20260930T152358Z_56f3a95a,1.269,52.373,-14.998,30.252,7.960,8.020,否,是,否
20260930T152726Z_85b2bcb7,-12.041,8.250,1.829,21.993,7.960,8.020,是,否,否
20260930T152929Z_faff6f17,2.026,70.068,-11.995,8.225,7.960,8.020,否,是,否
20260930T153556Z_bf2d3529,8.983,44.982,-15.021,-15.021,-12.000,-12.000,否,否,否
