run_id,agents,frames_T,return_required,lanes,execution_phase_count,speed_m_s,record_hz,duration_s,T_over_hz
20260930T153623Z_af3f4fcd,6,570,False,4,9,3.0,10.0,56.99,57.0
20260930T153848Z_46d1aaa3,2,728,True,4,10,2.0,10.0,72.74,72.8
20260930T154116Z_ed102766,6,646,True,4,10,2.0,10.0,64.51,64.6
20260930T155237Z_12275488,6,543,False,4,9,2.5,10.0,54.26,54.3
20260930T155457Z_200822e7,3,704,True,4,10,3.0,10.0,70.39,70.4
20260930T155726Z_bd656d6a,6,684,True,4,10,2.0,10.0,68.38,68.4
20260930T160032Z_3eb54ff1,6,501,False,4,9,2.5,10.0,50.05,50.1
20260930T160246Z_f7b6895d,3,536,False,4,9,3.0,10.0,53.55,53.6
20260930T160457Z_bcd46846,2,657,True,4,10,3.0,10.0,65.67,65.7
20260930T160719Z_a58405a9,3,632,True,4,10,2.0,10.0,63.17,63.2
20260930T152031Z_08eff45d,3,1188,True,5,12,3.0,10.0,118.75,118.8
20260930T152358Z_56f3a95a,3,1188,True,5,12,3.0,10.0,118.79,118.8
20260930T152726Z_85b2bcb7,2,481,True,3,8,3.0,10.0,48.06,48.1
20260930T152929Z_faff6f17,6,488,True,3,8,3.0,10.0,48.70,48.8
20260930T153556Z_bf2d3529,3,118,True,5,12,3.0,10.0,11.70,11.8
