mission_id,family_id,split,topology_signature,signature_in_train
recon_0000_v00,recon_d30e405969398e0c2f76,train,6|north|4|False,1
recon_0001_v00,recon_84c2c6a3142980347cdd,train,2|east|4|True,1
recon_0002_v00,recon_b8970909708e3819eb24,train,6|east|4|True,1
recon_0003_v00,recon_4df4c9fc027cc4be09e6,train,6|north|4|False,1
recon_0004_v00,recon_0e750d6811e30f18a0f2,validation,3|east|4|True,1
recon_0005_v00,recon_b406c7255e660ceb981b,test,6|east|4|True,1
recon_0006_v00,recon_e912e1eaf2cc15d46f11,test,6|north|4|False,1
recon_0007_v00,recon_e198f24a9923a0230227,train,3|east|4|False,1
recon_0008_v00,recon_c7fcebb7f85b59465a21,train,2|east|4|True,1
recon_0009_v00,recon_a62d45cc883fdb9864fd,train,3|north|4|True,1
recon_0010_v00,recon_776a25550c501b5d53b2,train,6|east|4|False,1
recon_0011_v00,recon_6b1811ee2f579cd2a9de,train,6|north|4|False,1
recon_0012_v00,recon_c2111a527eadf7cb4cde,train,2|east|4|False,1
recon_0013_v00,recon_f98d1a0c3c6e8903c3f2,train,3|north|4|True,1
recon_0014_v00,recon_ad7e9b919ae943188988,test,2|east|4|False,1
recon_0015_v00,recon_dd2deba236644642f342,test,2|east|4|True,1
recon_0016_v00,recon_f6be4e34b61a78355235,train,3|east|4|False,1
recon_0017_v00,recon_153c00d943581df0f135,test,6|east|4|True,1
recon_0018_v00,recon_d6b9a3c238840519fcce,test,3|east|4|False,1
recon_0019_v00,recon_03dd6c3254d71638b82b,validation,3|east|4|True,1
recon_0020_v00,recon_bf0c70a8e591fcdbbbae,train,2|north|4|True,1
recon_0021_v00,recon_cd05de456cf9e049934e,test,2|east|4|False,1
recon_0022_v00,recon_95343676615621d9a38c,test,6|north|4|True,1
recon_0023_v00,recon_7dda1e6f58a7be5a52d7,train,2|north|4|False,1
recon_0024_v00,recon_bfd4ece5f1deecdd52f8,test,2|north|4|False,1
recon_0025_v00,recon_7061df55756d64be0cb9,validation,3|east|4|False,1
recon_0026_v00,recon_a4bf1c11f64512fa1bb9,train,2|north|4|True,1
recon_0027_v00,recon_722b8bdc1799a7f18f80,train,3|north|4|False,1
recon_0028_v00,recon_56bcdfbf49d9a66c805c,validation,2|east|4|True,1
recon_0029_v00,recon_f035c255c0385e0fd8d4,test,2|north|4|True,1
recon_0030_v00,recon_4af4e05084af40f06b71,validation,2|north|4|False,1
recon_0031_v00,recon_2ef3730827804298179c,validation,3|east|4|True,1
recon_0032_v00,recon_6d4157749daad2ac035d,train,6|north|4|True,1
recon_0033_v00,recon_9d09f507a3cf1d718dc7,validation,6|north|4|False,1
recon_0034_v00,recon_df732a9170dc8f6cb8b8,train,6|east|4|True,1
recon_0035_v00,recon_749681b8d47c6324ba68,train,6|north|4|True,1
recon_0036_v00,recon_c6057b2212b7691c3f48,train,2|north|4|True,1
recon_0037_v00,recon_2b6c79e6f3ff4fb60763,train,6|east|4|False,1
recon_0038_v00,recon_617b3ad96287273bdd40,train,6|north|4|True,1
recon_0039_v00,recon_04377a8717ef5b6c88d5,test,3|north|4|True,1
recon_0040_v00,recon_a186c633ab0ee2c510f2,train,2|east|4|True,1
recon_0041_v00,recon_be2ff305b4f6ec7679b0,validation,2|north|4|False,1
recon_0042_v00,recon_34ef52ab00d3859aca23,test,2|east|4|True,1
recon_0043_v00,recon_a7b3ced4e767363c18c3,train,2|east|4|False,1
recon_0044_v00,recon_8ef458e2c11e366a5978,train,6|east|4|False,1
recon_0045_v00,recon_c6be047f217558ccc8c3,train,3|north|4|False,1
recon_0046_v00,recon_385bc6beb76c0d4d2876,test,6|east|4|False,1
recon_0047_v00,recon_b40da4e52acf1bb29b5d,test,3|east|4|False,1
recon_0048_v00,recon_d62950a92b381818998d,train,2|east|4|True,1
recon_0049_v00,recon_0b98b8cdbfbdd6457b19,train,3|north|4|False,1
recon_0050_v00,recon_e8718955eee4fa90da2d,train,2|east|4|False,1
recon_0051_v00,recon_25deb8d66dd520d0ca49,train,3|north|4|False,1
recon_0052_v00,recon_7058c61f12b6dcd6a7f8,test,2|east|4|True,1
recon_0053_v00,recon_d49fc4ab16fdd6d4fe3f,train,6|east|4|True,1
recon_0054_v00,recon_434b9ce82dee40c729a2,train,6|east|4|False,1
recon_0055_v00,recon_46afd3ee8c39be67022a,train,3|east|4|False,1
recon_0056_v00,recon_00184c4e2421db5d83a1,train,3|north|4|True,1
recon_0057_v00,recon_9a1def6dd7f8b03f8245,train,2|north|4|False,1
recon_0058_v00,recon_a9c4e54a431418b91eae,train,3|north|4|False,1
recon_0059_v00,recon_c218717530142a48131c,train,2|east|4|True,1
recon_0060_v00,recon_097c59e31cb4ea3c88f9,train,6|north|4|False,1
recon_0061_v00,recon_503b35fd0c496f68ae9b,test,3|east|4|True,1
recon_0062_v00,recon_227cfb265c3daebd96fd,test,6|north|4|True,1
recon_0063_v00,recon_fe1459a924b31478d9ed,train,6|north|4|True,1
recon_0064_v00,recon_a899d0a2870fe97cb230,train,6|east|4|True,1
recon_0065_v00,recon_e47a012ab9abc86a36ed,train,3|east|4|False,1
recon_0066_v00,recon_e11ead5e1e15bb8d95e7,train,2|north|4|False,1
recon_0067_v00,recon_30993f6b487de91fc4ba,train,3|east|4|False,1
recon_0068_v00,recon_457fdf334844f7b0661e,train,6|north|4|True,1
recon_0069_v00,recon_bc5f7b6c2c1024a80397,test,6|north|4|False,1
recon_0070_v00,recon_6a5ac5ed5af3785ad0e1,test,6|east|4|True,1
recon_0071_v00,recon_0de4e1790c8282fc733a,train,3|north|4|True,1
recon_0072_v00,recon_524aa25b8a7d6a39c915,train,6|east|4|True,1
recon_0073_v00,recon_a7c1a74ddd37eaae5e92,train,3|north|4|False,1
recon_0074_v00,recon_786dd7a4a3a281f7c52c,train,2|north|4|True,1
recon_0075_v00,recon_3615072468888c0fdf59,train,2|east|4|False,1
recon_0076_v00,recon_0ac767a1f9c9671336ff,train,3|east|4|True,1
recon_0077_v00,recon_6571cc47ff6e63d432d7,train,6|north|4|True,1
recon_0078_v00,recon_91f9da25773f795b57f8,train,6|north|4|True,1
recon_0079_v00,recon_514332bddbb37ce2a488,train,3|east|4|True,1
recon_0080_v00,recon_f44e7494e7f3077f6fe5,train,6|north|4|True,1
recon_0081_v00,recon_baea0322e5e49afa43bd,test,3|north|4|True,1
recon_0082_v00,recon_2716b8d06187928b0bb1,train,6|north|4|False,1
recon_0083_v00,recon_2c6a5f05441a87d4e36a,train,3|north|4|True,1
recon_0084_v00,recon_41b1a9297c12f5062db2,train,6|east|4|True,1
recon_0085_v00,recon_fbef04e389b92688bd1e,train,3|north|4|True,1
recon_0086_v00,recon_f15a53e682724d524056,train,2|north|4|True,1
recon_0087_v00,recon_b1099d2e18614b313577,train,2|east|4|True,1
recon_0088_v00,recon_b596d38738492da9c97a,train,2|north|4|False,1
recon_0089_v00,recon_59863bb129674fd48041,validation,3|north|4|True,1
recon_0090_v00,recon_5a05015f9f6af8fd877d,train,3|east|4|True,1
recon_0091_v00,recon_6b922eb49d0db02801bf,validation,2|east|4|False,1
recon_0092_v00,recon_8f51706bb2bcc2a38506,train,6|north|4|False,1
recon_0093_v00,recon_6bb490bc3d4b0f1f8817,train,6|east|4|False,1
recon_0094_v00,recon_e05bd48e3438e7f87818,test,3|east|4|True,1
recon_0095_v00,recon_a23489344d27be7e4870,test,6|north|4|True,1
recon_0096_v00,recon_d57e4c9a8cb7cb179a15,validation,3|east|4|True,1
recon_0097_v00,recon_1f1eed49d22b99d9f4ec,train,6|north|4|True,1
recon_0098_v00,recon_5b4d702815f0bea538e6,test,6|north|4|True,1
recon_0099_v00,recon_ccba37aaa93a292bd63d,train,2|north|4|False,1
