signature,n,strip_rsd,sweep_rsd,entry_rsd,speed_rsd,region_east_rsd,region_north_rsd
6|north|4|True,13,0.07545,0.11545,0.09781,0.13977,-0.70790,-0.42554
2|east|4|True,10,0.07152,0.08331,0.09226,0.16952,-0.43534,-0.54360
3|east|4|True,9,0.08467,0.08181,0.10851,0.15076,-0.46055,-0.55551
3|north|4|True,9,0.07412,0.09418,0.07078,0.14420,-0.49372,-0.52026
6|east|4|True,9,0.08460,0.09475,0.08415,0.20203,-0.39649,-0.68543
6|north|4|False,9,0.08601,0.10761,0.10468,0.12036,-0.60878,-0.45930
2|north|4|False,8,0.09740,0.14250,0.11837,0.15793,-0.33950,-0.76414
3|east|4|False,8,0.08951,0.11730,0.04715,0.12948,-0.69686,-0.67107
2|east|4|False,7,0.10689,0.11652,0.09776,0.16197,-0.53938,-0.28266
2|north|4|True,6,0.09620,0.12205,0.08927,0.09091,-0.68279,-0.44139
3|north|4|False,6,0.05261,0.10234,0.06701,0.20203,-0.40389,-0.24706
6|east|4|False,6,0.08955,0.10682,0.11679,0.18570,-0.71775,-0.69275
