t,agent_id,valid_position,position_invalid_reason,valid_attitude,position_age_s,attitude_age_s,position_boot_ms,attitude_boot_ms,east_m,north_m,up_m,ve_m_s,vn_m_s,vu_m_s,lat,lon,alt_msl_m,relative_alt_m,roll_rad,pitch_rad,yaw_rad,p_rad_s,q_rad_s,r_rad_s,armed,mode
1.5896341999978176,uav_01,0,,0,,,,,,,,,,,,,,,,,,,,,0,0
1.5896341999978176,uav_02,0,,0,,,,,,,,,,,,,,,,,,,,,0,0
1.5896341999978176,uav_03,0,,0,,,,,,,,,,,,,,,,,,,,,0,0
1.6937031999987084,uav_01,0,,0,,,,,,,,,,,,,,,,,,,,,0,0
1.6937031999987084,uav_02,0,,0,,,,,,,,,,,,,,,,,,,,,0,0
1.6937031999987084,uav_03,0,,0,,,,,,,,,,,,,,,,,,,,,0,0
1.8010658999992302,uav_01,0,,0,,,,,,,,,,,,,,,,,,,,,0,0
1.8010658999992302,uav_02,0,,0,,,,,,,,,,,,,,,,,,,,,0,0
1.8010658999992302,uav_03,0,,0,,,,,,,,,,,,,,,,,,,,,0,0
1.8940053000005719,uav_01,0,,0,,,,,,,,,,,,,,,,,,,,,0,0
1.8940053000005719,uav_02,0,,0,,,,,,,,,,,,,,,,,,,,,0,0
1.8940053000005719,uav_03,0,,0,,,,,,,,,,,,,,,,,,,,,0,0
1.9999711999989813,uav_01,0,,0,,,,,,,,,,,,,,,,,,,,,0,0
1.9999711999989813,uav_02,0,,0,,,,,,,,,,,,,,,,,,,,,0,0
1.9999711999989813,uav_03,0,,0,,,,,,,,,,,,,,,,,,,,,0,0
2.0918003999977373,uav_01,0,,0,,,,,,,,,,,,,,,,,,,,,0,0
2.0918003999977373,uav_02,0,,0,,,,,,,,,,,,,,,,,,,,,0,0
2.0918003999977373,uav_03,0,,0,,,,,,,,,,,,,,,,,,,,,0,0
2.2001945999982127,uav_01,0,,0,,,,,,,,,,,,,,,,,,,,,0,0
2.2001945999982127,uav_02,0,,0,,,,,,,,,,,,,,,,,,,,,0,0
2.2001945999982127,uav_03,0,,0,,,,,,,,,,,,,,,,,,,,,0,0
2.292333999997936,uav_01,0,,0,,,,,,,,,,,,,,,,,,,,,0,0
2.292333999997936,uav_02,0,,0,,,,,,,,,,,,,,,,,,,,,0,0
2.292333999997936,uav_03,0,,0,,,,,,,,,,,,,,,,,,,,,0,0
2.3994316999996954,uav_01,0,,0,,,,,,,,,,,,,,,,,,,,,0,0
2.3994316999996954,uav_02,0,,0,,,,,,,,,,,,,,,,,,,,,0,0
2.3994316999996954,uav_03,0,,0,,,,,,,,,,,,,,,,,,,,,0,0
2.491277799999807,uav_01,0,,0,,,,,,,,,,,,,,,,,,,,,0,0
2.491277799999807,uav_02,0,,0,,,,,,,,,,,,,,,,,,,,,0,0
2.491277799999807,uav_03,0,,0,,,,,,,,,,,,,,,,,,,,,0,0
2.598426599997765,uav_01,0,,0,,,,,,,,,,,,,,,,,,,,,0,0
2.598426599997765,uav_02,0,,0,,,,,,,,,,,,,,,,,,,,,0,0
2.598426599997765,uav_03,0,,0,,,,,,,,,,,,,,,,,,,,,0,0
2.6907699999974284,uav_01,0,,0,,,,,,,,,,,,,,,,,,,,,0,0
2.6907699999974284,uav_02,0,,0,,,,,,,,,,,,,,,,,,,,,0,0
2.6907699999974284,uav_03,0,,0,,,,,,,,,,,,,,,,,,,,,0,0
2.798768699998618,uav_01,0,,0,,,,,,,,,,,,,,,,,,,,,0,0
2.798768699998618,uav_02,0,,0,,,,,,,,,,,,,,,,,,,,,0,0
2.798768699998618,uav_03,0,,0,,,,,,,,,,,,,,,,,,,,,0,0
2.890821099997993,uav_01,0,,0,,,,,,,,,,,,,,,,,,,,,0,0
2.890821099997993,uav_02,0,,0,,,,,,,,,,,,,,,,,,,,,0,0
2.890821099997993,uav_03,0,,0,,,,,,,,,,,,,,,,,,,,,0,0
2.9984395999999833,uav_01,0,,0,,,,,,,,,,,,,,,,,,,,,0,0
2.9984395999999833,uav_02,0,,0,,,,,,,,,,,,,,,,,,,,,0,0
2.9984395999999833,uav_03,0,,0,,,,,,,,,,,,,,,,,,,,,0,0
3.1054535000002943,uav_01,0,,0,,,,,,,,,,,,,,,,,,,,,0,0
3.1054535000002943,uav_02,0,,0,,,,,,,,,,,,,,,,,,,,,0,0
3.1054535000002943,uav_03,0,,0,,,,,,,,,,,,,,,,,,,,,0,0
3.1991517999995267,uav_01,0,,0,,,,,,,,,,,,,,,,,,,,,0,0
3.1991517999995267,uav_02,0,,0,,,,,,,,,,,,,,,,,,,,,0,0
3.1991517999995267,uav_03,0,,0,,,,,,,,,,,,,,,,,,,,,0,0
3.290895599999203,uav_01,0,,0,,,,,,,,,,,,,,,,,,,,,0,0
3.290895599999203,uav_02,0,,0,,,,,,,,,,,,,,,,,,,,,0,0
3.290895599999203,uav_03,0,,0,,,,,,,,,,,,,,,,,,,,,0,0
3.398430699999153,uav_01,0,,0,,,,,,,,,,,,,,,,,,,,,0,0
3.398430699999153,uav_02,0,,0,,,,,,,,,,,,,,,,,,,,,0,0
3.398430699999153,uav_03,0,,0,,,,,,,,,,,,,,,,,,,,,0,0
3.490596799998457,uav_01,0,,0,,,,,,,,,,,,,,,,,,,,,0,0
3.490596799998457,uav_02,0,,0,,,,,,,,,,,,,,,,,,,,,0,0
3.490596799998457,uav_03,0,,0,,,,,,,,,,,,,,,,,,,,,0,0
3.5973192999990715,uav_01,0,,0,,,,,,,,,,,,,,,,,,,,,0,0
3.5973192999990715,uav_02,0,,0,,,,,,,,,,,,,,,,,,,,,0,0
3.5973192999990715,uav_03,0,,0,,,,,,,,,,,,,,,,,,,,,0,0
3.6904331000005186,uav_01,0,,0,,,,,,,,,,,,,,,,,,,,,0,0
3.6904331000005186,uav_02,0,,0,,,,,,,,,,,,,,,,,,,,,0,0
3.6904331000005186,uav_03,0,,0,,,,,,,,,,,,,,,,,,,,,0,0
3.798588199999358,uav_01,0,position_out_of_bounds,1,0.09053380000113975,0.0906691000018327,2567,2567,,,,,,,,,,,9.267809946322814e-05,-6.77891875966452e-05,0.09697320312261581,0.0003214854223188013,-8.701930346433073e-05,-0.00013369925727602094,0,0
3.798588199999358,uav_02,0,position_out_of_bounds,1,0.09005990000150632,0.09023979999983567,2567,2567,,,,,,,,,,,9.267809946322814e-05,-6.778918032068759e-05,0.09697350114583969,0.0003214854223188013,-8.701930346433073e-05,-0.00013369925727602094,0,0
3.798588199999358,uav_03,0,position_out_of_bounds,1,0.09013169999889215,0.09035529999891878,2567,2567,,,,,,,,,,,9.267810673918575e-05,-6.77891875966452e-05,0.09697382897138596,0.0003214854223188013,-8.701930346433073e-05,-0.00013369925727602094,0,0
3.889754299998458,uav_01,1,,1,0.045400299997709226,0.04548069999873405,2667,2667,8.982872691440022,-15.020505958040388,-12.0,0.0,0.0,0.0,29.9998645,120.0000931,0.0,0.0,9.61387631832622e-05,-6.728439620928839e-05,0.09697364270687103,0.0001647437020437792,-0.000274438236374408,-4.6350211050594226e-05,0,0
3.889754299998458,uav_02,1,,1,0.04478269999890472,0.04485899999781395,2667,2667,26.996861214323715,-15.020505958040388,-12.0,0.0,0.0,0.0,29.9998645,120.0002798,0.0,0.0,9.613877773517743e-05,-6.728439620928839e-05,0.09697394073009491,0.0001647437020437792,-0.000274438236374408,-4.6350211050594226e-05,0,0
3.889754299998458,uav_03,1,,1,0.045230799998535076,0.04564789999858476,2667,2667,44.981903853479444,-15.020505958040388,-12.0,0.0,0.0,0.0,29.9998645,120.0004662,0.0,0.0,9.61387631832622e-05,-6.728438893333077e-05,0.09697426110506058,0.0001647437020437792,-0.000274438236374408,-4.6350211050594226e-05,0,0
3.9982897999980196,uav_01,1,,1,0.01373799999782932,0.013951199998700758,2767,2767,8.982872691440022,-15.020505958040388,-12.0,0.0,0.0,0.0,29.9998645,120.0000931,0.0,0.0,9.510630479780957e-05,-6.807350291637704e-05,0.09294760227203369,-0.00012941917520947754,-0.00010795042908284813,2.3903536202851683e-05,0,0
3.9982897999980196,uav_02,1,,1,0.014353700000356184,0.014487399999779882,2767,2767,26.996861214323715,-15.020505958040388,-12.0,0.0,0.0,0.0,29.9998645,120.0002798,0.0,0.0,9.510631207376719e-05,-6.807349564041942e-05,0.09294785559177399,-0.00012941917520947754,-0.00010795042908284813,2.3903536202851683e-05,0,0
3.9982897999980196,uav_03,1,,1,0.013842699998349417,0.014096299997618189,2767,2767,44.981903853479444,-15.020505958040388,-12.0,0.0,0.0,0.0,29.9998645,120.0004662,0.0,0.0,9.510630479780957e-05,-6.807349564041942e-05,0.09294816106557846,-0.00012941917520947754,-0.00010795042908284813,2.3903536202851683e-05,0,0
4.104757299999619,uav_01,1,,1,0.12020549999942887,0.1204187000003003,2767,2767,8.982872691440022,-15.020505958040388,-12.0,0.0,0.0,0.0,29.9998645,120.0000931,0.0,0.0,9.510630479780957e-05,-6.807350291637704e-05,0.09294760227203369,-0.00012941917520947754,-0.00010795042908284813,2.3903536202851683e-05,0,0
4.104757299999619,uav_02,1,,1,0.12082120000195573,0.12095490000137943,2767,2767,26.996861214323715,-15.020505958040388,-12.0,0.0,0.0,0.0,29.9998645,120.0002798,0.0,0.0,9.510631207376719e-05,-6.807349564041942e-05,0.09294785559177399,-0.00012941917520947754,-0.00010795042908284813,2.3903536202851683e-05,0,0
4.104757299999619,uav_03,1,,1,0.12031019999994896,0.12056379999921774,2767,2767,44.981903853479444,-15.020505958040388,-12.0,0.0,0.0,0.0,29.9998645,120.0004662,0.0,0.0,9.510630479780957e-05,-6.807349564041942e-05,0.09294816106557846,-0.00012941917520947754,-0.00010795042908284813,2.3903536202851683e-05,0,0
4.196084899998823,uav_01,1,,1,0.07471779999832506,0.07482639999943785,2867,2867,8.982872691440022,-15.020505958040388,-12.0,0.0,0.0,0.0,29.9998645,120.0000931,0.0,0.0,9.997262532124296e-05,-6.697170465486124e-05,0.08512052893638611,2.463561213517096e-05,0.00017434584151487797,3.8661662983940914e-05,0,0
4.196084899998823,uav_02,1,,1,0.0720216999980039,0.07208520000131102,2867,2867,26.996861214323715,-15.020505958040388,-12.0,0.0,0.0,0.0,29.9998645,120.0002798,0.0,0.0,9.997263987315819e-05,-6.697169737890363e-05,0.08512076735496521,2.463561213517096e-05,0.00017434584151487797,3.8661662983940914e-05,0,0
4.196084899998823,uav_03,1,,1,0.07458200000110082,0.07501090000005206,2867,2867,44.981903853479444,-15.020505958040388,-12.0,0.0,0.0,0.0,29.9998645,120.0004662,0.0,0.0,9.997262532124296e-05,-6.697169010294601e-05,0.0851210504770279,2.463561213517096e-05,0.00017434584151487797,3.8661662983940914e-05,0,0
4.304035900000599,uav_01,1,,1,0.04437360000156332,0.04500050000206102,2967,2967,8.982872691440022,-15.020505958040388,-12.0,0.0,0.0,0.0,29.9998645,120.0000931,0.0,0.0,0.0001107387215597555,-6.881971057737246e-05,0.07795775681734085,7.904236554168165e-05,0.00017588796617928892,0.0002194583648815751,0,0
4.304035900000599,uav_02,1,,1,0.04445600000326522,0.0448236000011093,2967,2967,26.996861214323715,-15.020505958040388,-12.0,0.0,0.0,0.0,29.9998645,120.0002798,0.0,0.0,0.0001107387215597555,-6.881970330141485e-05,0.07795799523591995,7.904236554168165e-05,0.00017588796617928892,0.0002194583648815751,0,0
4.304035900000599,uav_03,1,,1,0.044538800000736956,0.044653000000835164,2967,2967,44.981903853479444,-15.020505958040388,-12.0,0.0,0.0,0.0,29.9998645,120.0004662,0.0,0.0,0.00011073872883571312,-6.881970330141485e-05,0.07795824110507965,7.904236554168165e-05,0.00017588796617928892,0.0002194583648815751,0,0
4.396388699999079,uav_01,1,,1,0.1367264000000432,0.1373533000005409,2967,2967,8.982872691440022,-15.020505958040388,-12.0,0.0,0.0,0.0,29.9998645,120.0000931,0.0,0.0,0.0001107387215597555,-6.881971057737246e-05,0.07795775681734085,7.904236554168165e-05,0.00017588796617928892,0.0002194583648815751,0,0
4.396388699999079,uav_02,1,,1,0.1368088000017451,0.1371763999995892,2967,2967,26.996861214323715,-15.020505958040388,-12.0,0.0,0.0,0.0,29.9998645,120.0002798,0.0,0.0,0.0001107387215597555,-6.881970330141485e-05,0.07795799523591995,7.904236554168165e-05,0.00017588796617928892,0.0002194583648815751,0,0
4.396388699999079,uav_03,1,,1,0.13689159999921685,0.13700579999931506,2967,2967,44.981903853479444,-15.020505958040388,-12.0,0.0,0.0,0.0,29.9998645,120.0004662,0.0,0.0,0.00011073872883571312,-6.881970330141485e-05,0.07795824110507965,7.904236554168165e-05,0.00017588796617928892,0.0002194583648815751,0,0
4.503296499999124,uav_01,1,,1,0.10458650000146008,0.10468259999834117,3067,3067,8.982872691440022,-15.020505958040388,-12.0,0.0,0.0,0.0,29.9998645,120.0000931,0.0,0.0,0.00011364794772816822,-6.806892633903772e-05,0.0713973194360733,-0.00017613419913686812,-9.620380296837538e-05,-3.341218689456582e-05,0,0
4.503296499999124,uav_02,1,,1,0.1058800999999221,0.1059702999991714,3067,3067,26.996861214323715,-15.020505958040388,-12.0,0.0,0.0,0.0,29.9998645,120.0002798,0.0,0.0,0.00011364793317625299,-6.806891178712249e-05,0.07139754295349121,-0.00017613419913686812,-9.620380296837538e-05,-3.341218689456582e-05,0,0
4.503296499999124,uav_03,1,,1,0.10617049999927985,0.10625549999895156,3067,3067,44.981903853479444,-15.020505958040388,-12.0,0.0,0.0,0.0,29.9998645,120.0004662,0.0,0.0,0.00011364796228008345,-6.80689190630801e-05,0.07139777392148972,-0.00017613419913686812,-9.620380296837538e-05,-3.341218689456582e-05,0,0
4.5958322000005865,uav_01,1,,1,0.059034100002463674,0.059099000001879176,3167,3167,8.982872691440022,-15.020505958040388,-12.0,0.0,0.0,0.0,29.9998645,120.0000931,0.0,0.0,0.00010792622197186574,-6.786571611883119e-05,0.06538505852222443,-5.347020851331763e-05,0.00018635042943060398,5.4543423175346106e-05,0,0
4.5958322000005865,uav_02,1,,1,0.06102480000117794,0.06106740000177524,3167,3167,26.996861214323715,-15.020505958040388,-12.0,0.0,0.0,0.0,29.9998645,120.0002798,0.0,0.0,0.00010792622197186574,-6.786569429095834e-05,0.06538523733615875,-5.347020851331763e-05,0.00018635042943060398,5.4543423175346106e-05,0,0
4.5958322000005865,uav_03,1,,1,0.061191800003143726,0.06128320000061649,3167,3167,44.981903853479444,-15.020505958040388,-12.0,0.0,0.0,0.0,29.9998645,120.0004662,0.0,0.0,0.00010792623652378097,-6.786570884287357e-05,0.06538546830415726,-5.347020851331763e-05,0.00018635042943060398,5.4543423175346106e-05,0,0
4.703714299997955,uav_01,1,,1,0.029410299997834954,0.029731099999480648,3267,3267,8.982872691440022,-15.020505958040388,-12.0,0.0,0.0,0.0,29.9998645,120.0000931,0.0,0.0,0.00010000066686188802,-6.725473213009536e-05,0.05988016352057457,9.236096229869872e-05,-0.00010723711602622643,0.00011612151138251647,0,0
4.703714299997955,uav_02,1,,1,0.029205099999671802,0.02990769999814802,3267,3267,26.996861214323715,-15.020505958040388,-12.0,0.0,0.0,0.0,29.9998645,120.0002798,0.0,0.0,0.00010000065230997279,-6.725471030222252e-05,0.0598803274333477,9.236096229869872e-05,-0.00010723711602622643,0.00011612151138251647,0,0
4.703714299997955,uav_03,1,,1,0.02928569999858155,0.029603099999803817,3267,3267,44.981903853479444,-15.020505958040388,-12.0,0.0,0.0,0.0,29.9998645,120.0004662,0.0,0.0,0.00010000068141380325,-6.725473213009536e-05,0.05988054722547531,9.236096229869872e-05,-0.00010723711602622643,0.00011612151138251647,0,0
4.795763599999191,uav_01,1,,1,0.12145959999907063,0.12178040000071633,3267,3267,8.982872691440022,-15.020505958040388,-12.0,0.0,0.0,0.0,29.9998645,120.0000931,0.0,0.0,0.00010000066686188802,-6.725473213009536e-05,0.05988016352057457,9.236096229869872e-05,-0.00010723711602622643,0.00011612151138251647,0,0
4.795763599999191,uav_02,1,,1,0.12125440000090748,0.1219569999993837,3267,3267,26.996861214323715,-15.020505958040388,-12.0,0.0,0.0,0.0,29.9998645,120.0002798,0.0,0.0,0.00010000065230997279,-6.725471030222252e-05,0.0598803274333477,9.236096229869872e-05,-0.00010723711602622643,0.00011612151138251647,0,0
4.795763599999191,uav_03,1,,1,0.12133499999981723,0.1216524000010395,3267,3267,44.981903853479444,-15.020505958040388,-12.0,0.0,0.0,0.0,29.9998645,120.0004662,0.0,0.0,0.00010000068141380325,-6.725473213009536e-05,0.05988054722547531,9.236096229869872e-05,-0.00010723711602622643,0.00011612151138251647,0,0
4.902584600000409,uav_01,1,,1,0.09074260000124923,0.09082040000066627,3366,3366,8.982872691440022,-15.020505958040388,-12.0,0.0,0.0,0.0,29.9998645,120.0000931,0.0,0.0,0.0001047304758685641,-6.551267142640427e-05,0.054835863411426544,7.172548794187605e-05,-3.020196163561195e-05,-0.00020217252313159406,0,0
4.902584600000409,uav_02,1,,1,0.09128890000283718,0.09140610000031302,3366,3366,26.996861214323715,-15.020505958040388,-12.0,0.0,0.0,0.0,29.9998645,120.0002798,0.0,0.0,0.0001047304758685641,-6.551265687448904e-05,0.05483599752187729,7.172548794187605e-05,-3.020196163561195e-05,-0.00020217252313159406,0,0
4.902584600000409,uav_03,1,,1,0.08911640000223997,0.08916680000038468,3366,3366,44.981903853479444,-15.020505958040388,-12.0,0.0,0.0,0.0,29.9998645,120.0004662,0.0,0.0,0.00010473050497239456,-6.551267142640427e-05,0.054836206138134,7.172548794187605e-05,-3.020196163561195e-05,-0.00020217252313159406,0,0
4.99435799999992,uav_01,1,,1,0.04458340000201133,0.04486440000255243,3466,3466,8.982872691440022,-15.020505958040388,-12.0,0.0,0.0,0.0,29.9998645,120.0000931,0.0,0.0,0.00010924877278739586,-6.221013609319925e-05,0.0502203032374382,0.0001549273292766884,0.00024698342895135283,0.0002535054518375546,0,0
4.99435799999992,uav_02,1,,1,0.045102600000973325,0.0451984999999695,3466,3466,26.996861214323715,-15.020505958040388,-12.0,0.0,0.0,0.0,29.9998645,120.0002798,0.0,0.0,0.00010924877278739586,-6.221012154128402e-05,0.05022042244672775,0.0001549273292766884,0.00024698342895135283,0.0002535054518375546,0,0
4.99435799999992,uav_03,1,,1,0.04352389999985462,0.043594900002062786,3466,3466,44.981903853479444,-15.020505958040388,-12.0,0.0,0.0,0.0,29.9998645,120.0004662,0.0,0.0,0.00010924880916718394,-6.221013609319925e-05,0.05022061616182327,0.0001549273292766884,0.00024698342895135283,0.0002535054518375546,0,0
5.100788600000669,uav_01,1,,1,0.014387500003067544,0.01448540000274079,3566,3566,8.982872691440022,-15.020505958040388,-12.0,0.0,0.0,0.0,29.9998645,120.0000931,0.0,0.0,0.00011615373659878969,-5.913254790357314e-05,0.04599649831652641,-6.611464050365612e-05,4.3278610974084586e-05,0.0001895651366794482,0,0
5.100788600000669,uav_02,1,,1,0.014200800000253366,0.014290300001448486,3566,3566,26.996861214323715,-15.020505958040388,-12.0,0.0,0.0,0.0,29.9998645,120.0002798,0.0,0.0,0.00011615373659878969,-5.913253335165791e-05,0.04599661007523537,-6.611464050365612e-05,4.3278610974084586e-05,0.0001895651366794482,0,0
5.100788600000669,uav_03,1,,1,0.013525700000172947,0.013600100002804538,3566,3566,44.981903853479444,-15.020505958040388,-12.0,0.0,0.0,0.0,29.9998645,120.0004662,0.0,0.0,0.00011615376570262015,-5.913255154155195e-05,0.04599678888916969,-6.611464050365612e-05,4.3278610974084586e-05,0.0001895651366794482,0,0
5.193640699999378,uav_01,1,,1,0.10723960000177613,0.10733750000144937,3566,3566,8.982872691440022,-15.020505958040388,-12.0,0.0,0.0,0.0,29.9998645,120.0000931,0.0,0.0,0.00011615373659878969,-5.913254790357314e-05,0.04599649831652641,-6.611464050365612e-05,4.3278610974084586e-05,0.0001895651366794482,0,0
5.193640699999378,uav_02,1,,1,0.10705289999896195,0.10714240000015707,3566,3566,26.996861214323715,-15.020505958040388,-12.0,0.0,0.0,0.0,29.9998645,120.0002798,0.0,0.0,0.00011615373659878969,-5.913253335165791e-05,0.04599661007523537,-6.611464050365612e-05,4.3278610974084586e-05,0.0001895651366794482,0,0
5.193640699999378,uav_03,1,,1,0.10637779999888153,0.10645220000151312,3566,3566,44.981903853479444,-15.020505958040388,-12.0,0.0,0.0,0.0,29.9998645,120.0004662,0.0,0.0,0.00011615376570262015,-5.913255154155195e-05,0.04599678888916969,-6.611464050365612e-05,4.3278610974084586e-05,0.0001895651366794482,0,0
5.300957699997525,uav_01,1,,1,0.07497329999750946,0.07515309999871533,3666,3666,8.982872691440022,-15.020505958040388,-12.0,0.0,0.0,0.0,29.9998645,120.0000931,0.0,0.0,0.00012057024287059903,-5.951923594693653e-05,0.04212851822376251,3.516595143082668e-06,-0.00019687351596076041,-6.132568523753434e-05,0,0
5.300957699997525,uav_02,1,,1,0.07486929999868153,0.07555359999969369,3666,3666,26.996861214323715,-15.020505958040388,-12.0,0.0,0.0,0.0,29.9998645,120.0002798,0.0,0.0,0.00012057025014655665,-5.9519221395021304e-05,0.04212861880660057,3.516595143082668e-06,-0.00019687351596076041,-6.132568523753434e-05,0,0
5.300957699997525,uav_03,1,,1,0.07570069999928819,0.07578859999921406,3666,3666,44.981903853479444,-15.020505958040388,-12.0,0.0,0.0,0.0,29.9998645,120.0004662,0.0,0.0,0.00012057027197442949,-5.951923958491534e-05,0.0421287976205349,3.516595143082668e-06,-0.00019687351596076041,-6.132568523753434e-05,0,0
5.3941704999997455,uav_01,1,,1,0.030080500000622123,0.030460599999059923,3766,3766,8.982872691440022,-15.020505958040388,-12.0,0.0,0.0,0.0,29.9998645,120.0000931,0.0,0.0,0.000125095306430012,-6.482319440692663e-05,0.038587793707847595,-0.00014003914839122444,0.00026061374228447676,-6.169264815980569e-05,0,0
5.3941704999997455,uav_02,1,,1,0.030207800002244767,0.030295100001239916,3766,3766,26.996861214323715,-15.020505958040388,-12.0,0.0,0.0,0.0,29.9998645,120.0002798,0.0,0.0,0.00012509532098192722,-6.48231798550114e-05,0.03858787566423416,-0.00014003914839122444,0.00026061374228447676,-6.169264815980569e-05,0,0
5.3941704999997455,uav_03,1,,1,0.028818800001317868,0.028974400000151945,3766,3766,44.981903853479444,-15.020505958040388,-12.0,0.0,0.0,0.0,29.9998645,120.0004662,0.0,0.0,0.000125095306430012,-6.48231798550114e-05,0.03858804330229759,-0.00014003914839122444,0.00026061374228447676,-6.169264815980569e-05,0,0
5.502046999998129,uav_01,1,,1,0.13795699999900535,0.13833709999744315,3766,3766,8.982872691440022,-15.020505958040388,-12.0,0.0,0.0,0.0,29.9998645,120.0000931,0.0,0.0,0.000125095306430012,-6.482319440692663e-05,0.038587793707847595,-0.00014003914839122444,0.00026061374228447676,-6.169264815980569e-05,0,0
5.502046999998129,uav_02,1,,1,0.138084300000628,0.13817159999962314,3766,3766,26.996861214323715,-15.020505958040388,-12.0,0.0,0.0,0.0,29.9998645,120.0002798,0.0,0.0,0.00012509532098192722,-6.48231798550114e-05,0.03858787566423416,-0.00014003914839122444,0.00026061374228447676,-6.169264815980569e-05,0,0
5.502046999998129,uav_03,1,,1,0.1366952999997011,0.13685089999853517,3766,3766,44.981903853479444,-15.020505958040388,-12.0,0.0,0.0,0.0,29.9998645,120.0004662,0.0,0.0,0.000125095306430012,-6.48231798550114e-05,0.03858804330229759,-0.00014003914839122444,0.00026061374228447676,-6.169264815980569e-05,0,0
5.595883800000593,uav_01,1,,1,0.09304170000177692,0.09311950000119396,3866,3866,8.982872691440022,-15.020505958040388,-12.0,0.0,0.0,0.0,29.9998645,120.0000931,0.0,0.0,0.00012601773778442293,-7.177977386163548e-05,0.03534474968910217,6.900572043377906e-05,-0.00010656881931936368,7.746882329229265e-05,0,0
5.595883800000593,uav_02,1,,1,0.09238720000212197,0.09278860000267741,3866,3866,26.996861214323715,-15.020505958040388,-12.0,0.0,0.0,0.0,29.9998645,120.0002798,0.0,0.0,0.00012601775233633816,-7.177976658567786e-05,0.035344820469617844,6.900572043377906e-05,-0.00010656881931936368,7.746882329229265e-05,0,0
5.595883800000593,uav_03,1,,1,0.0916520999999193,0.09172170000238111,3866,3866,44.981903853479444,-15.020505958040388,-12.0,0.0,0.0,0.0,29.9998645,120.0004662,0.0,0.0,0.0001260177232325077,-7.177975930972025e-05,0.03534498065710068,6.900572043377906e-05,-0.00010656881931936368,7.746882329229265e-05,0,0
5.702944299999217,uav_01,1,,1,0.05963490000067395,0.059887800001888536,3966,3966,8.982872691440022,-15.020505958040388,-12.0,0.0,0.0,0.0,29.9998645,120.0000931,0.0,0.0,0.00012822025746572763,-8.178028656402603e-05,0.032378774136304855,0.00022078568872530013,-4.8077299652504735e-06,-0.00011011863534804434,0,0
5.702944299999217,uav_02,1,,1,0.060558500001206994,0.060645199999271426,3966,3966,26.996861214323715,-15.020505958040388,-12.0,0.0,0.0,0.0,29.9998645,120.0002798,0.0,0.0,0.0001282202429138124,-8.178027928806841e-05,0.03237883001565933,0.00022078568872530013,-4.8077299652504735e-06,-0.00011011863534804434,0,0
5.702944299999217,uav_03,1,,1,0.06014140000115731,0.0603134000011778,3966,3966,44.981903853479444,-15.020505958040388,-12.0,0.0,0.0,0.0,29.9998645,120.0004662,0.0,0.0,0.00012822022836189717,-8.178027928806841e-05,0.03237897530198097,0.00022078568872530013,-4.8077299652504735e-06,-0.00011011863534804434,0,0
5.794475700000476,uav_01,1,,1,0.014530500000546454,0.014597700002923375,4066,4066,8.982872691440022,-15.020505958040388,-12.0,0.0,0.0,-0.03,29.9998645,120.0000931,0.0,0.0,7.579169323435053e-05,-2.610735646157991e-05,-1.0530619931614638e-07,6.385624874383211e-05,4.230322520015761e-05,-2.824362672981806e-05,0,0
5.794475700000476,uav_02,1,,1,0.01092640000206302,0.011062600002333056,4066,4066,26.996861214323715,-15.020505958040388,-12.0,0.0,0.0,-0.03,29.9998645,120.0002798,0.0,0.0,7.579169323435053e-05,-2.610735646157991e-05,-1.0530619931614638e-07,6.385624874383211e-05,4.230322520015761e-05,-2.824362672981806e-05,0,0
5.794475700000476,uav_03,1,,1,0.013457400000334019,0.014232500001526205,4066,4066,44.981903853479444,-15.020505958040388,-12.0,0.0,0.0,-0.03,29.9998645,120.0004662,0.0,0.0,7.579169323435053e-05,-2.610735646157991e-05,-1.0530619931614638e-07,6.385624874383211e-05,4.230322520015761e-05,-2.824362672981806e-05,0,0
5.902309699999023,uav_01,1,,1,0.12236449999909382,0.12243170000147074,4066,4066,8.982872691440022,-15.020505958040388,-12.0,0.0,0.0,-0.03,29.9998645,120.0000931,0.0,0.0,7.579169323435053e-05,-2.610735646157991e-05,-1.0530619931614638e-07,6.385624874383211e-05,4.230322520015761e-05,-2.824362672981806e-05,0,0
5.902309699999023,uav_02,1,,1,0.11876040000061039,0.11889660000088043,4066,4066,26.996861214323715,-15.020505958040388,-12.0,0.0,0.0,-0.03,29.9998645,120.0002798,0.0,0.0,7.579169323435053e-05,-2.610735646157991e-05,-1.0530619931614638e-07,6.385624874383211e-05,4.230322520015761e-05,-2.824362672981806e-05,0,0
5.902309699999023,uav_03,1,,1,0.12129139999888139,0.12206650000007357,4066,4066,44.981903853479444,-15.020505958040388,-12.0,0.0,0.0,-0.03,29.9998645,120.0004662,0.0,0.0,7.579169323435053e-05,-2.610735646157991e-05,-1.0530619931614638e-07,6.385624874383211e-05,4.230322520015761e-05,-2.824362672981806e-05,0,0
5.995233699999517,uav_01,1,,1,0.07485230000020238,0.0751486000008299,4166,4166,8.982872691440022,-15.020505958040388,-12.0,0.0,0.0,-0.1,29.9998645,120.0000931,0.0,0.0,7.714568346273154e-05,-2.4535213015042245e-05,3.0301011975097936e-06,5.439434971776791e-05,3.702571848407388e-05,3.7538240576395765e-05,0,0
5.995233699999517,uav_02,1,,1,0.07672359999924083,0.07683430000179214,4166,4166,26.996861214323715,-15.020505958040388,-12.0,0.0,0.0,-0.1,29.9998645,120.0002798,0.0,0.0,7.714568346273154e-05,-2.4535213015042245e-05,3.0301011975097936e-06,5.439434971776791e-05,3.702571848407388e-05,3.7538240576395765e-05,0,0
5.995233699999517,uav_03,1,,1,0.07588440000108676,0.07625650000045425,4166,4166,44.981903853479444,-15.020505958040388,-12.0,0.0,0.0,-0.1,29.9998645,120.0004662,0.0,0.0,7.714568346273154e-05,-2.4535213015042245e-05,3.0301011975097936e-06,5.439434971776791e-05,3.702571848407388e-05,3.7538240576395765e-05,0,0
6.1033067999997,uav_01,1,,1,0.04613900000185822,0.04623160000119242,4266,4266,8.982872691440022,-15.020505958040388,-12.0,0.0,0.0,-0.14,29.9998645,120.0000931,0.0,0.0,7.274340168805793e-05,-1.7326938177575357e-05,5.966110256849788e-05,4.1195911762770265e-05,2.5722634745761752e-05,3.289003507234156e-05,0,0
6.1033067999997,uav_02,1,,1,0.04571389999910025,0.046000300000741845,4266,4266,26.996861214323715,-15.020505958040388,-12.0,0.0,0.0,-0.14,29.9998645,120.0002798,0.0,0.0,7.274340168805793e-05,-1.7326938177575357e-05,5.963124567642808e-05,4.1195911762770265e-05,2.5722634745761752e-05,3.289003507234156e-05,0,0
6.1033067999997,uav_03,1,,1,0.04643919999944046,0.04655030000139959,4266,4266,44.981903853479444,-15.020505958040388,-12.0,0.0,0.0,-0.14,29.9998645,120.0004662,0.0,0.0,7.274340168805793e-05,-1.7326938177575357e-05,5.965365198790096e-05,4.1195911762770265e-05,2.5722634745761752e-05,3.289003507234156e-05,0,0
6.1957149999980174,uav_01,1,,1,0.1385472000001755,0.1386397999995097,4266,4266,8.982872691440022,-15.020505958040388,-12.0,0.0,0.0,-0.14,29.9998645,120.0000931,0.0,0.0,7.274340168805793e-05,-1.7326938177575357e-05,5.966110256849788e-05,4.1195911762770265e-05,2.5722634745761752e-05,3.289003507234156e-05,0,0
6.1957149999980174,uav_02,1,,1,0.13812209999741754,0.13840849999905913,4266,4266,26.996861214323715,-15.020505958040388,-12.0,0.0,0.0,-0.14,29.9998645,120.0002798,0.0,0.0,7.274340168805793e-05,-1.7326938177575357e-05,5.963124567642808e-05,4.1195911762770265e-05,2.5722634745761752e-05,3.289003507234156e-05,0,0
6.1957149999980174,uav_03,1,,1,0.13884739999775775,0.13895849999971688,4266,4266,44.981903853479444,-15.020505958040388,-12.0,0.0,0.0,-0.14,29.9998645,120.0004662,0.0,0.0,7.274340168805793e-05,-1.7326938177575357e-05,5.965365198790096e-05,4.1195911762770265e-05,2.5722634745761752e-05,3.289003507234156e-05,0,0
6.304350499998691,uav_01,1,,1,0.10746300000027986,0.10768879999886849,4366,4366,8.982872691440022,-15.020505958040388,-12.0,0.0,0.0,-0.16,29.9998645,120.0000931,0.0,0.0,6.909805961186066e-05,-1.181202878797194e-05,6.167170067783445e-05,5.1680326578207314e-05,6.596060120500624e-05,3.448464849498123e-05,0,0
6.304350499998691,uav_02,1,,1,0.10720719999881112,0.10803310000119382,4366,4366,26.996861214323715,-15.020505958040388,-12.0,0.0,0.0,-0.16,29.9998645,120.0002798,0.0,0.0,6.909805961186066e-05,-1.1812029697466642e-05,6.164165097288787e-05,5.1680326578207314e-05,6.596060120500624e-05,3.4484652132960036e-05,0,0
6.304350499998691,uav_03,1,,1,0.10756469999978435,0.1078559999987192,4366,4366,44.981903853479444,-15.020505958040388,-12.0,0.0,0.0,-0.16,29.9998645,120.0004662,0.0,0.0,6.909805961186066e-05,-1.1812027878477238e-05,6.166434468468651e-05,5.1680326578207314e-05,6.596060120500624e-05,3.4484652132960036e-05,0,0
6.396110599998792,uav_01,1,,1,0.060623900000791764,0.06071679999877233,4466,4466,8.982872691440022,-15.020505958040388,-12.0,0.0,0.0,-0.17,29.9998645,120.0000931,0.0,0.0,6.48279456072487e-05,-4.57429723610403e-06,6.397745164576918e-05,1.826898369472474e-05,0.00010199414828093722,-3.2771131373010576e-05,0,0
6.396110599998792,uav_02,1,,1,0.05723220000072615,0.057267500000307336,4466,4466,26.996861214323715,-15.020505958040388,-12.0,0.0,0.0,-0.17,29.9998645,120.0002798,0.0,0.0,6.48279456072487e-05,-4.574298145598732e-06,6.394748197635636e-05,1.826898369472474e-05,0.00010199414828093722,-3.277111682109535e-05,0,0
6.396110599998792,uav_03,1,,1,0.06055239999841433,0.06088889999955427,4466,4466,44.981903853479444,-15.020505958040388,-12.0,0.0,0.0,-0.17,29.9998645,120.0004662,0.0,0.0,6.48279456072487e-05,-4.574298145598732e-06,6.397033575922251e-05,1.826898369472474e-05,0.00010199414828093722,-3.277112773503177e-05,0,0
6.503877799998008,uav_01,1,,1,0.02899780000007013,0.02959270000064862,4566,4566,8.982872691440022,-15.020505958040388,-12.0,0.0,0.0,-0.18,29.9998645,120.0000931,0.0,0.0,5.686958320438862e-05,5.667581035595504e-07,6.710030720569193e-05,-4.7258527047233656e-05,3.658518471638672e-05,7.473956065950915e-05,0,0
6.503877799998008,uav_02,1,,1,0.029122799998731352,0.02942070000062813,4566,4566,26.996861214323715,-15.020505958040388,-12.0,0.0,0.0,-0.18,29.9998645,120.0002798,0.0,0.0,5.686958320438862e-05,5.667571372214297e-07,6.707054126309231e-05,-4.7258527047233656e-05,3.658518471638672e-05,7.473956793546677e-05,0,0
6.503877799998008,uav_03,1,,1,0.028695999997580657,0.029279399997903965,4566,4566,44.981903853479444,-15.020505958040388,-12.0,0.0,0.0,-0.18,29.9998645,120.0004662,0.0,0.0,5.686958320438862e-05,5.66757421438524e-07,6.70934678055346e-05,-4.7258527047233656e-05,3.658518471638672e-05,7.473956793546677e-05,0,0
6.595336599999428,uav_01,1,,1,0.12045660000148928,0.12105150000206777,4566,4566,8.982872691440022,-15.020505958040388,-12.0,0.0,0.0,-0.18,29.9998645,120.0000931,0.0,0.0,5.686958320438862e-05,5.667581035595504e-07,6.710030720569193e-05,-4.7258527047233656e-05,3.658518471638672e-05,7.473956065950915e-05,0,0
6.595336599999428,uav_02,1,,1,0.1205816000001505,0.12087950000204728,4566,4566,26.996861214323715,-15.020505958040388,-12.0,0.0,0.0,-0.18,29.9998645,120.0002798,0.0,0.0,5.686958320438862e-05,5.667571372214297e-07,6.707054126309231e-05,-4.7258527047233656e-05,3.658518471638672e-05,7.473956793546677e-05,0,0
6.595336599999428,uav_03,1,,1,0.1201547999989998,0.12073819999932311,4566,4566,44.981903853479444,-15.020505958040388,-12.0,0.0,0.0,-0.18,29.9998645,120.0004662,0.0,0.0,5.686958320438862e-05,5.66757421438524e-07,6.70934678055346e-05,-4.7258527047233656e-05,3.658518471638672e-05,7.473956793546677e-05,0,0
6.702010299999529,uav_01,1,,1,0.09021199999915552,0.09034569999857922,4667,4667,8.982872691440022,-15.020505958040388,-12.0,0.0,0.0,-0.18,29.9998645,120.0000931,0.0,0.0,5.394795516622253e-05,3.4469021557015367e-06,7.09362284396775e-05,2.2576215997105464e-05,8.943447755882517e-05,7.226106390589848e-05,0,0
6.702010299999529,uav_02,1,,1,0.0898641999992833,0.09006280000176048,4667,4667,26.996861214323715,-15.020505958040388,-12.0,0.0,0.0,-0.18,29.9998645,120.0002798,0.0,0.0,5.3947958804201335e-05,3.446900791459484e-06,7.090676808729768e-05,2.2576215997105464e-05,8.943447755882517e-05,7.226108573377132e-05,0,0
6.702010299999529,uav_03,1,,1,0.08890529999916907,0.089006000001973,4667,4667,44.981903853479444,-15.020505958040388,-12.0,0.0,0.0,-0.18,29.9998645,120.0004662,0.0,0.0,5.394795516622253e-05,3.446901246206835e-06,7.092973100952804e-05,2.2576215997105464e-05,8.943447755882517e-05,7.22610711818561e-05,0,0
6.793978599998809,uav_01,1,,1,0.043438599997898564,0.04428059999918332,4767,4767,8.982872691440022,-15.020505958040388,-12.0,0.0,0.0,-0.18,29.9998645,120.0000931,0.0,0.0,4.860994158661924e-05,5.4223301049205475e-06,7.314471440622583e-05,3.172922515659593e-05,6.312411278486252e-05,3.363997893757187e-05,0,0
6.793978599998809,uav_02,1,,1,0.04411260000051698,0.04445399999895017,4767,4767,26.996861214323715,-15.020505958040388,-12.0,0.0,0.0,-0.18,29.9998645,120.0002798,0.0,0.0,4.860994886257686e-05,5.422328740678495e-06,7.311558874789625e-05,3.172922515659593e-05,6.312411278486252e-05,3.364000076544471e-05,0,0
6.793978599998809,uav_03,1,,1,0.04388409999955911,0.0446535999981279,4767,4767,44.981903853479444,-15.020505958040388,-12.0,0.0,0.0,-0.18,29.9998645,120.0004662,0.0,0.0,4.860994158661924e-05,5.422329195425846e-06,7.313855167012662e-05,3.172922515659593e-05,6.312411278486252e-05,3.364000440342352e-05,0,0
6.901166699997702,uav_01,1,,1,0.013439299997116905,0.01394609999988461,4867,4867,8.982872691440022,-15.020505958040388,-12.0,0.0,0.0,-0.18,29.9998645,120.0000931,0.0,0.0,4.8313799197785556e-05,5.489449449669337e-06,7.657801324967295e-05,3.6543609894579276e-05,9.83521094894968e-05,4.6350563934538513e-05,0,0
6.901166699997702,uav_02,1,,1,0.011300099999061786,0.011377999999240274,4867,4867,26.996861214323715,-15.020505958040388,-12.0,0.0,0.0,-0.18,29.9998645,120.0002798,0.0,0.0,4.831380647374317e-05,5.489448540174635e-06,7.654916407773271e-05,3.6543609894579276e-05,9.83521094894968e-05,4.635057848645374e-05,0,0
6.901166699997702,uav_03,1,,1,0.013602199996967101,0.01374020000002929,4867,4867,44.981903853479444,-15.020505958040388,-12.0,0.0,0.0,-0.18,29.9998645,120.0004662,0.0,0.0,4.8313799197785556e-05,5.489448540174635e-06,7.657218520762399e-05,3.6543609894579276e-05,9.83521094894968e-05,4.635058212443255e-05,0,0
6.993817899998248,uav_01,1,,1,0.10609049999766285,0.10659730000043055,4867,4867,8.982872691440022,-15.020505958040388,-12.0,0.0,0.0,-0.18,29.9998645,120.0000931,0.0,0.0,4.8313799197785556e-05,5.489449449669337e-06,7.657801324967295e-05,3.6543609894579276e-05,9.83521094894968e-05,4.6350563934538513e-05,0,0
6.993817899998248,uav_02,1,,1,0.10395129999960773,0.10402919999978621,4867,4867,26.996861214323715,-15.020505958040388,-12.0,0.0,0.0,-0.18,29.9998645,120.0002798,0.0,0.0,4.831380647374317e-05,5.489448540174635e-06,7.654916407773271e-05,3.6543609894579276e-05,9.83521094894968e-05,4.635057848645374e-05,0,0
6.993817899998248,uav_03,1,,1,0.10625339999751304,0.10639140000057523,4867,4867,44.981903853479444,-15.020505958040388,-12.0,0.0,0.0,-0.18,29.9998645,120.0004662,0.0,0.0,4.8313799197785556e-05,5.489448540174635e-06,7.657218520762399e-05,3.6543609894579276e-05,9.83521094894968e-05,4.635058212443255e-05,0,0
7.100519100000383,uav_01,1,,1,0.07458630000110134,0.07467259999975795,4967,4967,8.982872691440022,-15.020505958040388,-12.0,0.0,0.0,-0.18,29.9998645,120.0000931,0.0,0.0,5.01863396493718e-05,2.537549789849436e-06,7.896097667980939e-05,4.037797225464601e-06,7.042486686259508e-05,2.942158425867092e-05,0,0
7.100519100000383,uav_02,1,,1,0.07579729999997653,0.07590429999982007,4967,4967,26.996861214323715,-15.020505958040388,-12.0,0.0,0.0,-0.18,29.9998645,120.0002798,0.0,0.0,5.018634692532942e-05,2.5375486529810587e-06,7.893232395872474e-05,4.037797225464601e-06,7.042486686259508e-05,2.942159517260734e-05,0,0
7.100519100000383,uav_03,1,,1,0.07476660000247648,0.07483900000079302,4967,4967,44.981903853479444,-15.020505958040388,-12.0,0.0,0.0,-0.18,29.9998645,120.0004662,0.0,0.0,5.01863396493718e-05,2.537548880354734e-06,7.895535964053124e-05,4.037797225464601e-06,7.042486686259508e-05,2.942159517260734e-05,0,0
7.193848700000672,uav_01,1,,1,0.03029180000157794,0.03046570000151405,5067,5067,8.982872691440022,-15.020505958040388,-12.0,0.0,0.0,-0.17,29.9998645,120.0000931,0.0,0.0,5.406289710663259e-05,-3.3140292998723453e-06,8.146939217112958e-05,5.456181679619476e-05,6.971421680646017e-05,2.1830872356076725e-05,0,0
7.193848700000672,uav_02,1,,1,0.030907500000466825,0.030991800002084346,5067,5067,26.996861214323715,-15.020505958040388,-12.0,0.0,0.0,-0.17,29.9998645,120.0002798,0.0,0.0,5.4062904382590204e-05,-3.314030209367047e-06,8.14409286249429e-05,5.456181679619476e-05,6.971421680646017e-05,2.183090509788599e-05,0,0
7.193848700000672,uav_03,1,,1,0.03038150000065798,0.030621699999755947,5067,5067,44.981903853479444,-15.020505958040388,-12.0,0.0,0.0,-0.17,29.9998645,120.0004662,0.0,0.0,5.406289710663259e-05,-3.3140299819933716e-06,8.146389882313088e-05,5.456181679619476e-05,6.971421680646017e-05,2.183087417506613e-05,0,0
7.301450099999784,uav_01,1,,1,0.13789320000068983,0.13806710000062594,5067,5067,8.982872691440022,-15.020505958040388,-12.0,0.0,0.0,-0.17,29.9998645,120.0000931,0.0,0.0,5.406289710663259e-05,-3.3140292998723453e-06,8.146939217112958e-05,5.456181679619476e-05,6.971421680646017e-05,2.1830872356076725e-05,0,0
7.301450099999784,uav_02,1,,1,0.13850889999957872,0.13859320000119624,5067,5067,26.996861214323715,-15.020505958040388,-12.0,0.0,0.0,-0.17,29.9998645,120.0002798,0.0,0.0,5.4062904382590204e-05,-3.314030209367047e-06,8.14409286249429e-05,5.456181679619476e-05,6.971421680646017e-05,2.183090509788599e-05,0,0
7.301450099999784,uav_03,1,,1,0.13798289999976987,0.13822309999886784,5067,5067,44.981903853479444,-15.020505958040388,-12.0,0.0,0.0,-0.17,29.9998645,120.0004662,0.0,0.0,5.406289710663259e-05,-3.3140299819933716e-06,8.146389882313088e-05,5.456181679619476e-05,6.971421680646017e-05,2.183087417506613e-05,0,0
7.395604999997886,uav_01,1,,1,0.09277359999759938,0.09287439999752678,5167,5167,8.982872691440022,-15.020505958040388,-12.0,0.0,0.0,-0.17,29.9998645,120.0000931,0.0,0.0,5.7755310990614817e-05,-1.1107360478490591e-05,8.463394624413922e-05,2.5620473024901003e-05,5.433873229776509e-05,2.9299222660483792e-05,0,0
7.395604999997886,uav_02,1,,1,0.0931879999989178,0.09331219999876339,5167,5167,26.996861214323715,-15.020505958040388,-12.0,0.0,0.0,-0.17,29.9998645,120.0002798,0.0,0.0,5.775531826657243e-05,-1.1107360478490591e-05,8.460563549306244e-05,2.5620473024901003e-05,5.433873229776509e-05,2.9299249945324846e-05,0,0
7.395604999997886,uav_03,1,,1,0.09049939999749768,0.0905748000004678,5167,5167,44.981903853479444,-15.020505958040388,-12.0,0.0,0.0,-0.17,29.9998645,120.0004662,0.0,0.0,5.7755310990614817e-05,-1.1107361387985293e-05,8.462845289614052e-05,2.5620473024901003e-05,5.433873229776509e-05,2.9299219022504985e-05,0,0
7.503006099999766,uav_01,1,,1,0.05909800000154064,0.059169600001041545,5267,5267,8.982872691440022,-15.020505958040388,-12.0,0.0,0.0,-0.16,29.9998645,120.0000931,0.0,0.0,6.462071178248152e-05,-1.907978548842948e-05,8.702922787051648e-05,7.535187614848837e-05,3.458878927631304e-05,2.7774525733548217e-05,0,0
7.503006099999766,uav_02,1,,1,0.060159000000567175,0.06025260000023991,5267,5267,26.996861214323715,-15.020505958040388,-12.0,0.0,0.0,-0.16,29.9998645,120.0002798,0.0,0.0,6.462071905843914e-05,-1.9079783669440076e-05,8.700093894731253e-05,7.535187614848837e-05,3.458878563833423e-05,2.7774511181632988e-05,0,0
7.503006099999766,uav_03,1,,1,0.05980760000238661,0.05994170000121812,5267,5267,44.981903853479444,-15.020505958040388,-12.0,0.0,0.0,-0.16,29.9998645,120.0004662,0.0,0.0,6.462071178248152e-05,-1.9079787307418883e-05,8.70236472110264e-05,7.535187614848837e-05,3.458878563833423e-05,2.7774480258813128e-05,0,0
7.594731299999694,uav_01,1,,1,0.014085599999816623,0.014496300002065254,5367,5367,8.982872691440022,-15.020505958040388,-12.0,0.0,0.0,-0.16,29.9998645,120.0000931,0.0,0.0,7.152603939175606e-05,-2.4090799342957325e-05,9.0932531747967e-05,4.019678453914821e-05,8.309308759635314e-05,6.244653923204169e-05,0,0
7.594731299999694,uav_02,1,,1,0.014166600001772167,0.014293000000179745,5367,5367,26.996861214323715,-15.020505958040388,-12.0,0.0,0.0,-0.16,29.9998645,120.0002798,0.0,0.0,7.152605394367129e-05,-2.4090797523967922e-05,9.090411913348362e-05,4.019678453914821e-05,8.309308759635314e-05,6.244648102438077e-05,0,0
7.594731299999694,uav_03,1,,1,0.012921400000777794,0.013269900002342183,5367,5367,44.981903853479444,-15.020505958040388,-12.0,0.0,0.0,-0.16,29.9998645,120.0004662,0.0,0.0,7.152603939175606e-05,-2.409080116194673e-05,9.092666005017236e-05,4.019678453914821e-05,8.309308759635314e-05,6.244640826480463e-05,0,0
7.702304300000833,uav_01,1,,1,0.12165860000095563,0.12206930000320426,5367,5367,8.982872691440022,-15.020505958040388,-12.0,0.0,0.0,-0.16,29.9998645,120.0000931,0.0,0.0,7.152603939175606e-05,-2.4090799342957325e-05,9.0932531747967e-05,4.019678453914821e-05,8.309308759635314e-05,6.244653923204169e-05,0,0
7.702304300000833,uav_02,1,,1,0.12173960000291117,0.12186600000131875,5367,5367,26.996861214323715,-15.020505958040388,-12.0,0.0,0.0,-0.16,29.9998645,120.0002798,0.0,0.0,7.152605394367129e-05,-2.4090797523967922e-05,9.090411913348362e-05,4.019678453914821e-05,8.309308759635314e-05,6.244648102438077e-05,0,0
7.702304300000833,uav_03,1,,1,0.1204944000019168,0.12084290000348119,5367,5367,44.981903853479444,-15.020505958040388,-12.0,0.0,0.0,-0.16,29.9998645,120.0004662,0.0,0.0,7.152603939175606e-05,-2.409080116194673e-05,9.092666005017236e-05,4.019678453914821e-05,8.309308759635314e-05,6.244640826480463e-05,0,0
7.795051400000375,uav_01,1,,1,0.07628920000206563,0.0763942000012321,5466,5466,8.982872691440022,-15.020505958040388,-12.0,0.0,0.0,-0.15,29.9998645,120.0000931,0.0,0.0,7.920504867797717e-05,-2.8386470148689114e-05,9.645242971600965e-05,9.11404931684956e-05,9.902133024297655e-05,2.8115569875808433e-05,0,0
7.795051400000375,uav_02,1,,1,0.07588590000159456,0.07600110000203131,5466,5466,26.996861214323715,-15.020505958040388,-12.0,0.0,0.0,-0.15,29.9998645,120.0002798,0.0,0.0,7.920505595393479e-05,-2.8386466510710306e-05,9.64237842708826e-05,9.11404931684956e-05,9.902133024297655e-05,2.811551166814752e-05,0,0
7.795051400000375,uav_03,1,,1,0.07456570000067586,0.07463320000169915,5466,5466,44.981903853479444,-15.020505958040388,-12.0,0.0,0.0,-0.15,29.9998645,120.0004662,0.0,0.0,7.920504867797717e-05,-2.8386470148689114e-05,9.644612873671576e-05,9.11404931684956e-05,9.902133024297655e-05,2.811544618452899e-05,0,0
7.902262399999017,uav_01,1,,1,0.04466410000168253,0.044792900000174996,5566,5566,8.982872691440022,-15.020505958040388,-12.0,0.0,0.0,-0.14,29.9998645,120.0000931,0.0,0.0,8.435747440671548e-05,-3.482453394099139e-05,9.927310748025775e-05,2.9791632186970674e-05,1.2214991329528857e-05,4.935685865348205e-05,0,0
7.902262399999017,uav_02,1,,1,0.04436429999987013,0.044435200001316844,5566,5566,26.996861214323715,-15.020505958040388,-12.0,0.0,0.0,-0.14,29.9998645,120.0002798,0.0,0.0,8.435748895863071e-05,-3.482453394099139e-05,9.924426558427513e-05,2.9791632186970674e-05,1.2214991329528857e-05,4.935679680784233e-05,0,0
7.902262399999017,uav_03,1,,1,0.041434999999182764,0.041502399999444606,5566,5566,44.981903853479444,-15.020505958040388,-12.0,0.0,0.0,-0.14,29.9998645,120.0004662,0.0,0.0,8.435747440671548e-05,-3.482453394099139e-05,9.926644270308316e-05,2.9791632186970674e-05,1.2214991329528857e-05,4.935673496220261e-05,0,0
7.993979999999283,uav_01,1,,1,0.13638170000194805,0.13651050000044052,5566,5566,8.982872691440022,-15.020505958040388,-12.0,0.0,0.0,-0.14,29.9998645,120.0000931,0.0,0.0,8.435747440671548e-05,-3.482453394099139e-05,9.927310748025775e-05,2.9791632186970674e-05,1.2214991329528857e-05,4.935685865348205e-05,0,0
7.993979999999283,uav_02,1,,1,0.13608190000013565,0.13615280000158236,5566,5566,26.996861214323715,-15.020505958040388,-12.0,0.0,0.0,-0.14,29.9998645,120.0002798,0.0,0.0,8.435748895863071e-05,-3.482453394099139e-05,9.924426558427513e-05,2.9791632186970674e-05,1.2214991329528857e-05,4.935679680784233e-05,0,0
7.993979999999283,uav_03,1,,1,0.13315259999944828,0.13321999999971013,5566,5566,44.981903853479444,-15.020505958040388,-12.0,0.0,0.0,-0.14,29.9998645,120.0004662,0.0,0.0,8.435747440671548e-05,-3.482453394099139e-05,9.926644270308316e-05,2.9791632186970674e-05,1.2214991329528857e-05,4.935673496220261e-05,0,0
8.101476299998467,uav_01,1,,1,0.10488170000098762,0.10493230000065523,5666,5666,8.982872691440022,-15.020505958040388,-12.0,0.0,0.0,-0.13,29.9998645,120.0000931,0.0,0.0,8.590582001488656e-05,-3.578397081582807e-05,0.0001031305655487813,3.842008300125599e-05,2.654420859471429e-05,3.655349792097695e-05,0,0
8.101476299998467,uav_02,1,,1,0.10664320000068983,0.10670749999917462,5666,5666,26.996861214323715,-15.020505958040388,-12.0,0.0,0.0,-0.13,29.9998645,120.0002798,0.0,0.0,8.590582729084417e-05,-3.578396717784926e-05,0.0001031015272019431,3.842008300125599e-05,2.654420859471429e-05,3.6553432437358424e-05,0,0
8.101476299998467,uav_03,1,,1,0.10577510000075563,0.10601260000112234,5666,5666,44.981903853479444,-15.020505958040388,-12.0,0.0,0.0,-0.13,29.9998645,120.0004662,0.0,0.0,8.590582001488656e-05,-3.578397081582807e-05,0.00010312352969776839,3.842008300125599e-05,2.654420859471429e-05,3.655332693597302e-05,0,0
8.193364899998414,uav_01,1,,1,0.06049229999916861,0.06059520000053453,5766,5766,8.982872691440022,-15.020505958040388,-12.0,0.0,0.0,-0.12,29.9998645,120.0000931,0.0,0.0,9.098116424866021e-05,-3.670244768727571e-05,0.00010877881140913814,8.704932406544685e-05,3.089590245508589e-05,4.5652159315068275e-05,0,0
8.193364899998414,uav_02,1,,1,0.060086400000727735,0.06038339999940945,5766,5766,26.996861214323715,-15.020505958040388,-12.0,0.0,0.0,-0.12,29.9998645,120.0002798,0.0,0.0,9.098117152461782e-05,-3.6702451325254515e-05,0.00010874958388740197,8.704932406544685e-05,3.089590245508589e-05,4.5652046537725255e-05,0,0
8.193364899998414,uav_03,1,,1,0.05871859999751905,0.05878329999904963,5766,5766,44.981903853479444,-15.020505958040388,-12.0,0.0,0.0,-0.12,29.9998645,120.0004662,0.0,0.0,9.098116424866021e-05,-3.670244768727571e-05,0.00010877144814003259,8.704932406544685e-05,3.089590245508589e-05,4.565199196804315e-05,0,0
8.30111129999932,uav_01,1,,1,0.029252000000269618,0.029876100001274608,5866,5866,8.982872691440022,-15.020505958040388,-12.0,0.0,0.0,-0.11,29.9998645,120.0000931,0.0,0.0,9.280946687795222e-05,-3.6006687878398225e-05,0.00011193480168003589,-4.801258000952657e-06,5.147605043021031e-05,7.837233715690672e-05,0,0
8.30111129999932,uav_02,1,,1,0.027732999998988817,0.028975100001844112,5866,5866,26.996861214323715,-15.020505958040388,-12.0,0.0,0.0,-0.11,29.9998645,120.0002798,0.0,0.0,9.280946687795222e-05,-3.6006687878398225e-05,0.0001119053631555289,-4.801258000952657e-06,5.147605043021031e-05,7.837222801754251e-05,0,0
8.30111129999932,uav_03,1,,1,0.029611599999043392,0.02971629999956349,5866,5866,44.981903853479444,-15.020505958040388,-12.0,0.0,0.0,-0.11,29.9998645,120.0004662,0.0,0.0,9.280946687795222e-05,-3.6006687878398225e-05,0.00011192719830432907,-4.801258000952657e-06,5.147605043021031e-05,7.837217708583921e-05,0,0
8.394225399999414,uav_01,1,,1,0.12236610000036308,0.12299020000136807,5866,5866,8.982872691440022,-15.020505958040388,-12.0,0.0,0.0,-0.11,29.9998645,120.0000931,0.0,0.0,9.280946687795222e-05,-3.6006687878398225e-05,0.00011193480168003589,-4.801258000952657e-06,5.147605043021031e-05,7.837233715690672e-05,0,0
8.394225399999414,uav_02,1,,1,0.12084709999908227,0.12208920000193757,5866,5866,26.996861214323715,-15.020505958040388,-12.0,0.0,0.0,-0.11,29.9998645,120.0002798,0.0,0.0,9.280946687795222e-05,-3.6006687878398225e-05,0.0001119053631555289,-4.801258000952657e-06,5.147605043021031e-05,7.837222801754251e-05,0,0
8.394225399999414,uav_03,1,,1,0.12272569999913685,0.12283039999965695,5866,5866,44.981903853479444,-15.020505958040388,-12.0,0.0,0.0,-0.11,29.9998645,120.0004662,0.0,0.0,9.280946687795222e-05,-3.6006687878398225e-05,0.00011192719830432907,-4.801258000952657e-06,5.147605043021031e-05,7.837217708583921e-05,0,0
8.50126789999922,uav_01,1,,1,0.10616179999851738,0.10623209999903338,5966,5966,8.982872691440022,-15.020505958040388,-12.0,0.0,0.0,-0.1,29.9998645,120.0000931,0.0,0.0,9.341944678453729e-05,-3.459569052211009e-05,0.00011545583402039483,6.308359297690913e-05,3.859470598399639e-05,3.307289443910122e-05,0,0
8.50126789999922,uav_02,1,,1,0.1056280999982846,0.10576299999956973,5966,5966,26.996861214323715,-15.020505958040388,-12.0,0.0,0.0,-0.1,29.9998645,120.0002798,0.0,0.0,9.341944678453729e-05,-3.45956941600889e-05,0.00011542620632098988,6.308359297690913e-05,3.859470598399639e-05,3.30727307300549e-05,0,0
8.50126789999922,uav_03,1,,1,0.10323689999859198,0.10635099999853992,5966,5966,44.981903853479444,-15.020505958040388,-12.0,0.0,0.0,-0.1,29.9998645,120.0004662,0.0,0.0,9.341944678453729e-05,-3.459569052211009e-05,0.00011544803419383243,6.308359297690913e-05,3.859470598399639e-05,3.307273436803371e-05,0,0
8.59353579999879,uav_01,1,,1,0.07516849999956321,0.07538779999958933,6066,6066,8.982872691440022,-15.020505958040388,-12.0,0.0,0.0,-0.09,29.9998645,120.0000931,0.0,0.0,9.424527524970472e-05,-3.112753984169103e-05,0.00011962103599216789,4.688207991421223e-05,7.818879385013133e-05,5.970947313471697e-05,0,0
8.59353579999879,uav_02,1,,1,0.07455489999847487,0.07477289999951608,6066,6066,26.996861214323715,-15.020505958040388,-12.0,0.0,0.0,-0.09,29.9998645,120.0002798,0.0,0.0,9.424527524970472e-05,-3.112754347966984e-05,0.00011959117546211928,4.688207991421223e-05,7.818879385013133e-05,5.970931306364946e-05,0,0
8.59353579999879,uav_03,1,,1,0.060585299997910624,0.06065200000011828,6066,6066,44.981903853479444,-15.020505958040388,-12.0,0.0,0.0,-0.09,29.9998645,120.0004662,0.0,0.0,9.424527524970472e-05,-3.112753984169103e-05,0.00011961311975028366,4.688207991421223e-05,7.818879385013133e-05,5.970931670162827e-05,0,0
8.701018199997634,uav_01,1,,1,0.044848699999420205,0.045105599998350954,6166,6166,8.982872691440022,-15.020505958040388,-12.0,0.0,0.0,-0.07,29.9998645,120.0000931,0.0,0.0,9.30054229684174e-05,-2.831322308338713e-05,0.00012345978757366538,4.722696394310333e-05,2.6990510377800092e-05,7.470114360330626e-05,0,0
8.701018199997634,uav_02,1,,1,0.044996099997661076,0.04527889999735635,6166,6166,26.996861214323715,-15.020505958040388,-12.0,0.0,0.0,-0.07,29.9998645,120.0002798,0.0,0.0,9.300541569245979e-05,-2.8313224902376533e-05,0.0001234297378687188,4.722696394310333e-05,2.6990510377800092e-05,7.470098353223875e-05,0,0
8.701018199997634,uav_03,1,,1,0.029692999996768776,0.02979799999957322,6166,6166,44.981903853479444,-15.020505958040388,-12.0,0.0,0.0,-0.07,29.9998645,120.0004662,0.0,0.0,9.30054229684174e-05,-2.831322308338713e-05,0.00012345178402028978,4.722696394310333e-05,2.6990510377800092e-05,7.470093260053545e-05,0,0
8.7928084999985,uav_01,1,,1,0.13663900000028661,0.13689589999921736,6166,6166,8.982872691440022,-15.020505958040388,-12.0,0.0,0.0,-0.07,29.9998645,120.0000931,0.0,0.0,9.30054229684174e-05,-2.831322308338713e-05,0.00012345978757366538,4.722696394310333e-05,2.6990510377800092e-05,7.470114360330626e-05,0,0
8.7928084999985,uav_02,1,,1,0.13678639999852749,0.13706919999822276,6166,6166,26.996861214323715,-15.020505958040388,-12.0,0.0,0.0,-0.07,29.9998645,120.0002798,0.0,0.0,9.300541569245979e-05,-2.8313224902376533e-05,0.0001234297378687188,4.722696394310333e-05,2.6990510377800092e-05,7.470098353223875e-05,0,0
8.7928084999985,uav_03,1,,1,0.12148329999763519,0.12158830000043963,6166,6166,44.981903853479444,-15.020505958040388,-12.0,0.0,0.0,-0.07,29.9998645,120.0004662,0.0,0.0,9.30054229684174e-05,-2.831322308338713e-05,0.00012345178402028978,4.722696394310333e-05,2.6990510377800092e-05,7.470093260053545e-05,0,0
8.900937599999452,uav_01,1,,1,0.10669369999959599,0.10720510000101058,6266,6266,8.982872691440022,-15.020505958040388,-12.0,0.0,0.0,-0.06,29.9998645,120.0000931,0.0,0.0,9.193739970214665e-05,-2.5762270524865016e-05,0.00012891157530248165,-1.5981950127752498e-05,2.0759784092660993e-05,5.4068059398559853e-05,0,0
8.900937599999452,uav_02,1,,1,0.1069156000012299,0.10739309999917168,6266,6266,26.996861214323715,-15.020505958040388,-12.0,0.0,0.0,-0.06,29.9998645,120.0002798,0.0,0.0,9.193738515023142e-05,-2.5762270524865016e-05,0.0001288813800783828,-1.5981950127752498e-05,2.075978227367159e-05,5.4067906603449956e-05,0,0
8.900937599999452,uav_03,1,,1,0.1063471000015852,0.10704890000124578,6266,6266,44.981903853479444,-15.020505958040388,-12.0,0.0,0.0,-0.06,29.9998645,120.0004662,0.0,0.0,9.193739970214665e-05,-2.5762270524865016e-05,0.00012890346988569945,-1.5981950127752498e-05,2.0759784092660993e-05,5.4067855671746656e-05,0,0
8.993866299999354,uav_01,1,,1,0.061119300000427756,0.06134659999952419,6366,6366,8.982872691440022,-15.020505958040388,-12.0,0.0,0.0,-0.04,29.9998645,120.0000931,0.0,0.0,9.050672815646976e-05,-2.0562012650771067e-05,0.00013376193237490952,6.038870196789503e-05,2.6974072170560248e-05,8.670300303492695e-05,0,0
8.993866299999354,uav_02,1,,1,0.06087639999896055,0.06121250000069267,6366,6366,26.996861214323715,-15.020505958040388,-12.0,0.0,0.0,-0.04,29.9998645,120.0002798,0.0,0.0,9.050671360455453e-05,-2.0562012650771067e-05,0.0001337316061835736,6.038870196789503e-05,2.6974072170560248e-05,8.670285023981705e-05,0,0
8.993866299999354,uav_03,1,,1,0.05821790000118199,0.05826589999924181,6366,6366,44.981903853479444,-15.020505958040388,-12.0,0.0,0.0,-0.04,29.9998645,120.0004662,0.0,0.0,9.050672815646976e-05,-2.0562012650771067e-05,0.00013375369599089026,6.038870196789503e-05,2.6974072170560248e-05,8.670280658407137e-05,0,0
9.10101399999985,uav_01,1,,1,0.029127199999493314,0.02948599999945145,6466,6466,8.982872691440022,-15.020505958040388,-12.0,0.0,0.0,-0.03,29.9998645,120.0000931,0.0,0.0,9.157219756161794e-05,-1.949705801962409e-05,0.00013567667338065803,6.947715155547485e-05,1.4179028767102864e-05,3.8185342418728396e-05,0,0
9.10101399999985,uav_02,1,,1,0.028129900001658825,0.02982719999999972,6466,6466,26.996861214323715,-15.020505958040388,-12.0,0.0,0.0,-0.03,29.9998645,120.0002798,0.0,0.0,9.157218300970271e-05,-1.9497059838613495e-05,0.00013564627442974597,6.947715155547485e-05,1.4179028767102864e-05,3.818519689957611e-05,0,0
9.10101399999985,uav_03,1,,1,0.030051600002479972,0.03013959999952931,6466,6466,44.981903853479444,-15.020505958040388,-12.0,0.0,0.0,-0.03,29.9998645,120.0004662,0.0,0.0,9.157219756161794e-05,-1.949705801962409e-05,0.00013566837878897786,6.947715155547485e-05,1.4179028767102864e-05,3.8185218727448955e-05,0,0
9.193289099999674,uav_01,1,,1,0.12140229999931762,0.12176109999927576,6466,6466,8.982872691440022,-15.020505958040388,-12.0,0.0,0.0,-0.03,29.9998645,120.0000931,0.0,0.0,9.157219756161794e-05,-1.949705801962409e-05,0.00013567667338065803,6.947715155547485e-05,1.4179028767102864e-05,3.8185342418728396e-05,0,0
9.193289099999674,uav_02,1,,1,0.12040500000148313,0.12210229999982403,6466,6466,26.996861214323715,-15.020505958040388,-12.0,0.0,0.0,-0.03,29.9998645,120.0002798,0.0,0.0,9.157218300970271e-05,-1.9497059838613495e-05,0.00013564627442974597,6.947715155547485e-05,1.4179028767102864e-05,3.818519689957611e-05,0,0
9.193289099999674,uav_03,1,,1,0.12232670000230428,0.12241469999935362,6466,6466,44.981903853479444,-15.020505958040388,-12.0,0.0,0.0,-0.03,29.9998645,120.0004662,0.0,0.0,9.157219756161794e-05,-1.949705801962409e-05,0.00013566837878897786,6.947715155547485e-05,1.4179028767102864e-05,3.8185218727448955e-05,0,0
9.29989360000036,uav_01,1,,1,0.09092230000169366,0.0910464000007778,6566,6566,8.982872691440022,-15.020505958040388,-12.0,0.0,0.0,-0.02,29.9998645,120.0000931,0.0,0.0,9.291796595789492e-05,-1.348581827187445e-05,0.0001389501558151096,0.00010574166662991047,6.926040805410594e-05,4.8164394684135914e-05,0,0
9.29989360000036,uav_02,1,,1,0.0907072000009066,0.09080760000142618,6566,6566,26.996861214323715,-15.020505958040388,-12.0,0.0,0.0,-0.02,29.9998645,120.0002798,0.0,0.0,9.291795140597969e-05,-1.3485820090863854e-05,0.00013891974231228232,0.00010574166662991047,6.926040805410594e-05,4.8164318286580965e-05,0,0
9.29989360000036,uav_03,1,,1,0.08777940000072704,0.08796190000066417,6566,6566,44.981903853479444,-15.020505958040388,-12.0,0.0,0.0,-0.02,29.9998645,120.0004662,0.0,0.0,9.291796595789492e-05,-1.348581827187445e-05,0.00013894190487917513,0.00010574166662991047,6.926040805410594e-05,4.816434011445381e-05,0,0
9.393461399999069,uav_01,1,,1,0.046288400000776164,0.046414399999775924,6666,6666,8.982872691440022,-15.020505958040388,-12.0,0.0,0.0,0.0,29.9998645,120.0000931,0.0,0.0,9.295615018345416e-05,-9.062826393346768e-06,0.00014277752779889852,6.782341370126233e-05,9.286001295549795e-05,8.5220999608282e-06,0,0
9.393461399999069,uav_02,1,,1,0.04507440000088536,0.04513260000021546,6666,6666,26.996861214323715,-15.020505958040388,-12.0,0.0,0.0,0.0,29.9998645,120.0002798,0.0,0.0,9.295614290749654e-05,-9.062829121830873e-06,0.0001427472016075626,6.782341370126233e-05,9.286001295549795e-05,8.522024472767953e-06,0,0
9.393461399999069,uav_03,1,,1,0.04613869999957387,0.046201599998312304,6666,6666,44.981903853479444,-15.020505958040388,-12.0,0.0,0.0,0.0,29.9998645,120.0004662,0.0,0.0,9.295615018345416e-05,-9.062825483852066e-06,0.00014276943693403155,6.782341370126233e-05,9.286001295549795e-05,8.522044481651392e-06,0,0
9.501002900000458,uav_01,1,,1,0.02956570000242209,0.029683500000828644,6767,6767,8.982872691440022,-15.020505958040388,-12.0,0.0,0.0,0.0,29.9998645,120.0000931,0.0,0.0,9.228981070918962e-05,-3.636584551713895e-06,0.00014576149987988174,5.2288076403783634e-05,0.0001069694699253887,4.186188380117528e-05,0,0
9.501002900000458,uav_02,1,,1,0.028492700002971105,0.02890800000022864,6767,6767,26.996861214323715,-15.020505958040388,-12.0,0.0,0.0,0.0,29.9998645,120.0002798,0.0,0.0,9.228980343323201e-05,-3.6365872801980004e-06,0.00014573123189620674,5.2288076403783634e-05,0.0001069694699253887,4.186181104159914e-05,0,0
9.501002900000458,uav_03,1,,1,0.02913080000143964,0.029294100000697654,6767,6767,44.981903853479444,-15.020505958040388,-12.0,0.0,0.0,0.0,29.9998645,120.0004662,0.0,0.0,9.228981070918962e-05,-3.6365831874718424e-06,0.0001457535254303366,5.2288076403783634e-05,0.0001069694699253887,4.186189835309051e-05,0,0
9.592787999998109,uav_01,1,,1,0.12135080000007292,0.12146859999847948,6767,6767,8.982872691440022,-15.020505958040388,-12.0,0.0,0.0,0.0,29.9998645,120.0000931,0.0,0.0,9.228981070918962e-05,-3.636584551713895e-06,0.00014576149987988174,5.2288076403783634e-05,0.0001069694699253887,4.186188380117528e-05,0,0
9.592787999998109,uav_02,1,,1,0.12027780000062194,0.12069309999787947,6767,6767,26.996861214323715,-15.020505958040388,-12.0,0.0,0.0,0.0,29.9998645,120.0002798,0.0,0.0,9.228980343323201e-05,-3.6365872801980004e-06,0.00014573123189620674,5.2288076403783634e-05,0.0001069694699253887,4.186181104159914e-05,0,0
9.592787999998109,uav_03,1,,1,0.12091589999909047,0.12107919999834849,6767,6767,44.981903853479444,-15.020505958040388,-12.0,0.0,0.0,0.0,29.9998645,120.0004662,0.0,0.0,9.228981070918962e-05,-3.6365831874718424e-06,0.0001457535254303366,5.2288076403783634e-05,0.0001069694699253887,4.186189835309051e-05,0,0
9.700165899997955,uav_01,1,,1,0.09079360000032466,0.09086380000007921,6867,6867,8.982872691440022,-15.020505958040388,-12.0,0.0,0.0,0.01,29.9998645,120.0000931,0.0,0.0,9.242314990842715e-05,-6.184044991641713e-07,0.0001484639651607722,6.584909715456888e-05,1.8608438040246256e-05,2.156203663616907e-06,0,0
9.700165899997955,uav_02,1,,1,0.09061229999861098,0.09100459999899613,6867,6867,26.996861214323715,-15.020505958040388,-12.0,0.0,0.0,0.01,29.9998645,120.0002798,0.0,0.0,9.242314263246953e-05,-6.184072276482766e-07,0.00014843384269624949,6.584909715456888e-05,1.8608438040246256e-05,2.1562013898801524e-06,0,0
9.700165899997955,uav_03,1,,1,0.09031739999772981,0.0903928999978234,6867,6867,44.981903853479444,-15.020505958040388,-12.0,0.0,0.0,0.01,29.9998645,120.0004662,0.0,0.0,9.242314990842715e-05,-6.184022822708357e-07,0.0001484562235418707,6.584909715456888e-05,1.8608438040246256e-05,2.156215032300679e-06,0,0
9.791305899998406,uav_01,1,,1,0.044289699999353616,0.04435349999766913,6967,6967,8.982872691440022,-15.020505958040388,-12.0,0.0,0.0,0.03,29.9998645,120.0000931,0.0,0.0,9.629057603888214e-05,3.7921083730907412e-06,0.00015130585234146565,0.00011844812979688868,7.33273263904266e-05,5.479419633047655e-05,0,0
9.791305899998406,uav_02,1,,1,0.044449299999541836,0.04456049999862444,6967,6967,26.996861214323715,-15.020505958040388,-12.0,0.0,0.0,0.03,29.9998645,120.0002798,0.0,0.0,9.629056148696691e-05,3.792105644606636e-06,0.00015127586084418,0.00011844812979688868,7.33273263904266e-05,5.479426545207389e-05,0,0
9.791305899998406,uav_03,1,,1,0.04294549999758601,0.04310120000081952,6967,6967,44.981903853479444,-15.020505958040388,-12.0,0.0,0.0,0.03,29.9998645,120.0004662,0.0,0.0,9.629057603888214e-05,3.792110874201171e-06,0.0001512982853455469,0.00011844812979688868,7.33273263904266e-05,5.479427636601031e-05,0,0
9.90002800000002,uav_01,1,,1,0.028749600001901854,0.02888650000022608,7067,7067,8.982872691440022,-15.020505958040388,-12.0,0.0,0.0,0.04,29.9998645,120.0000931,0.0,0.0,9.73117130342871e-05,8.263268682640046e-06,0.00015709349827375263,6.24965105089359e-05,4.0528306271880865e-05,6.20523642282933e-05,0,0
9.90002800000002,uav_02,1,,1,0.02922250000119675,0.02932850000070175,7067,7067,26.996861214323715,-15.020505958040388,-12.0,0.0,0.0,0.04,29.9998645,120.0002798,0.0,0.0,9.731169848237187e-05,8.263266863650642e-06,0.00015706369595136493,6.24965105089359e-05,4.0528306271880865e-05,6.205250247148797e-05,0,0
9.90002800000002,uav_03,1,,1,0.02952270000241697,0.029682600001251558,7067,7067,44.981903853479444,-15.020505958040388,-12.0,0.0,0.0,0.04,29.9998645,120.0004662,0.0,0.0,9.73117130342871e-05,8.263272320618853e-06,0.00015708613500464708,6.24965105089359e-05,4.0528306271880865e-05,6.20525170234032e-05,0,0
9.992206799997803,uav_01,1,,1,0.12092839999968419,0.12106529999800841,7067,7067,8.982872691440022,-15.020505958040388,-12.0,0.0,0.0,0.04,29.9998645,120.0000931,0.0,0.0,9.73117130342871e-05,8.263268682640046e-06,0.00015709349827375263,6.24965105089359e-05,4.0528306271880865e-05,6.20523642282933e-05,0,0
9.992206799997803,uav_02,1,,1,0.12140129999897908,0.12150729999848409,7067,7067,26.996861214323715,-15.020505958040388,-12.0,0.0,0.0,0.04,29.9998645,120.0002798,0.0,0.0,9.731169848237187e-05,8.263266863650642e-06,0.00015706369595136493,6.24965105089359e-05,4.0528306271880865e-05,6.205250247148797e-05,0,0
9.992206799997803,uav_03,1,,1,0.1217015000001993,0.12186139999903389,7067,7067,44.981903853479444,-15.020505958040388,-12.0,0.0,0.0,0.04,29.9998645,120.0004662,0.0,0.0,9.73117130342871e-05,8.263272320618853e-06,0.00015708613500464708,6.24965105089359e-05,4.0528306271880865e-05,6.20525170234032e-05,0,0
10.100260299997899,uav_01,1,,1,0.09224379999795929,0.09234060000017053,7167,7167,8.982872691440022,-15.020505958040388,-12.0,0.0,0.0,0.05,29.9998645,120.0000931,0.0,0.0,9.946701175067574e-05,1.3827569091517944e-05,0.0001605335419299081,6.794679211452603e-05,0.00011479589738883078,3.712463876581751e-05,0,0
10.100260299997899,uav_02,1,,1,0.09108479999849806,0.09140990000014426,7167,7167,26.996861214323715,-15.020505958040388,-12.0,0.0,0.0,0.05,29.9998645,120.0002798,0.0,0.0,9.94669899228029e-05,1.3827565453539137e-05,0.00016050407430157065,6.794679211452603e-05,0.00011479589738883078,3.71248388546519e-05,0,0
10.100260299997899,uav_03,1,,1,0.09257829999842215,0.09270069999911357,7167,7167,44.981903853479444,-15.020505958040388,-12.0,0.0,0.0,0.05,29.9998645,120.0004662,0.0,0.0,9.946701175067574e-05,1.382757182000205e-05,0.00016052648425102234,6.794679211452603e-05,0.00011479589738883078,3.712477700901218e-05,0,0
10.192585799999506,uav_01,1,,1,0.05879370000184281,0.06012470000132453,7267,7267,8.982872691440022,-15.020505958040388,-12.0,0.0,0.0,0.06,29.9998645,120.0000931,0.0,0.0,0.00010426824883325025,1.6655483705108054e-05,0.00016603904077783227,0.00012576038716360927,1.6205398424062878e-05,9.210540883941576e-05,0,0
10.192585799999506,uav_02,1,,1,0.06060359999901266,0.06069829999978538,7267,7267,26.996861214323715,-15.020505958040388,-12.0,0.0,0.0,0.06,29.9998645,120.0002798,0.0,0.0,0.00010426822700537741,1.6655480067129247e-05,0.00016600989329162985,0.00012576038716360927,1.6205398424062878e-05,9.210559801431373e-05,0,0
10.192585799999506,uav_03,1,,1,0.05984349999926053,0.05989820000104373,7267,7267,44.981903853479444,-15.020505958040388,-12.0,0.0,0.0,0.06,29.9998645,120.0004662,0.0,0.0,0.00010426824883325025,1.6655485524097458e-05,0.00016603224503342062,0.00012576038716360927,1.6205398424062878e-05,9.210553980665281e-05,0,0
10.299364200000127,uav_01,1,,1,0.02958750000107102,0.029838300000847084,7367,7367,8.982872691440022,-15.020505958040388,-12.0,0.0,0.0,0.07,29.9998645,120.0000931,0.0,0.0,0.00010640094114933163,1.8923738025478087e-05,0.00017038287478499115,6.476815178757533e-05,4.699498094851151e-05,4.62280040665064e-05,0,0
10.299364200000127,uav_02,1,,1,0.029507300001569092,0.02967490000082762,7367,7367,26.996861214323715,-15.020505958040388,-12.0,0.0,0.0,0.07,29.9998645,120.0002798,0.0,0.0,0.00010640091932145879,1.892373438749928e-05,0.00017035393102560192,6.476815178757533e-05,4.699498094851151e-05,4.622825508704409e-05,0,0
10.299364200000127,uav_03,1,,1,0.029111899999406887,0.02917910000178381,7367,7367,44.981903853479444,-15.020505958040388,-12.0,0.0,0.0,0.07,29.9998645,120.0004662,0.0,0.0,0.00010640094114933163,1.892373984446749e-05,0.00017037619545590132,6.476815178757533e-05,4.699498094851151e-05,4.622820415534079e-05,0,0
10.390831199998502,uav_01,1,,1,0.1210544999994454,0.12130529999922146,7367,7367,8.982872691440022,-15.020505958040388,-12.0,0.0,0.0,0.07,29.9998645,120.0000931,0.0,0.0,0.00010640094114933163,1.8923738025478087e-05,0.00017038287478499115,6.476815178757533e-05,4.699498094851151e-05,4.62280040665064e-05,0,0
10.390831199998502,uav_02,1,,1,0.12097429999994347,0.121141899999202,7367,7367,26.996861214323715,-15.020505958040388,-12.0,0.0,0.0,0.07,29.9998645,120.0002798,0.0,0.0,0.00010640091932145879,1.892373438749928e-05,0.00017035393102560192,6.476815178757533e-05,4.699498094851151e-05,4.622825508704409e-05,0,0
10.390831199998502,uav_03,1,,1,0.12057889999778126,0.12064610000015819,7367,7367,44.981903853479444,-15.020505958040388,-12.0,0.0,0.0,0.07,29.9998645,120.0004662,0.0,0.0,0.00010640094114933163,1.892373984446749e-05,0.00017037619545590132,6.476815178757533e-05,4.699498094851151e-05,4.622820415534079e-05,0,0
10.498799599998165,uav_01,1,,1,0.09004889999778243,0.09159659999932046,7467,7467,8.982872691440022,-15.020505958040388,-12.0,0.0,0.0,0.07,29.9998645,120.0000931,0.0,0.0,0.00010967862908728421,2.2432916011894122e-05,0.0001736858976073563,9.50735920923762e-05,5.353022424969822e-05,5.3061034122947603e-05,0,0
10.498799599998165,uav_02,1,,1,0.09133920000022044,0.09143899999980931,7467,7467,26.996861214323715,-15.020505958040388,-12.0,0.0,0.0,0.07,29.9998645,120.0002798,0.0,0.0,0.00010967861453536898,2.2432912373915315e-05,0.00017365725943818688,9.50735920923762e-05,5.353022424969822e-05,5.306126695359126e-05,0,0
10.498799599998165,uav_03,1,,1,0.09083299999838346,0.09123709999767016,7467,7467,44.981903853479444,-15.020505958040388,-12.0,0.0,0.0,0.07,29.9998645,120.0004662,0.0,0.0,0.00010967862908728421,2.2432916011894122e-05,0.00017367939290124923,9.50735920923762e-05,5.353022424969822e-05,5.306121602188796e-05,0,0
10.59003819999998,uav_01,1,,1,0.0751010000021779,0.07521690000066883,7566,7566,8.982872691440022,-15.020505958040388,-12.0,0.0,0.0,0.08,29.9998645,120.0000931,0.0,0.0,0.00011246207577642053,2.566762486821972e-05,0.00017885111446958035,7.316059054573998e-05,0.0001271240325877443,9.701342787593603e-05,0,0
10.59003819999998,uav_02,1,,1,0.04477780000161147,0.04486860000179149,7566,7566,26.996861214323715,-15.020505958040388,-12.0,0.0,0.0,0.08,29.9998645,120.0002798,0.0,0.0,0.0001124620612245053,2.566762123024091e-05,0.0001788225636119023,7.316059054573998e-05,0.0001271240325877443,9.701364615466446e-05,0,0
10.59003819999998,uav_03,1,,1,0.060231800001929514,0.06036680000033812,7566,7566,44.981903853479444,-15.020505958040388,-12.0,0.0,0.0,0.08,29.9998645,120.0004662,0.0,0.0,0.00011246207577642053,2.566762486821972e-05,0.00017884466797113419,7.316059054573998e-05,0.0001271240325877443,9.701360249891877e-05,0,0
10.696507399999973,uav_01,1,,1,0.05940270000064629,0.05949070000133361,7666,7666,8.982872691440022,-15.020505958040388,-12.0,0.0,0.0,0.09,29.9998645,120.0000931,0.0,0.0,0.00011525637091835961,2.7118114303448237e-05,0.00018102492322213948,0.00014027550059836358,0.00010801410826388747,1.5432771760970354e-05,0,0
10.696507399999973,uav_02,1,,1,0.028814900000725174,0.028898799999296898,7666,7666,26.996861214323715,-15.020505958040388,-12.0,0.0,0.0,0.09,29.9998645,120.0002798,0.0,0.0,0.00011525635636644438,2.711811066546943e-05,0.00018099647422786802,0.00014027550059836358,0.00010801410826388747,1.543297912576236e-05,0,0
10.696507399999973,uav_03,1,,1,0.04428689999986091,0.04436310000164667,7666,7666,44.981903853479444,-15.020505958040388,-12.0,0.0,0.0,0.09,29.9998645,120.0004662,0.0,0.0,0.00011525637091835961,2.711811066546943e-05,0.000181018520379439,0.00014027550059836358,0.00010801410826388747,1.5432855434482917e-05,0,0
10.789754299999913,uav_01,1,,1,0.04515489999903366,0.045223400000395486,7766,7766,8.982872691440022,-15.020505958040388,-12.0,0.0,0.0,0.09,29.9998645,120.0000931,0.0,0.0,0.0001196226294268854,2.6904728656518273e-05,0.00018380953406449407,6.859020504634827e-05,6.310575554380193e-05,8.333250298164785e-05,0,0
10.789754299999913,uav_02,1,,1,0.013904300001740921,0.013989900002343347,7766,7766,26.996861214323715,-15.020505958040388,-12.0,0.0,0.0,0.09,29.9998645,120.0002798,0.0,0.0,0.00011962261487497017,2.6904725018539466e-05,0.00018378111417405307,6.859020504634827e-05,6.310575554380193e-05,8.333269943250343e-05,0,0
10.789754299999913,uav_03,1,,1,0.029926900002465118,0.03004259999943315,7766,7766,44.981903853479444,-15.020505958040388,-12.0,0.0,0.0,0.09,29.9998645,120.0004662,0.0,0.0,0.0001196226294268854,2.6904725018539466e-05,0.00018380311666987836,6.859020504634827e-05,6.310575554380193e-05,8.33325830171816e-05,0,0
10.897543899998709,uav_01,1,,1,0.04562240000086604,0.04579419999936363,7866,7866,8.982872691440022,-15.020505958040388,-12.0,0.0,0.0,0.1,29.9998645,120.0000931,0.0,0.0,0.00012138733291067183,3.0881859856890514e-05,0.00018837662355508655,6.112855044193566e-05,0.00013070672866888344,7.286800246220082e-05,0,0
10.897543899998709,uav_02,1,,1,0.12169390000053681,0.12177950000113924,7766,7766,26.996861214323715,-15.020505958040388,-12.0,0.0,0.0,0.09,29.9998645,120.0002798,0.0,0.0,0.00011962261487497017,2.6904725018539466e-05,0.00018378111417405307,6.859020504634827e-05,6.310575554380193e-05,8.333269943250343e-05,0,0
10.897543899998709,uav_03,1,,1,0.030441300001257332,0.030585199998313328,7866,7866,44.981903853479444,-15.020505958040388,-12.0,0.0,0.0,0.1,29.9998645,120.0004662,0.0,0.0,0.00012138733291067183,3.088185621891171e-05,0.00018837019160855561,6.112855044193566e-05,0.00013070672866888344,7.286806794581935e-05,0,0
10.990399300000718,uav_01,1,,1,0.04537260000142851,0.045486200000596,7966,7966,8.982872691440022,-15.020505958040388,-12.0,0.0,0.0,0.1,29.9998645,120.0000931,0.0,0.0,0.00012582704948727041,2.9739319870714098e-05,0.00019271287601441145,0.00011159549467265606,4.127852662350051e-05,6.68905267957598e-05,0,0
10.990399300000718,uav_02,1,,1,0.09179540000332054,0.09190970000054222,7866,7866,26.996861214323715,-15.020505958040388,-12.0,0.0,0.0,0.1,29.9998645,120.0002798,0.0,0.0,0.0001213873183587566,3.0881859856890514e-05,0.00018834832007996738,6.112855044193566e-05,0.00013070672866888344,7.286826439667493e-05,0,0
10.990399300000718,uav_03,1,,1,0.030000100003235275,0.0300838000002841,7966,7966,44.981903853479444,-15.020505958040388,-12.0,0.0,0.0,0.1,29.9998645,120.0004662,0.0,0.0,0.00012582704948727041,2.973931623273529e-05,0.00019270641496405005,0.00011159549467265606,4.1278522985521704e-05,6.689058500342071e-05,0,0
11.098539799997525,uav_01,1,,1,0.0460953999972844,0.04620719999729772,8066,8066,8.982872691440022,-15.020505958040388,-12.0,0.0,0.0,0.11,29.9998645,120.0000931,0.0,0.0,0.00012948359653819352,2.9708155125263147e-05,0.0001978184882318601,7.55756045691669e-05,7.663623546250165e-05,0.00011657575669232756,0,0
11.098539799997525,uav_02,1,,1,0.10725379999712459,0.10734089999823482,7966,7966,26.996861214323715,-15.020505958040388,-12.0,0.0,0.0,0.1,29.9998645,120.0002798,0.0,0.0,0.0001258270349353552,2.9739321689703502e-05,0.00019268461619503796,0.00011159550194861367,4.127852662350051e-05,6.689076690236107e-05,0,0
11.098539799997525,uav_03,1,,1,0.030692399999679765,0.03079809999690042,8066,8066,44.981903853479444,-15.020505958040388,-12.0,0.0,0.0,0.11,29.9998645,120.0004662,0.0,0.0,0.00012948359653819352,2.9708153306273744e-05,0.00019781201262958348,7.55756045691669e-05,7.663622818654403e-05,0.00011657580762403086,0,0
11.19129079999766,uav_01,1,,1,0.044316100000287406,0.0444069999975909,8166,8166,8.982872691440022,-15.020505958040388,-12.0,0.0,0.0,0.11,29.9998645,120.0000931,0.0,0.0,0.00013529010175261647,2.986574145324994e-05,0.00020391764701344073,0.00017519514949526638,0.00012697662168648094,0.00010651379852788523,0,0
11.19129079999766,uav_02,1,,1,0.09172539999781293,0.09182139999757055,8066,8066,26.996861214323715,-15.020505958040388,-12.0,0.0,0.0,0.11,29.9998645,120.0002798,0.0,0.0,0.0001294835819862783,2.970815694425255e-05,0.0001977902720682323,7.557561184512451e-05,7.663623546250165e-05,0.00011657597497105598,0,0
11.19129079999766,uav_03,1,,1,0.029323799997655442,0.029415599998174002,8166,8166,44.981903853479444,-15.020505958040388,-12.0,0.0,0.0,0.11,29.9998645,120.0004662,0.0,0.0,0.00013529010175261647,2.9865737815271132e-05,0.00020391112775541842,0.00017519514949526638,0.0001269766071345657,0.00010651392221916467,0,0
11.299989600000117,uav_01,1,,1,0.04413130000102683,0.04416670000136946,8266,8266,8.982872691440022,-15.020505958040388,-12.0,0.0,0.0,0.11,29.9998645,120.0000931,0.0,0.0,0.00013719263370148838,3.177700637024827e-05,0.00020756720914505422,7.333827670663595e-05,8.58862476889044e-05,5.035276262788102e-05,0,0
11.299989600000117,uav_02,1,,1,0.10742110000137473,0.10754219999944326,8166,8166,26.996861214323715,-15.020505958040388,-12.0,0.0,0.0,0.11,29.9998645,120.0002798,0.0,0.0,0.00013529008720070124,2.9865743272239342e-05,0.00020388950360938907,0.00017519514949526638,0.00012697662168648094,0.00010651408229023218,0,0
11.299989600000117,uav_03,1,,1,0.045131800001399824,0.04522189999988768,8266,8266,44.981903853479444,-15.020505958040388,-12.0,0.0,0.0,0.11,29.9998645,120.0004662,0.0,0.0,0.00013719263370148838,3.1777002732269466e-05,0.0002075606898870319,7.333827670663595e-05,8.58862476889044e-05,5.035287540522404e-05,0,0
11.393241800000396,uav_01,1,,1,0.03014940000139177,0.030244100002164487,8366,8366,8.982872691440022,-15.020505958040388,-12.0,0.0,0.0,0.11,29.9998645,120.0000931,0.0,0.0,0.00014151373761706054,3.212892261217348e-05,0.00021284334070514888,6.72144815325737e-05,8.310856355819851e-05,0.00012127323861932382,0,0
11.393241800000396,uav_02,1,,1,0.09218479999981355,0.09228090000033262,8266,8266,26.996861214323715,-15.020505958040388,-12.0,0.0,0.0,0.11,29.9998645,120.0002798,0.0,0.0,0.00013719261914957315,3.177701000822708e-05,0.00020753910939674824,7.333828398259357e-05,8.58862476889044e-05,5.035302820033394e-05,0,0
11.393241800000396,uav_03,1,,1,0.04587270000047283,0.04596450000099139,8366,8366,44.981903853479444,-15.020505958040388,-12.0,0.0,0.0,0.11,29.9998645,120.0004662,0.0,0.0,0.00014151373761706054,3.212892261217348e-05,0.00021283682144712657,6.72144815325737e-05,8.310856355819851e-05,0.00012127342051826417,0,0
11.501019999999698,uav_01,1,,1,0.02995780000128434,0.030026600001292536,8466,8466,8.982872691440022,-15.020505958040388,-12.0,0.0,0.0,0.12,29.9998645,120.0000931,0.0,0.0,0.00014290116087067872,3.1241594115272164e-05,0.00021597996237687767,8.16747487988323e-05,7.567285501863807e-05,5.764554953202605e-05,0,0
11.501019999999698,uav_02,1,,1,0.10643519999939599,0.10656310000194935,8366,8366,26.996861214323715,-15.020505958040388,-12.0,0.0,0.0,0.11,29.9998645,120.0002798,0.0,0.0,0.00014151372306514531,3.212892261217348e-05,0.00021281532826833427,6.72144815325737e-05,8.310856355819851e-05,0.00012127356603741646,0,0
11.501019999999698,uav_03,1,,1,0.06066139999893494,0.06074330000046757,8466,8466,44.981903853479444,-15.020505958040388,-12.0,0.0,0.0,0.12,29.9998645,120.0004662,0.0,0.0,0.00014290116087067872,3.124159047729336e-05,0.00021597345767077059,8.16747487988323e-05,7.567284774268046e-05,5.764564048149623e-05,0,0
11.592967799999315,uav_01,1,,1,0.029611599999043392,0.029683299999305746,8566,8566,8.982872691440022,-15.020505958040388,-12.0,0.0,0.0,0.12,29.9998645,120.0000931,0.0,0.0,0.00014798325719311833,2.873451194318477e-05,0.000220852205529809,0.0001225308224093169,4.373431147541851e-05,0.0001155149657279253,0,0
11.592967799999315,uav_02,1,,1,0.09115979999842239,0.09125530000164872,8466,8466,26.996861214323715,-15.020505958040388,-12.0,0.0,0.0,0.12,29.9998645,120.0002798,0.0,0.0,0.0001429011463187635,3.1241594115272164e-05,0.00021595200814772397,8.167475607478991e-05,7.567285501863807e-05,5.764577508671209e-05,0,0
11.592967799999315,uav_03,1,,1,0.06023070000082953,0.060306600000330945,8566,8566,44.981903853479444,-15.020505958040388,-12.0,0.0,0.0,0.12,29.9998645,120.0004662,0.0,0.0,0.00014798325719311833,2.8734508305205964e-05,0.00022084561351221055,0.0001225308224093169,4.37343078374397e-05,0.00011551497300388291,0,0
