agent_id,source_boot_s,east_m,north_m,up_m,qw,qx,qy,qz
uav_01,2.629781,8.982872691440022,-15.020505958040388,0.10000038146972656,1.0,0.0,0.0,0.0
uav_01,2.729741,8.982872691440022,-15.020505958040388,0.10000038146972656,1.0,0.0,0.0,0.0
uav_01,2.829701,8.982872691440022,-15.020505958040388,0.10000038146972656,1.0,0.0,0.0,0.0
uav_01,2.929661,8.982872691440022,-15.020505958040388,0.10000038146972656,1.0,0.0,0.0,0.0
uav_01,3.029621,8.982872691440022,-15.020505958040388,0.10000038146972656,1.0,0.0,0.0,0.0
uav_01,3.129581,8.982872691440022,-15.020505958040388,0.10000038146972656,1.0,0.0,0.0,0.0
uav_01,3.229541,8.982872691440022,-15.020505958040388,0.10000038146972656,1.0,0.0,0.0,0.0
uav_01,3.329501,8.982872691440022,-15.020505958040388,0.10000038146972656,1.0,0.0,0.0,0.0
uav_01,3.429461,8.982872691440022,-15.020505958040388,0.10000038146972656,1.0,0.0,0.0,0.0
uav_01,3.529421,8.982872691440022,-15.020505958040388,0.10000038146972656,1.0,0.0,0.0,0.0
uav_01,3.629381,8.982872691440022,-15.020505958040388,0.10000038146972656,1.0,0.0,0.0,0.0
uav_01,3.729341,8.982872691440022,-15.020505958040388,0.10000038146972656,1.0,0.0,0.0,0.0
uav_01,3.829301,8.982872691440022,-15.020505958040388,0.10000038146972656,1.0,0.0,0.0,0.0
uav_01,3.929261,8.982872691440022,-15.020505958040388,0.10000038146972656,1.0,0.0,0.0,0.0
uav_01,4.029221,8.982872691440022,-15.020505958040388,0.10000038146972656,1.0,0.0,0.0,0.0
uav_01,4.129181,8.982872691440022,-15.020505958040388,0.10000038146972656,1.0,0.0,0.0,0.0
uav_01,4.229141,8.982872691440022,-15.020505958040388,0.10000038146972656,1.0,0.0,0.0,0.0
uav_01,4.329101,8.982872691440022,-15.020505958040388,0.10000038146972656,1.0,0.0,0.0,0.0
uav_01,4.429061,8.982872691440022,-15.020505958040388,0.10000038146972656,1.0,0.0,0.0,0.0
uav_01,4.529021,8.982872691440022,-15.020505958040388,0.10000038146972656,1.0,0.0,0.0,0.0
uav_01,4.629814,8.982872691440022,-15.020505958040388,0.10000038146972656,1.0,0.0,0.0,0.0
uav_01,4.729774,8.982872691440022,-15.020505958040388,0.10000038146972656,1.0,0.0,0.0,0.0
uav_01,4.829734,8.982872691440022,-15.020505958040388,0.10000038146972656,1.0,0.0,0.0,0.0
uav_01,4.929694,8.982872691440022,-15.020505958040388,0.10000038146972656,1.0,0.0,0.0,0.0
uav_01,5.029654,8.982872691440022,-15.020505958040388,0.10000038146972656,1.0,0.0,0.0,0.0
uav_01,5.129614,8.982872691440022,-15.020505958040388,0.10000038146972656,1.0,0.0,0.0,0.0
uav_01,5.229574,8.982872691440022,-15.020505958040388,0.10000038146972656,1.0,0.0,0.0,0.0
uav_01,5.329534,8.982872691440022,-15.020505958040388,0.10000038146972656,1.0,0.0,0.0,0.0
uav_01,5.429494,8.982872691440022,-15.020505958040388,0.10000038146972656,1.0,0.0,0.0,0.0
uav_01,5.529454,8.982872691440022,-15.020505958040388,0.10000038146972656,1.0,0.0,0.0,0.0
uav_01,5.629414,8.982872691440022,-15.020505958040388,0.10000038146972656,1.0,0.0,0.0,0.0
uav_01,5.729374,8.982872691440022,-15.020505958040388,0.10000038146972656,1.0,0.0,0.0,0.0
uav_01,5.829334,8.982872691440022,-15.020505958040388,0.10000038146972656,1.0,0.0,0.0,0.0
uav_01,5.929294,8.982872691440022,-15.020505958040388,0.10000038146972656,1.0,0.0,0.0,0.0
uav_01,6.029254,8.982872691440022,-15.020505958040388,0.10000038146972656,1.0,0.0,0.0,0.0
uav_01,6.129214,8.982872691440022,-15.020505958040388,0.10000038146972656,1.0,0.0,0.0,0.0
uav_01,6.229174,8.982872691440022,-15.020505958040388,0.10000038146972656,1.0,0.0,0.0,0.0
uav_01,6.329134,8.982872691440022,-15.020505958040388,0.10000038146972656,1.0,0.0,0.0,0.0
uav_01,6.429094,8.982872691440022,-15.020505958040388,0.10000038146972656,1.0,0.0,0.0,0.0
uav_01,6.529054,8.982872691440022,-15.020505958040388,0.10000038146972656,1.0,0.0,0.0,0.0
uav_01,6.629014,8.982872691440022,-15.020505958040388,0.10000038146972656,1.0,0.0,0.0,0.0
uav_01,6.729807,8.982872691440022,-15.020505958040388,0.10000038146972656,1.0,0.0,0.0,0.0
uav_01,6.829767,8.982872691440022,-15.020505958040388,0.10000038146972656,1.0,0.0,0.0,0.0
uav_01,6.929727,8.982872691440022,-15.020505958040388,0.10000038146972656,1.0,0.0,0.0,0.0
uav_01,7.029687,8.982872691440022,-15.020505958040388,0.10000038146972656,1.0,0.0,0.0,0.0
uav_01,7.129647,8.982872691440022,-15.020505958040388,0.10000038146972656,1.0,0.0,0.0,0.0
uav_01,7.229607,8.982872691440022,-15.020505958040388,0.10000038146972656,1.0,0.0,0.0,0.0
uav_01,7.329567,8.982872691440022,-15.020505958040388,0.10000038146972656,1.0,0.0,0.0,0.0
uav_01,7.429527,8.982872691440022,-15.020505958040388,0.10000038146972656,1.0,0.0,0.0,0.0
uav_01,7.529487,8.982872691440022,-15.020505958040388,0.10000038146972656,1.0,0.0,0.0,0.0
uav_01,7.629447,8.982872691440022,-15.020505958040388,0.10000038146972656,1.0,0.0,0.0,0.0
uav_01,7.729407,8.982872691440022,-15.020505958040388,0.10000038146972656,1.0,0.0,0.0,0.0
uav_01,7.829367,8.982872691440022,-15.020505958040388,0.10000038146972656,1.0,0.0,0.0,0.0
uav_01,7.929327,8.982872691440022,-15.020505958040388,0.10000038146972656,1.0,0.0,0.0,0.0
uav_01,8.029287,8.982872691440022,-15.020505958040388,0.10000038146972656,1.0,0.0,0.0,0.0
uav_01,8.129247,8.982872691440022,-15.020505958040388,0.10000038146972656,1.0,0.0,0.0,0.0
uav_01,8.229207,8.982872691440022,-15.020505958040388,0.10000038146972656,1.0,0.0,0.0,0.0
uav_01,8.329167,8.982872691440022,-15.020505958040388,0.10000038146972656,1.0,0.0,0.0,0.0
uav_01,8.429127,8.982872691440022,-15.020505958040388,0.10000038146972656,1.0,0.0,0.0,0.0
uav_02,2.629781,26.996861214323715,-15.020505958040388,0.10000038146972656,1.0,0.0,0.0,0.0
uav_02,2.729741,26.996861214323715,-15.020505958040388,0.10000038146972656,1.0,0.0,0.0,0.0
uav_02,2.829701,26.996861214323715,-15.020505958040388,0.10000038146972656,1.0,0.0,0.0,0.0
uav_02,2.929661,26.996861214323715,-15.020505958040388,0.10000038146972656,1.0,0.0,0.0,0.0
uav_02,3.029621,26.996861214323715,-15.020505958040388,0.10000038146972656,1.0,0.0,0.0,0.0
uav_02,3.129581,26.996861214323715,-15.020505958040388,0.10000038146972656,1.0,0.0,0.0,0.0
uav_02,3.229541,26.996861214323715,-15.020505958040388,0.10000038146972656,1.0,0.0,0.0,0.0
uav_02,3.329501,26.996861214323715,-15.020505958040388,0.10000038146972656,1.0,0.0,0.0,0.0
uav_02,3.429461,26.996861214323715,-15.020505958040388,0.10000038146972656,1.0,0.0,0.0,0.0
uav_02,3.529421,26.996861214323715,-15.020505958040388,0.10000038146972656,1.0,0.0,0.0,0.0
uav_02,3.629381,26.996861214323715,-15.020505958040388,0.10000038146972656,1.0,0.0,0.0,0.0
uav_02,3.729341,26.996861214323715,-15.020505958040388,0.10000038146972656,1.0,0.0,0.0,0.0
uav_02,3.829301,26.996861214323715,-15.020505958040388,0.10000038146972656,1.0,0.0,0.0,0.0
uav_02,3.929261,26.996861214323715,-15.020505958040388,0.10000038146972656,1.0,0.0,0.0,0.0
uav_02,4.029221,26.996861214323715,-15.020505958040388,0.10000038146972656,1.0,0.0,0.0,0.0
uav_02,4.129181,26.996861214323715,-15.020505958040388,0.10000038146972656,1.0,0.0,0.0,0.0
uav_02,4.229141,26.996861214323715,-15.020505958040388,0.10000038146972656,1.0,0.0,0.0,0.0
uav_02,4.329101,26.996861214323715,-15.020505958040388,0.10000038146972656,1.0,0.0,0.0,0.0
uav_02,4.429061,26.996861214323715,-15.020505958040388,0.10000038146972656,1.0,0.0,0.0,0.0
uav_02,4.529021,26.996861214323715,-15.020505958040388,0.10000038146972656,1.0,0.0,0.0,0.0
uav_02,4.629814,26.996861214323715,-15.020505958040388,0.10000038146972656,1.0,0.0,0.0,0.0
uav_02,4.729774,26.996861214323715,-15.020505958040388,0.10000038146972656,1.0,0.0,0.0,0.0
uav_02,4.829734,26.996861214323715,-15.020505958040388,0.10000038146972656,1.0,0.0,0.0,0.0
uav_02,4.929694,26.996861214323715,-15.020505958040388,0.10000038146972656,1.0,0.0,0.0,0.0
uav_02,5.029654,26.996861214323715,-15.020505958040388,0.10000038146972656,1.0,0.0,0.0,0.0
uav_02,5.129614,26.996861214323715,-15.020505958040388,0.10000038146972656,1.0,0.0,0.0,0.0
uav_02,5.229574,26.996861214323715,-15.020505958040388,0.10000038146972656,1.0,0.0,0.0,0.0
uav_02,5.329534,26.996861214323715,-15.020505958040388,0.10000038146972656,1.0,0.0,0.0,0.0
uav_02,5.429494,26.996861214323715,-15.020505958040388,0.10000038146972656,1.0,0.0,0.0,0.0
uav_02,5.529454,26.996861214323715,-15.020505958040388,0.10000038146972656,1.0,0.0,0.0,0.0
uav_02,5.629414,26.996861214323715,-15.020505958040388,0.10000038146972656,1.0,0.0,0.0,0.0
uav_02,5.729374,26.996861214323715,-15.020505958040388,0.10000038146972656,1.0,0.0,0.0,0.0
uav_02,5.829334,26.996861214323715,-15.020505958040388,0.10000038146972656,1.0,0.0,0.0,0.0
uav_02,5.929294,26.996861214323715,-15.020505958040388,0.10000038146972656,1.0,0.0,0.0,0.0
uav_02,6.029254,26.996861214323715,-15.020505958040388,0.10000038146972656,1.0,0.0,0.0,0.0
uav_02,6.129214,26.996861214323715,-15.020505958040388,0.10000038146972656,1.0,0.0,0.0,0.0
uav_02,6.229174,26.996861214323715,-15.020505958040388,0.10000038146972656,1.0,0.0,0.0,0.0
uav_02,6.329134,26.996861214323715,-15.020505958040388,0.10000038146972656,1.0,0.0,0.0,0.0
uav_02,6.429094,26.996861214323715,-15.020505958040388,0.10000038146972656,1.0,0.0,0.0,0.0
uav_02,6.529054,26.996861214323715,-15.020505958040388,0.10000038146972656,1.0,0.0,0.0,0.0
uav_02,6.629014,26.996861214323715,-15.020505958040388,0.10000038146972656,1.0,0.0,0.0,0.0
uav_02,6.729807,26.996861214323715,-15.020505958040388,0.10000038146972656,1.0,0.0,0.0,0.0
uav_02,6.829767,26.996861214323715,-15.020505958040388,0.10000038146972656,1.0,0.0,0.0,0.0
uav_02,6.929727,26.996861214323715,-15.020505958040388,0.10000038146972656,1.0,0.0,0.0,0.0
uav_02,7.029687,26.996861214323715,-15.020505958040388,0.10000038146972656,1.0,0.0,0.0,0.0
uav_02,7.129647,26.996861214323715,-15.020505958040388,0.10000038146972656,1.0,0.0,0.0,0.0
uav_02,7.229607,26.996861214323715,-15.020505958040388,0.10000038146972656,1.0,0.0,0.0,0.0
uav_02,7.329567,26.996861214323715,-15.020505958040388,0.10000038146972656,1.0,0.0,0.0,0.0
uav_02,7.429527,26.996861214323715,-15.020505958040388,0.10000038146972656,1.0,0.0,0.0,0.0
uav_02,7.529487,26.996861214323715,-15.020505958040388,0.10000038146972656,1.0,0.0,0.0,0.0
uav_02,7.629447,26.996861214323715,-15.020505958040388,0.10000038146972656,1.0,0.0,0.0,0.0
uav_02,7.729407,26.996861214323715,-15.020505958040388,0.10000038146972656,1.0,0.0,0.0,0.0
uav_02,7.829367,26.996861214323715,-15.020505958040388,0.10000038146972656,1.0,0.0,0.0,0.0
uav_02,7.929327,26.996861214323715,-15.020505958040388,0.10000038146972656,1.0,0.0,0.0,0.0
uav_02,8.029287,26.996861214323715,-15.020505958040388,0.10000038146972656,1.0,0.0,0.0,0.0
uav_02,8.129247,26.996861214323715,-15.020505958040388,0.10000038146972656,1.0,0.0,0.0,0.0
uav_02,8.229207,26.996861214323715,-15.020505958040388,0.10000038146972656,1.0,0.0,0.0,0.0
uav_02,8.329167,26.996861214323715,-15.020505958040388,0.10000038146972656,1.0,0.0,0.0,0.0
uav_02,8.429127,26.996861214323715,-15.020505958040388,0.10000038146972656,1.0,0.0,0.0,0.0
uav_03,2.629781,44.981903853479444,-15.020505958040388,0.10000038146972656,1.0,0.0,0.0,0.0
uav_03,2.729741,44.981903853479444,-15.020505958040388,0.10000038146972656,1.0,0.0,0.0,0.0
uav_03,2.829701,44.981903853479444,-15.020505958040388,0.10000038146972656,1.0,0.0,0.0,0.0
uav_03,2.929661,44.981903853479444,-15.020505958040388,0.10000038146972656,1.0,0.0,0.0,0.0
uav_03,3.029621,44.981903853479444,-15.020505958040388,0.10000038146972656,1.0,0.0,0.0,0.0
uav_03,3.129581,44.981903853479444,-15.020505958040388,0.10000038146972656,1.0,0.0,0.0,0.0
uav_03,3.229541,44.981903853479444,-15.020505958040388,0.10000038146972656,1.0,0.0,0.0,0.0
uav_03,3.329501,44.981903853479444,-15.020505958040388,0.10000038146972656,1.0,0.0,0.0,0.0
uav_03,3.429461,44.981903853479444,-15.020505958040388,0.10000038146972656,1.0,0.0,0.0,0.0
uav_03,3.529421,44.981903853479444,-15.020505958040388,0.10000038146972656,1.0,0.0,0.0,0.0
uav_03,3.629381,44.981903853479444,-15.020505958040388,0.10000038146972656,1.0,0.0,0.0,0.0
uav_03,3.729341,44.981903853479444,-15.020505958040388,0.10000038146972656,1.0,0.0,0.0,0.0
uav_03,3.829301,44.981903853479444,-15.020505958040388,0.10000038146972656,1.0,0.0,0.0,0.0
uav_03,3.929261,44.981903853479444,-15.020505958040388,0.10000038146972656,1.0,0.0,0.0,0.0
uav_03,4.029221,44.981903853479444,-15.020505958040388,0.10000038146972656,1.0,0.0,0.0,0.0
uav_03,4.129181,44.981903853479444,-15.020505958040388,0.10000038146972656,1.0,0.0,0.0,0.0
uav_03,4.229141,44.981903853479444,-15.020505958040388,0.10000038146972656,1.0,0.0,0.0,0.0
uav_03,4.329101,44.981903853479444,-15.020505958040388,0.10000038146972656,1.0,0.0,0.0,0.0
uav_03,4.429061,44.981903853479444,-15.020505958040388,0.10000038146972656,1.0,0.0,0.0,0.0
uav_03,4.529021,44.981903853479444,-15.020505958040388,0.10000038146972656,1.0,0.0,0.0,0.0
uav_03,4.629814,44.981903853479444,-15.020505958040388,0.10000038146972656,1.0,0.0,0.0,0.0
uav_03,4.729774,44.981903853479444,-15.020505958040388,0.10000038146972656,1.0,0.0,0.0,0.0
uav_03,4.829734,44.981903853479444,-15.020505958040388,0.10000038146972656,1.0,0.0,0.0,0.0
uav_03,4.929694,44.981903853479444,-15.020505958040388,0.10000038146972656,1.0,0.0,0.0,0.0
uav_03,5.029654,44.981903853479444,-15.020505958040388,0.10000038146972656,1.0,0.0,0.0,0.0
uav_03,5.129614,44.981903853479444,-15.020505958040388,0.10000038146972656,1.0,0.0,0.0,0.0
uav_03,5.229574,44.981903853479444,-15.020505958040388,0.10000038146972656,1.0,0.0,0.0,0.0
uav_03,5.329534,44.981903853479444,-15.020505958040388,0.10000038146972656,1.0,0.0,0.0,0.0
uav_03,5.429494,44.981903853479444,-15.020505958040388,0.10000038146972656,1.0,0.0,0.0,0.0
uav_03,5.529454,44.981903853479444,-15.020505958040388,0.10000038146972656,1.0,0.0,0.0,0.0
uav_03,5.629414,44.981903853479444,-15.020505958040388,0.10000038146972656,1.0,0.0,0.0,0.0
uav_03,5.729374,44.981903853479444,-15.020505958040388,0.10000038146972656,1.0,0.0,0.0,0.0
uav_03,5.829334,44.981903853479444,-15.020505958040388,0.10000038146972656,1.0,0.0,0.0,0.0
uav_03,5.929294,44.981903853479444,-15.020505958040388,0.10000038146972656,1.0,0.0,0.0,0.0
uav_03,6.029254,44.981903853479444,-15.020505958040388,0.10000038146972656,1.0,0.0,0.0,0.0
uav_03,6.129214,44.981903853479444,-15.020505958040388,0.10000038146972656,1.0,0.0,0.0,0.0
uav_03,6.229174,44.981903853479444,-15.020505958040388,0.10000038146972656,1.0,0.0,0.0,0.0
uav_03,6.329134,44.981903853479444,-15.020505958040388,0.10000038146972656,1.0,0.0,0.0,0.0
uav_03,6.429094,44.981903853479444,-15.020505958040388,0.10000038146972656,1.0,0.0,0.0,0.0
uav_03,6.529054,44.981903853479444,-15.020505958040388,0.10000038146972656,1.0,0.0,0.0,0.0
uav_03,6.629014,44.981903853479444,-15.020505958040388,0.10000038146972656,1.0,0.0,0.0,0.0
uav_03,6.729807,44.981903853479444,-15.020505958040388,0.10000038146972656,1.0,0.0,0.0,0.0
uav_03,6.829767,44.981903853479444,-15.020505958040388,0.10000038146972656,1.0,0.0,0.0,0.0
uav_03,6.929727,44.981903853479444,-15.020505958040388,0.10000038146972656,1.0,0.0,0.0,0.0
uav_03,7.029687,44.981903853479444,-15.020505958040388,0.10000038146972656,1.0,0.0,0.0,0.0
uav_03,7.129647,44.981903853479444,-15.020505958040388,0.10000038146972656,1.0,0.0,0.0,0.0
uav_03,7.229607,44.981903853479444,-15.020505958040388,0.10000038146972656,1.0,0.0,0.0,0.0
uav_03,7.329567,44.981903853479444,-15.020505958040388,0.10000038146972656,1.0,0.0,0.0,0.0
uav_03,7.429527,44.981903853479444,-15.020505958040388,0.10000038146972656,1.0,0.0,0.0,0.0
uav_03,7.529487,44.981903853479444,-15.020505958040388,0.10000038146972656,1.0,0.0,0.0,0.0
uav_03,7.629447,44.981903853479444,-15.020505958040388,0.10000038146972656,1.0,0.0,0.0,0.0
uav_03,7.729407,44.981903853479444,-15.020505958040388,0.10000038146972656,1.0,0.0,0.0,0.0
uav_03,7.829367,44.981903853479444,-15.020505958040388,0.10000038146972656,1.0,0.0,0.0,0.0
uav_03,7.929327,44.981903853479444,-15.020505958040388,0.10000038146972656,1.0,0.0,0.0,0.0
uav_03,8.029287,44.981903853479444,-15.020505958040388,0.10000038146972656,1.0,0.0,0.0,0.0
uav_03,8.129247,44.981903853479444,-15.020505958040388,0.10000038146972656,1.0,0.0,0.0,0.0
uav_03,8.229207,44.981903853479444,-15.020505958040388,0.10000038146972656,1.0,0.0,0.0,0.0
uav_03,8.329167,44.981903853479444,-15.020505958040388,0.10000038146972656,1.0,0.0,0.0,0.0
uav_03,8.429127,44.981903853479444,-15.020505958040388,0.10000038146972656,1.0,0.0,0.0,0.0
