t,agent_id,valid,east_m,north_m,up_m,ve_m_s,vn_m_s,vu_m_s
0.0,uav_01,1,-0.03536779165710958,0.023307297290710634,7.090917431190508,0.01,-0.02,-1.9157798165162538
0.0,uav_02,1,11.96315538791574,0.023307297290710634,7.159680000001682,0.01,-0.02,-1.8255999999982304
0.1,uav_01,1,-0.03536779165710958,0.023307297290710634,6.88276595744928,0.01,-0.02,-1.9868085106376803
0.1,uav_02,1,11.96315538791574,0.023307297290710634,6.99853211009407,0.013761467889785776,-0.02,-1.92
0.2,uav_01,1,-0.044209738943128796,0.023307297290710634,6.68,0.02,-0.02,-1.92
0.2,uav_02,1,11.96315538791574,0.023307297290710634,6.83135999999562,0.02,-0.02,-1.899519999998156
0.3,uav_01,1,-0.044209738943128796,0.023307297290710634,6.47918181817967,0.02,-0.018727272727020173,-1.7691818181796715
0.3,uav_02,1,11.96315538791574,0.023307297290710634,6.678545454543183,0.02,-0.019363636363510087,-1.8310909090891412
0.4,uav_01,1,-0.044209738943128796,0.023307297290710634,6.324636363631662,0.02,-0.0005454545449013332,-1.6146363636316614
0.4,uav_02,1,11.96315538791574,0.023307297290710634,6.514909090904114,0.02,-0.010272727272450667,-1.7038181818143092
0.5,uav_01,1,-0.03536779165710958,0.02361276646508977,6.156146788990054,0.03,0.011100917431413126,-1.4247706422007875
0.5,uav_02,1,11.96315538791574,0.023307297290710634,6.367614678897271,0.02,-0.0011009174310793665,-1.5576146788972698
0.6,uav_01,1,-0.03536779165710958,0.033795072275504996,6.027706422019891,0.03,0.04779816513717375,-1.2504587155984246
0.6,uav_02,1,11.96315538791574,0.023307297290710634,6.2095744680869585,0.029361702127536055,0.018723404255072115,-1.3808510638318872
0.7,uav_01,1,-0.03536779165710958,0.04550472395781591,5.899999999999999,0.03,0.11,-1.06
0.7,uav_02,1,11.96315538791574,0.03287866475273803,6.079266055045056,0.03,0.06311926605533677,-1.2147706422007876
0.8,uav_01,1,-0.03536779165710958,0.055687029768231144,5.799082568809157,0.03,0.16504587155864095,-0.9040366972505174
0.8,uav_02,1,11.96315538791574,0.04298228910914774,5.967272727274171,0.03,0.11636363636291479,-1.0586363636384082
0.9,uav_01,1,-0.03536779165710958,0.07809243468507354,5.702872340422715,0.03,0.23776595744899887,-0.7351063829737169
0.9,uav_02,1,11.96315538791574,0.06077818267380919,5.87119266055003,0.03,0.17816513761497899,-0.9030275229350511
1.0,uav_01,1,-0.03536779165710958,0.1084313730790824,5.6288073394486355,0.021100917431079363,0.2933944954135238,-0.5965137614661904
1.0,uav_02,1,11.96315538791574,0.08328757730574887,5.776808510637557,0.022978723404172976,0.24212765957496216,-0.7446808510625946
1.1,uav_01,1,-0.03536779165710958,0.15011599911944537,5.5546808510647345,0.03,0.3763829787223173,-0.4393617021294712
1.1,uav_02,1,11.96315538791574,0.11540300288667876,5.696382978723865,0.02,0.3136170212761346,-0.5927659574477308
1.2,uav_01,1,-0.03536779165710958,0.19630467131984275,5.504128440366937,0.03,0.44027522935786245,-0.3353211009173393
1.2,uav_02,1,11.96315538791574,0.15112151068217122,5.629677419354385,0.02,0.3803225806456156,-0.4593548387087689
1.3,uav_01,1,-0.03536779165710958,0.23771425700084273,5.468090909090529,0.03,0.5044545454554293,-0.2449090909080807
1.3,uav_02,1,11.96315538791574,0.1966361379855945,5.57478723404348,0.029042553191304086,0.45329787233912866,-0.34053191489565504
1.4,uav_01,1,-0.03536779165710958,0.28816295325545166,5.440818181817353,0.03,0.5680909090928453,-0.17218181817960532
1.4,uav_02,1,11.971715145395036,0.24386470460118334,5.531276595743431,0.03,0.5277659574489989,-0.24287234042271572
1.5,uav_01,1,-0.029241585323100106,0.3281255281906915,5.426142857142577,0.03,0.6185000000009875,-0.12149999999901256
1.5,uav_02,1,11.97199733520176,0.3045425807125781,5.503302752293238,0.03,0.5922935779824444,-0.1688073394486349
1.6,uav_01,1,-0.02652584437109036,0.379676889128844,5.409636363636292,0.03,0.6814545454548341,-0.0740909090907287
1.6,uav_02,1,11.97199733520176,0.3638252641841773,5.481276595744928,0.03,0.6655319148927524,-0.10382978723478366
1.7,uav_01,1,-0.02652584437109036,0.45060775590232455,5.394999999999806,0.03,0.7600000000015481,-0.024999999999032452
1.7,uav_02,1,11.97199733520176,0.4450583992340448,5.469999999999999,0.04,0.75,-0.04
1.8,uav_01,1,-0.02652584437109036,0.5271000870726011,5.390000000000001,0.03,0.8339199999999255,0.01271999999997206
1.8,uav_02,1,11.97199733520176,0.5283996457919569,5.459363636363511,0.04,0.8350909090919193,0.00190909090946974
1.9,uav_01,1,-0.02652584437109036,0.6049753422271741,5.390000000000001,0.03,0.9040860215069579,0.03903225806510921
1.9,uav_02,1,11.97199733520176,0.6091175602294826,5.45027272727245,0.04,0.9078181818203948,0.029181818182648003
2.0,uav_01,1,-0.02652584437109036,0.6988153421286579,5.390000000000001,0.03,0.9822727272725168,0.06954545454536434
2.0,uav_02,1,11.972282559348349,0.7035510098233405,5.450322580645223,0.04,0.9922580645165707,0.06096774193567315
2.1,uav_01,1,-0.02652584437109036,0.802493880855201,5.393205128204943,0.03320512820494284,1.0524358974346,0.09641025640988568
2.1,uav_02,1,11.980839283744295,0.8144463414190086,5.460000000000001,0.04,1.068974358973187,0.09256410256376771
2.2,uav_01,1,-0.02320127171893435,0.9196393760540955,5.399999999999999,0.036239999999816065,1.1263200000012876,0.11752000000036787
2.2,uav_02,1,11.980839283744295,0.942458330069308,5.462560000000231,0.04,1.1479200000016134,0.11768000000069151
2.3,uav_01,1,-0.01768389582855479,1.017468629163879,5.404680851063961,0.03,1.1863829787238653,0.13468085106396155
2.3,uav_02,1,11.980839283744295,1.04238169791918,5.470744680851207,0.04,1.2052127659584555,0.14074468085120795
2.4,uav_01,1,-0.01768389582855479,1.1477382199933128,5.423010752688371,0.03,1.2610752688185882,0.1590322580651092
2.4,uav_02,1,11.982062106241534,1.1737951850781532,5.482765957447344,0.04,1.2796808510657032,0.1541489361710156
2.5,uav_01,1,-0.01768389582855479,1.2867895312560467,5.437446808510531,0.03,1.339787234042125,0.18744680851053125
2.5,uav_02,1,11.989681231030316,1.315480886206755,5.502021276595749,0.0379787234042512,1.3541489361702417,0.1840425531914976
2.6,uav_01,1,-0.01768389582855479,1.42744725220516,5.45752293577957,0.03,1.4200917431182862,0.20752293577957157
2.6,uav_02,1,11.989681231030316,1.4548376548849422,5.514587155962888,0.03,1.4306422018329883,0.20458715596288632
2.7,uav_01,1,-0.01768389582855479,1.5634308615666557,5.47680851063884,0.026595744680579327,1.4972340425553654,0.22680851063884133
2.7,uav_02,1,11.989681231030316,1.5924764299791578,5.535106382978749,0.03,1.5136170212766615,0.2234042553191654
2.8,uav_01,1,-0.01768389582855479,1.7332175592855412,5.4980851063829945,0.024042553191497597,1.5863829787234784,0.2480851063829952
2.8,uav_02,1,11.989681231030316,1.755012026466799,5.564036697247846,0.03201834862392364,1.5981651376153128,0.2460550458717709
2.9,uav_01,1,-0.01768389582855479,1.9103246848029651,5.524042553191885,0.03,1.6821276595756538,0.2740425531918846
2.9,uav_02,1,11.989681231030316,1.9109150423085217,5.584148936171014,0.04,1.6824468085130468,0.2727659574473438
3.0,uav_01,1,-0.01768389582855479,2.094351049392246,5.55612903225833,0.03,1.7783870967749886,0.3061290322583295
3.0,uav_02,1,11.989681231030316,2.087260661028643,5.615229357798211,0.04,1.7756880733946332,0.2952293577982111
3.1,uav_01,1,-0.01768389582855479,2.2908688622785482,5.588191489361741,0.03,1.8745744680852174,0.3321276595744928
3.1,uav_02,1,11.989681231030316,2.260202494800891,5.642727272726822,0.04090909090894058,1.8581818181804652,0.3218181818178812
3.2,uav_01,1,-0.01768389582855479,2.4990287707879295,5.626808510638842,0.036702127659710336,1.970319148937393,0.360106382979131
3.2,uav_02,1,11.989681231030316,2.4317280630702474,5.670000000000002,0.05,1.94,0.34
3.3,uav_01,1,-0.01768389582855479,2.7115573214615107,5.662021276595363,0.04,2.0660638297860854,0.3846808510635745
3.3,uav_02,1,11.989681231030316,2.6433139315651815,5.702240000000455,0.05,2.0350400000010267,0.3616800000003422
3.4,uav_01,1,-0.012378727456891794,2.8912147897179996,5.694000000000234,0.04,2.1440000000005237,0.40200000000011643
3.4,uav_02,1,11.989681231030316,2.8120143723461974,5.7342400000011535,0.05,2.1070400000025984,0.38568000000086616
3.5,uav_01,1,-0.008841948542535574,3.0949060119980496,5.7315053763444395,0.04,2.2230107526888787,0.42075268817221967
3.5,uav_02,1,11.99548154927437,2.9807148126037473,5.766240000000689,0.05,2.1724800000013786,0.4031200000003446
3.6,uav_01,1,-0.008841948542535574,3.30382055142663,5.77280000000028,0.04,2.296480000000447,0.43912000000011175
3.6,uav_02,1,11.99852317957285,3.1740301811858354,5.800727272727418,0.05,2.2414545454548342,0.4203636363637085
3.7,uav_01,1,-0.008841948542535574,3.4931202039534788,5.810240000000922,0.04,2.355360000001383,0.4525600000002305
3.7,uav_02,1,11.99852317957285,3.373964418801805,5.835040000000736,0.05376000000018394,2.3100800000014714,0.43376000000018394
3.8,uav_01,1,-0.008841948542535574,3.6884575561417705,5.842800000000571,0.04,2.4039200000007988,0.4611200000002282
3.8,uav_02,1,12.000307792786604,3.568684315999529,5.870091743119618,0.06,2.3741284403674654,0.4440366972478473
3.9,uav_01,1,-0.008841948542535574,3.883794908923894,5.882800000001444,0.04,2.459920000002021,0.4771200000005774
3.9,uav_02,1,12.007365126858868,3.792430301624509,5.915909090910263,0.06,2.438272727274369,0.4611818181820527
4.0,uav_01,1,-0.008841948542535574,4.109248115042813,5.92727272727351,0.04,2.5221818181829128,0.4874545454547018
4.0,uav_02,1,12.007365126858868,4.015979866655386,5.961290322580898,0.06,2.501935483871346,0.47032258064522436
4.1,uav_01,1,-0.008841948542535574,4.342845018073659,5.973027522935718,0.04,2.5796330275228625,0.4966055045871437
4.1,uav_02,1,12.008168940248375,4.286222141412931,6.004545454544703,0.06,2.5654545454536435,0.4809090909089406
4.2,uav_01,1,-0.008841948542535574,4.608020422025241,6.023510638298551,0.04,2.640212765958262,0.5067021276597103
4.2,uav_02,1,12.01620707414489,4.518286145331202,6.050000000000001,0.06,2.62,0.49
4.3,uav_01,1,-0.008841948542535574,4.8644845385270825,6.071651376146452,0.04,2.6979816513757426,0.51
4.3,uav_02,1,12.01620707414489,4.762661481887183,6.095871559632202,0.06,2.675045871558641,0.49917431192644013
4.4,uav_01,1,-0.008841948542535574,5.139341798804686,6.121914893617392,0.04,2.751914893617392,0.5163829787234784
4.4,uav_02,1,12.0247668328406,5.053267736092596,6.148404255320712,0.06,2.7380851063848564,0.5
4.5,uav_01,1,-0.008841948542535574,5.414430869139545,6.1763302752298355,0.04,2.800275229358196,0.5260550458716393
4.5,uav_02,1,12.02533424679348,5.348899519941972,6.201935483871345,0.06,2.791612903226122,0.5103225806452244
4.6,uav_01,1,-0.003480341447582869,5.696520816222789,6.230319148936232,0.04,2.850319148936232,0.53
4.6,uav_02,1,12.033890969973442,5.658856033734205,6.265319148935266,0.06,2.8453191489352645,0.52
4.7,uav_01,1,0.0,6.006576357171011,6.290212765958261,0.04670212765971034,2.9035106382985516,0.5367021276597104
4.7,uav_02,1,12.033890969973442,5.965841718333206,6.318510638297912,0.0617021276595827,2.8985106382979136,0.5217021276595827
4.8,uav_01,1,0.0,6.325369183340782,6.3467021276589355,0.05,2.9567021276589363,0.54
4.8,uav_02,1,12.035960362185582,6.275424973949636,6.3740425531918845,0.07,2.949361702127923,0.53
4.9,uav_01,1,0.0,6.646732919046831,6.408387096776163,0.04193548387063965,3.002258064517441,0.54
4.9,uav_02,1,12.042732918515979,6.584785085129187,6.432844036698152,0.07,2.9902752293585206,0.53
5.0,uav_01,1,0.007713188058140536,6.975824620012455,6.463617021277295,0.04,3.0448936170218364,0.5487234042554592
5.0,uav_02,1,12.044520120626986,6.8785337723781215,6.482127659574492,0.07,3.028085106382995,0.5320212765957488
5.1,uav_01,1,0.008841947286019215,7.264107791717017,6.517999999999604,0.04,3.081999999999735,0.55
5.1,uav_02,1,12.051574865801998,7.210022449406187,6.543440860214297,0.07,3.0707526881714373,0.54
5.2,uav_01,1,0.008841947286019215,7.637024554994776,6.579999999999998,0.04,3.12,0.55
5.2,uav_02,1,12.055156414578974,7.563126793896183,6.604303797470068,0.07,3.1121518987350343,0.54
5.3,uav_01,1,0.008841947286019215,7.932311420602832,6.635045871558641,0.04917431192644016,3.1566972477057607,0.55
5.3,uav_02,1,12.060416814344535,7.904513725932442,6.664311926605368,0.07,3.1494495412842936,0.54
5.4,uav_01,1,0.017401705981729264,8.270477707974786,6.698085106384855,0.05,3.189042553192428,0.5596808510641428
5.4,uav_02,1,12.06455559818066,8.220533498362274,6.71808510638377,0.07,3.1840425531918846,0.54
5.5,uav_01,1,0.01768389582855479,8.567178180190163,6.7444954128446035,0.05,3.216697247706762,0.56
5.5,uav_02,1,12.069258761630552,8.524921611425105,6.769999999999709,0.07,3.2119999999998257,0.54
5.6,uav_01,1,0.01768389582855479,8.914321144964827,6.806170212765215,0.05,3.248085106382608,0.56
5.6,uav_02,1,12.071286731191382,8.798520165461802,6.81376146788866,0.07,3.2368807339443295,0.5422935779814432
5.7,uav_01,1,0.01768389582855479,9.257436682766796,6.870000000000001,0.05,3.28,0.56
5.7,uav_02,1,12.078100708916573,9.089180191278865,6.866399999999849,0.07127999999996974,3.263839999999909,0.55
5.8,uav_01,1,0.02579577407246291,9.573088159272187,6.925045871558641,0.05,3.3075229357793203,0.56
5.8,uav_02,1,12.078100708916573,9.355549308125807,6.906399999999267,0.07927999999985332,3.28783999999956,0.55
5.9,uav_01,1,0.026525843114574,9.87947373751069,6.9717431192674635,0.05,3.335045871560478,0.56
5.9,uav_02,1,12.084537647455564,9.62191842498244,6.953680000000167,0.07271999999997207,3.3118400000000836,0.55
6.0,uav_01,1,0.026525843114574,10.160161619997808,7.019360000001034,0.05,3.3531200000003443,0.5534399999998277
6.0,uav_02,1,12.086942657459108,9.92081389921084,7.0063302752298355,0.07,3.3381651376149177,0.5439449541283607
6.1,uav_01,1,0.026525843114574,10.430348694231302,7.067360000000336,0.05,3.3691200000001116,0.55
6.1,uav_02,1,12.09230426379213,10.26517622762619,7.060319148936231,0.07,3.362127659574493,0.54
6.2,uav_01,1,0.02953586772282081,10.728606539449544,7.117021276597104,0.05,3.3868085106388413,0.5465957446805794
6.2,uav_02,1,12.101710591534392,10.62375912146218,7.120212765958262,0.07670212765971034,3.383404255319421,0.54
6.3,uav_01,1,0.03536779040059322,11.074396931786712,7.170727272727416,0.05,3.4034545454545695,0.5365454545454306
6.3,uav_02,1,12.10462655328766,10.986120300138374,7.176702127658937,0.08,3.3973404255317874,0.5326595744682128
6.4,uav_01,1,0.03536779040059322,11.406529450515599,7.22505376344185,0.05,3.41,0.5269892473116303
6.4,uav_02,1,12.111757155937969,11.364044053616512,7.230322580646801,0.08,3.4080645161293606,0.5219354838706397
6.5,uav_01,1,0.03784353599249289,11.751095565843563,7.276799999999931,0.05,3.41,0.5172000000000117
6.5,uav_02,1,12.121181688631824,11.73292201315238,7.292340425532755,0.08,3.41,0.5112765957445409
6.6,uav_01,1,0.044209738943128796,12.035420983901187,7.3253191489352645,0.05,3.408936170212947,0.5078723404258942
6.6,uav_02,1,12.122310447859702,12.052092667820025,7.33999999999967,0.08,3.41,0.4940000000001323
6.7,uav_01,1,0.044209738943128796,12.393383190249025,7.377339449541331,0.05,3.398532110091734,0.4885321100917339
6.7,uav_02,1,12.129726275669636,12.40947123306961,7.391935483871345,0.08,3.3932258064514618,0.48161290322573075
6.8,uav_01,1,0.04486818182625764,12.712560560917263,7.423723404256041,0.05,3.3885106382975843,0.4785106382975841
6.8,uav_02,1,12.13914777426709,12.776082983121688,7.445212765956519,0.08,3.380957446808696,0.46191489361739185
6.9,uav_01,1,0.053051686229148,13.07034915598004,7.47472727272821,0.05,3.367636363635895,0.4576363636358946
6.9,uav_02,1,12.139994343688256,13.142104376114442,7.488723404256569,0.08,3.3606382978717146,0.4406382978717146
7.0,uav_01,1,0.05333691037573719,13.375059282047701,7.511612903226124,0.05,3.349032258064327,0.4393548387095512
7.0,uav_02,1,12.149121516336848,13.497145127164998,7.541290322580896,0.08,3.339032258064327,0.4193548387095512
7.1,uav_01,1,0.06189363477168359,13.743442102664082,7.56425531914821,0.05,3.3168085106388414,0.41680851063884133
7.1,uav_02,1,12.158482053020544,13.860375741172497,7.583636363635761,0.08,3.3072727272731783,0.3972727272731783
7.2,uav_01,1,0.06189363477168359,14.097656354506514,7.6068085106383325,0.05,3.2831914893616694,0.38659574468083463
7.2,uav_02,1,12.166520188059346,14.16306791941707,7.620000000000001,0.08,3.28,0.37
7.3,uav_01,1,0.06396302668974634,14.45187060563984,7.649361702127924,0.05,3.240638297872077,0.3629787234040577
7.3,uav_02,1,12.167082857432204,14.516511486203838,7.66254545454596,0.07,3.2368181818175508,0.34809090909053025
7.4,uav_01,1,0.07073558205770279,14.803809760183777,7.689032258065109,0.05,3.194946236558151,0.33397849462326057
7.4,uav_02,1,12.175120991328718,14.809113925054106,7.698909090910196,0.07,3.191363636362253,0.320818181817352
7.5,uav_01,1,0.07402779647266262,15.148610037431032,7.721170212765797,0.05,3.1376595744684064,0.3088297872342031
7.5,uav_02,1,12.184204082631384,15.148613286910711,7.73082568807356,0.07,3.1383486238528806,0.2994495412842934
7.6,uav_01,1,0.07957752934372202,15.467523101427537,7.751284403669356,0.05,3.0774311926612854,0.28247706422042845
7.6,uav_02,1,12.184204082631384,15.443900152518768,7.758348623852882,0.07,3.0833027522942396,0.28110091743141313
7.7,uav_01,1,0.07957752934372202,15.751798265929308,7.778727272728013,0.05,3.0225454545439754,0.26127272727198764
7.7,uav_02,1,12.19085322793544,15.695311869447615,7.78256000000023,0.07,3.034879999999539,0.2574399999997695
7.8,uav_01,1,0.08207141226602852,16.056679141154202,7.808461538461718,0.05,2.957435897435419,0.23435897435885475
7.8,uav_02,1,12.197926786075767,15.937796555201055,7.80103999999992,0.07,2.981360000000277,0.23896000000007916
7.9,uav_01,1,0.08841947788625759,16.38830900476048,7.838073394495694,0.05,2.8677064220172217,0.20788990825645817
7.9,uav_02,1,12.201887978459938,16.21231543355496,7.824042553191884,0.07,2.9172340425522694,0.2159574468081154
8.0,uav_01,1,0.09171169230121742,16.667834960680636,7.857446808510533,0.05,2.786489361702609,0.18255319148946875
8.0,uav_02,1,12.205943918158276,16.50408182085829,7.84917431192644,0.07,2.8387155963310193,0.19082568807355985
8.1,uav_01,1,0.0972614251722768,16.939965962887158,7.873279999999795,0.05,2.697200000002049,0.1601600000006147
8.1,uav_02,1,12.214055797082429,16.76882176874209,7.86752293577957,0.07,2.756146788991928,0.16871559633064268
8.2,uav_01,1,0.09876643769016248,17.169874626226697,7.8834042553191646,0.05,2.612978723404173,0.1365957446808346
8.2,uav_02,1,12.219571874288494,17.02633413088243,7.882909090909337,0.07,2.6709090909066258,0.14418181818132508
8.3,uav_01,1,0.10610337371481238,17.433217215060758,7.902018348623923,0.05,2.5098165137607635,0.11798165137607636
8.3,uav_02,1,12.221641266206557,17.27755575885743,7.894680851063962,0.07,2.5765957446801924,0.12765957446801923
8.4,uav_01,1,0.10732619621205167,17.670733577165045,7.9113829787236725,0.05,2.4161702127632814,0.10723404255265626
8.4,uav_02,1,12.230394418048187,17.536277626112557,7.912240000000166,0.07,2.4753599999981817,0.11551999999966937
8.5,uav_01,1,0.11494532100083159,17.91825093969198,7.92152000000002,0.05,2.3117599999997767,0.08847999999998137
8.5,uav_02,1,12.237255770117049,17.732475179440605,7.920275229357855,0.07,2.3872477064214674,0.09972477064214673
8.6,uav_01,1,0.11494532100083159,18.113588291836106,7.929519999999902,0.05,2.2157600000011732,0.08048000000009779
8.6,uav_02,1,12.237255770117049,17.956485904375754,7.929449541284293,0.07,2.295504587157066,0.09055045871570656
8.7,uav_01,1,0.12257048763389537,18.3167358801676,7.938623853211069,0.05,2.1151376146782592,0.07137614678893266
8.7,uav_02,1,12.244880935666512,18.17092526253711,7.938623853211069,0.06137614678893265,2.1865137614671917,0.0727522935778653
8.8,uav_01,1,0.12378726954336718,18.510232086657194,7.947727272727152,0.05772727272715246,2.0072727272741706,0.05454545454569508
8.8,uav_02,1,12.254093096404134,18.403720934721623,7.949042553191304,0.06904255319130409,2.070531914895655,0.060957446808695914
8.9,uav_01,1,0.13091787219367274,18.719268701184717,7.958064516129361,0.051935483870639655,1.8751612903183155,0.05
8.9,uav_02,1,12.262321475147942,18.59175995702688,7.949999999999999,0.07,1.9598165137580874,0.05165137614650729
9.0,uav_01,1,0.13262921682938636,18.874427279482354,7.960000000000001,0.05,1.76471999999776,0.04343999999982771
9.0,uav_02,1,12.264024969613576,18.829414971819972,7.960000000000001,0.06972477064214673,1.8061467889900542,0.03972477064214672
9.1,uav_01,1,0.13799082316240893,19.04319572903809,7.966063829787246,0.05,1.6351063829785506,0.03393617021275361
9.1,uav_02,1,12.27213684901025,18.992331862616123,7.960000000000001,0.060550458715706565,1.6777064220198918,0.030550458715706563
9.2,uav_01,1,0.14147116411540558,19.217232997835257,7.969999999999999,0.043297872340289666,1.479468085104345,0.03
9.2,uav_02,1,12.281465509060178,19.168587574492097,7.969999999999999,0.06,1.53,0.03
9.3,uav_01,1,0.1479615305986433,19.374386054099777,7.969999999999999,0.04,1.312553191491404,0.03
9.3,uav_02,1,12.281465509060178,19.31113985366742,7.969999999999999,0.050825688073559847,1.3832110091769576,0.03
9.4,uav_01,1,0.15031311265794117,19.496763286528527,7.976880733944997,0.033119266055003004,1.166788990825045,0.023119266055003
9.4,uav_02,1,12.290025266539475,19.452903546212,7.979680851064143,0.04031914893585731,1.2247872340378596,0.020319148935857304
9.5,uav_01,1,0.15031311265794117,19.602048327163487,7.98,0.03,1.0291743119254113,0.02
9.5,uav_02,1,12.290307456346198,19.5657993188183,7.98,0.04,1.0776146788972698,0.02
9.6,uav_01,1,0.1548948489789103,19.69759260420962,7.98,0.03,0.8974545454540404,0.02
9.6,uav_02,1,12.298585025194418,19.683142809802625,7.98,0.04,0.9289361702144953,0.02
9.7,uav_01,1,0.15915505994396037,19.790115513680956,7.98,0.03,0.7699999999976779,0.014999999999806491
9.7,uav_02,1,12.299149404888732,19.779016800739992,7.98,0.03,0.79,0.02
9.8,uav_01,1,0.15915505994396037,19.872460805309863,7.985698924731123,0.03,0.647311827957637,0.01
9.8,uav_02,1,12.299807847771861,19.861666792014436,7.989999999999998,0.03,0.6618085106367128,0.01
9.9,uav_01,1,0.16595655882318286,19.952327475998096,7.989999999999998,0.03,0.5230769230729766,0.01
9.9,uav_02,1,12.307991352174753,19.932548999490027,7.989999999999998,0.03,0.543333333330224,0.01
10.0,uav_01,1,0.16799700848649596,20.00642234960623,7.989999999999998,0.02127659574454087,0.41276595744540867,0.01
10.0,uav_02,1,12.307991352174753,19.999456136311537,7.989999999999998,0.026276595744734375,0.42648936170260937,0.01
10.1,uav_01,1,0.16799700848649596,20.05365091614293,7.989999999999998,0.02,0.32510638297971156,0.01
10.1,uav_02,1,12.311317222727341,20.046811440107252,7.989999999999998,0.02,0.3399082568817138,0.01
10.2,uav_01,1,0.17562217403595848,20.085198732521835,7.989999999999998,0.011376146788932647,0.2510091743114612,0.01
10.2,uav_02,1,12.316833300717288,20.077269493288497,7.989999999999998,0.01709090909066255,0.2667272727253004,0.01
10.3,uav_01,1,0.17683895577251518,20.10693332710618,7.989999999999998,0.01,0.18590909090993277,0.01
10.3,uav_02,1,12.316833300717288,20.105359697867613,7.989999999999998,0.01,0.19587155963253453,0.01
10.4,uav_01,1,0.17683895577251518,20.127251654976885,7.996880733944996,0.01,0.12183486238502103,0.01
10.4,uav_02,1,12.316833300717288,20.1246118377885,7.991382978723671,0.01,0.13170212765796876,0.01
10.5,uav_01,1,0.17683895577251518,20.141968336299275,8.0,0.01,0.05787234042503785,0.01
10.5,uav_02,1,12.316833300717288,20.136418979632413,8.0,0.01,0.06989361702125602,0.007978723404251202
10.6,uav_01,1,0.17683895577251518,20.14527433601556,8.0,0.01,0.013577981651425139,-0.02302752293571858
10.6,uav_02,1,12.316833300717288,20.14527433601556,7.998000000000174,0.01,0.02200000000069849,-0.015999999998603017
10.7,uav_01,1,0.17683895577251518,20.14527433601556,7.988545454545166,0.01,-0.017181818182251132,-0.11445454545642159
10.7,uav_02,1,12.316833300717288,20.14527433601556,7.989999999999998,0.01,-0.01,-0.08
10.8,uav_01,1,0.17683895577251518,20.14527433601556,7.968642857142835,0.00621428571427829,-0.04135714285716513,-0.2457142857144342
10.8,uav_02,1,12.325675248003305,20.144779488924165,7.977324840763836,0.0,-0.04178343949077647,-0.2529299363081294
10.9,uav_01,1,0.17683895577251518,20.14298412532729,7.941746031744601,0.0,-0.06412698412769907,-0.41126984127699073
10.9,uav_02,1,12.325675248003305,20.13771024476264,7.93910828025415,0.0,-0.06726114649723444,-0.4376433121049498
11.0,uav_01,1,0.17683895577251518,20.12820857250258,7.872365591397231,0.0,-0.08537634408610983,-0.7097849462388557
11.0,uav_02,1,12.325675248003305,20.132240984577976,7.876055045871437,0.0,-0.08174311926607036,-0.7270642201838996
11.1,uav_01,1,0.17683895577251518,20.123076909348455,7.793363636363312,0.0,-0.09,-0.969909090910065
11.1,uav_02,1,12.325675248003305,20.12189619524813,7.798297872342417,0.0,-0.09,-0.9787234042504278
11.2,uav_01,1,0.17683895577251518,20.11752755307577,7.689999999997678,0.0,-0.09,-1.2400000000054183
11.2,uav_02,1,12.325675248003305,20.11034902787381,7.68091743119254,0.0,-0.09,-1.2596330275231837
11.3,uav_01,1,0.17683895577251518,20.10658157472393,7.557064220183899,0.0,-0.09,-1.4237614678896602
11.3,uav_02,1,12.325675248003305,20.100173201712234,7.560454545452652,0.0,-0.09,-1.4836363636351009
11.4,uav_01,1,0.17683895577251518,20.096972736376404,7.434239999998245,0.0,-0.08647999999986496,-1.3643999999959486
11.4,uav_02,1,12.325675248003305,20.090083462317928,7.424090909086762,0.0,-0.09,-1.3927272727245066
11.5,uav_01,1,0.17683895577251518,20.08784613203238,7.332568807339298,0.0,-0.07651376146785929,-1.1072477064214672
11.5,uav_02,1,12.325675248003305,20.079903933500002,7.313211009172953,0.0,-0.08110091743107936,-1.0874311926566984
11.6,uav_01,1,0.17683895577251518,20.077673082863612,7.244545454546357,0.0,-0.05818181818211884,-0.7809090909139015
11.6,uav_02,1,12.325675248003305,20.078682056802858,7.228000000000596,0.0,-0.05600000000019844,-0.770000000002315
11.7,uav_01,1,0.17683895577251518,20.067583343469302,7.190000000000001,0.0,-0.04,-0.49
11.7,uav_02,1,12.319347982972857,20.07073985827048,7.174220183485749,0.0,-0.04284403669714972,-0.47816513761164137
11.8,uav_01,1,0.17683895577251518,20.066961815522497,7.14887999999977,0.0,-0.041120000000228175,-0.21823999999760418
11.8,uav_02,1,12.316833300717288,20.060557552460065,7.141009174312128,0.0,-0.04,-0.23807339449702958
11.9,uav_01,1,0.17683895577251518,20.058082844855463,7.132879999999422,0.0,-0.05712000000057742,-0.05023999999393708
11.9,uav_02,1,12.316833300717288,20.056484630135753,7.125199999999896,0.0,-0.05440000000031432,-0.06359999999811407
12.0,uav_01,1,0.17683895577251518,20.04821104442026,7.129999999999999,0.0,-0.08981818181880719,0.09181818182052695
12.0,uav_02,1,12.316833300717288,20.049421812810845,7.123181818181789,0.0,-0.0890909090907287,0.07772727272682173
12.1,uav_01,1,0.17683895577251518,20.03072339722358,7.136605504587144,0.0,-0.14623853211000604,0.20266055045858086
12.1,uav_02,1,12.316833300717288,20.03174162780484,7.132293577981443,0.0,-0.14605504587010212,0.20064220183298842
12.2,uav_01,1,0.17683895577251518,20.008311492199706,7.153404255319421,0.0,-0.22361702127768268,0.28691489361797234
12.2,uav_02,1,12.316833300717288,20.017521062838462,7.143404255319166,0.0,-0.21361702127666163,0.2802127659574962
12.3,uav_01,1,0.17683895577251518,19.979913691728097,7.1789908256878725,0.0063302752292904345,-0.3006422018343235,0.3353211009171617
12.3,uav_02,1,12.316833300717288,19.9840322304215,7.165280000000203,0.001760000000067521,-0.29232000000047265,0.3352800000002026
12.4,uav_01,1,0.17683895577251518,19.94644206972474,7.209148936170434,0.01,-0.37468085106434856,0.35638297872347835
12.4,uav_02,1,12.316833300717288,19.957395319051283,7.1892800000007275,0.009760000000242144,-0.348320000001695,0.3592800000007264
12.5,uav_01,1,0.17063078001842888,19.903227931128534,7.241063829787481,0.01,-0.44914893617078916,0.36
12.5,uav_02,1,12.316833300717288,19.917088865867164,7.216697247706761,0.01,-0.42119266055136506,0.3688990825689206
12.6,uav_01,1,0.16799700848649596,19.847498222463564,7.280638297872076,0.0023404255319807686,-0.5159574468081154,0.34468085106396157
12.6,uav_02,1,12.316833300717288,19.870640219874346,7.257446808510146,0.01,-0.4861702127652163,0.36063829787246393
12.7,uav_01,1,0.16799700848649596,19.79479937452159,7.311467889908551,0.0,-0.5872477064228022,0.32568807339429945
12.7,uav_02,1,12.307991352174753,19.81231293995204,7.289999999999999,0.0,-0.56,0.34
12.8,uav_01,1,0.16799700848649596,19.730135234084706,7.3420212765953625,0.0,-0.6613829787225108,0.290638297872851
12.8,uav_02,1,12.307991352174753,19.767918087249363,7.313999999999651,0.007999999999883585,-0.6239999999990687,0.3160000000003492
12.9,uav_01,1,0.16799700848649596,19.666604145379306,7.363761467889995,0.0,-0.735045871559976,0.25935779816500903
12.9,uav_02,1,12.307991352174753,19.703115923092714,7.344193548388082,0.0019354838706396541,-0.6964516129055224,0.27774193548255866
13.0,uav_01,1,0.1605153597196399,19.580093710037897,7.395384615384938,-0.008461538461646094,-0.8276923076931687,0.21615384615341562
13.0,uav_02,1,12.307991352174753,19.632311991324485,7.364909090909404,0.0,-0.7696363636376145,0.24018181818119283
13.1,uav_01,1,0.15915505994396037,19.497109485065064,7.415999999999869,-0.033999999999801564,-0.895999999999537,0.17800000000026459
13.1,uav_02,1,12.299829554680091,19.540821339964648,7.388461538461252,-0.018461538461251443,-0.8638461538450057,0.20230769230812284
13.2,uav_01,1,0.15173923318787733,19.395574160031387,7.428387096774269,-0.06516129032280779,-0.9770967741941541,0.15322580645146147
13.2,uav_02,1,12.290307456346198,19.446055403887858,7.41,-0.05,-0.94,0.16
13.3,uav_01,1,0.1366482840633615,19.30227661952995,7.445454545454305,-0.0931818181814574,-1.0440909090900672,0.13454545454569508
13.3,uav_02,1,12.280807066177049,19.33872848615854,7.430744680851208,-0.08223404255362379,-1.0252127659584556,0.13851063829758414
13.4,uav_01,1,0.1254986141790808,19.19006895482877,7.458064516129361,-0.11612903225872069,-1.1164516129055224,0.1138709677412793
13.4,uav_02,1,12.270177916605906,19.230929282067432,7.442765957447345,-0.11138297872367188,-1.0996808510657032,0.11861702127632812
13.5,uav_01,1,0.10836089233097608,19.071769012056,7.468723404255458,-0.12872340425545914,-1.191063829788214,0.10127659574454087
13.5,uav_02,1,12.253595689767122,19.116734386037244,7.461520000000019,-0.12152000000001863,-1.1691200000001116,0.10847999999998137
13.6,uav_01,1,0.09195625705208552,18.959931765872504,7.477999999999934,-0.13,-1.255999999999537,0.09200000000006614
13.6,uav_02,1,12.246522130933197,19.019065709965183,7.469519999999902,-0.1295199999999022,-1.2171199999994133,0.1004800000000978
13.7,uav_01,1,0.0810036500763221,18.823811418818103,7.488387096774268,-0.11322580645146148,-1.3370967741941542,0.08161290322573074
13.7,uav_02,1,12.228413821574513,18.891119744307723,7.48,-0.12,-1.3,0.08
13.8,uav_01,1,0.06358677361401491,18.681897193045703,7.499042553191304,-0.10095744680869592,-1.4223404255304326,0.07095744680869592
13.8,uav_02,1,12.210071484025777,18.74719068691946,7.490744680851207,-0.10851063829758413,-1.3867021276608713,0.07925531914879207
13.9,uav_01,1,0.05451182452032681,18.548688803575818,7.508348623853494,-0.07495412843952186,-1.5051376146814344,0.07
13.9,uav_02,1,12.2008430210532,18.595288588608774,7.501181818182053,-0.08763636363589461,-1.4794545454564216,0.07
14.0,uav_01,1,0.04533849817100748,18.389316221245767,7.518723404255459,-0.05255319148908173,-1.5985106382991323,0.06127659574454086
14.0,uav_02,1,12.192760807027332,18.453257606930098,7.510000000000002,-0.06903225806432685,-1.5529032258070194,0.06967741935477562
14.1,uav_01,1,0.03798500716920228,18.252277812014604,7.52703999999998,-0.03592000000004191,-1.6663199999998324,0.06
14.1,uav_02,1,12.183263449941542,18.285177231426715,7.511063829787054,-0.037872340425894234,-1.648510638296423,0.06
14.2,uav_01,1,0.029441804453460205,18.091422036140646,7.530000000000001,-0.009893617020868991,-1.7436170212776827,0.06
14.2,uav_02,1,12.175362135345365,18.108070106143096,7.521702127659583,-0.016595744680834596,-1.7336170212766615,0.06
14.3,uav_01,1,0.026525843114574,17.924106172437323,7.53633027522929,0.0063302752292904345,-1.8143119266050332,0.06
14.3,uav_02,1,12.17357752213161,17.931844724619335,7.530000000000001,0.0040366972478472745,-1.8141284403674656,0.06
14.4,uav_01,1,0.026525843114574,17.738506570814312,7.546382978723479,0.02276595744695673,-1.8846808510643485,0.06
14.4,uav_02,1,12.166520188059346,17.74980206951361,7.531666666666978,0.021666666666977606,-1.8800000000018657,0.06
14.5,uav_01,1,0.026525843114574,17.556015822048035,7.550000000000001,0.03605504587163925,-1.9463302752298355,0.06
14.5,uav_02,1,12.166520188059346,17.539740424460614,7.542799999999988,0.03279999999998836,-1.9467999999999301,0.06279999999998837
14.6,uav_01,1,0.026525843114574,17.36044189362018,7.556063829787246,0.046063829787246394,-2.000319148936232,0.06
14.6,uav_02,1,12.166520188059346,17.382639319896846,7.551063829787053,0.041063829787052884,-1.9963829787223173,0.07
14.7,uav_01,1,0.026525843114574,17.140474843576868,7.56670212765971,0.05,-2.060212765958262,0.06670212765971034
14.7,uav_02,1,12.167818088578402,17.17316112800586,7.559999999999999,0.05,-2.05733944954133,0.07
14.8,uav_01,1,0.026525843114574,16.944466542228934,7.57633027522929,0.05,-2.111651376146452,0.07
14.8,uav_02,1,12.175362135345365,16.977536287871676,7.560744680851207,0.04925531914879207,-2.1037234042560398,0.07
14.9,uav_01,1,0.030288373874674403,16.781419664248055,7.579999999999998,0.04574468085095953,-2.1512765957452022,0.07
14.9,uav_02,1,12.175362135345365,16.757442579350794,7.571181818182053,0.04,-2.1547272727282105,0.07
15.0,uav_01,1,0.03536779040059322,16.621585628619584,7.581743119266069,0.038256880733929646,-2.1869724770642818,0.07
15.0,uav_02,1,12.175362135345365,16.565379300985526,7.580275229357851,0.03972477064214672,-2.1913761467892665,0.07
15.1,uav_01,1,0.03536779040059322,16.42054618484101,7.590799999999872,0.03,-2.22399999999936,0.07
15.1,uav_02,1,12.175362135345365,16.361733186947713,7.589449541284293,0.030550458715706563,-2.2372477064214675,0.07
15.2,uav_01,1,0.03536779040059322,16.24296677339296,7.598800000000048,0.03,-2.264000000000233,0.07
15.2,uav_02,1,12.175362135345365,16.18258977393658,7.59,0.03,-2.277600000000384,0.07
15.3,uav_01,1,0.03536779040059322,16.00557238261505,7.609042553191304,0.020957446808695913,-2.3061702127652164,0.07
15.3,uav_02,1,12.175362135345365,15.956454673003234,7.5973404255317885,0.02265957446821274,-2.319361702127149,0.07734042553178726
15.4,uav_01,1,0.03536779040059322,15.813579757105527,7.6172800000000285,0.02,-2.3464000000001395,0.07
15.4,uav_02,1,12.175362135345365,15.734095864599954,7.606880733944997,0.02,-2.357522935779988,0.08
15.5,uav_01,1,0.03536779040059322,15.552968311389634,7.620000000000001,0.011538461538353906,-2.3938461538465843,0.07
15.5,uav_02,1,12.175362135345365,15.497747217795752,7.617021276595827,0.012978723404172974,-2.3980851063833084,0.08
15.6,uav_01,1,0.03536779040059322,15.321773577562025,7.6279999999999335,0.017999999999933854,-2.4319999999997353,0.07
15.6,uav_02,1,12.175362135345365,15.267033502502548,7.626605504587143,0.016605504587143716,-2.436422018348575,0.0733944954128563
15.7,uav_01,1,0.03536779040059322,15.098210873910988,7.637155963302851,0.02,-2.461467889908551,0.07
15.7,uav_02,1,12.175362135345365,15.044305747623438,7.635727272727417,0.02,-2.4671818181822514,0.07572727272741706
15.8,uav_01,1,0.03536779040059322,14.87420014897584,7.64633027522929,0.026330275229290434,-2.4889908256878712,0.07
15.8,uav_02,1,12.175362135345365,14.815855537005739,7.640000000000001,0.02972477064214672,-2.49458715596322,0.07513761467892664
15.9,uav_01,1,0.03536779040059322,14.621657303056706,7.649999999999999,0.04276595744695673,-2.519148936170435,0.07
15.9,uav_02,1,12.175362135345365,14.565219165794987,7.644680851063961,0.049361702127923075,-2.5240425531918844,0.07
16.0,uav_01,1,0.04072163080256589,14.37475805439575,7.656055045871639,0.06816513761491774,-2.5481651376149177,0.07
16.0,uav_02,1,12.180115870445453,14.29816193359244,7.655376344086109,0.08150537634443936,-2.5561290322583297,0.07
16.1,uav_01,1,0.04957134527615136,14.119263423510334,7.666063829787247,0.10425531914898557,-2.578191489361739,0.0639361702127536
16.1,uav_02,1,12.189565689726338,14.023743646779314,7.666063829787247,0.12425531914898559,-2.5821276595744926,0.07
16.2,uav_01,1,0.05897767301841433,13.84769916444626,7.676702127659711,0.1535106382985517,-2.6034042553194205,0.06670212765971034
16.2,uav_02,1,12.203174080603258,13.772695906426627,7.670000000000002,0.16863636363708523,-2.607181818182251,0.07
16.3,uav_01,1,0.07487436589348609,13.567987977519705,7.68,0.19936170212714904,-2.6246808510635744,0.07
16.3,uav_02,1,12.220807845414393,13.511824070164602,7.675698924731124,0.20709677419337172,-2.625698924731124,0.07
16.4,uav_01,1,0.10096933932127806,13.291281898002714,7.688064516129361,0.23419354838808104,-2.6380645161293605,0.07
16.4,uav_02,1,12.242882463958985,13.258018306155849,7.685454545454636,0.2309090909092713,-2.6409090909092714,0.07545454545463566
16.5,uav_01,1,0.12152975092720347,13.009510174238214,7.698723404255459,0.24872340425545914,-2.6574468085109184,0.07872340425545914
16.5,uav_02,1,12.263051544765895,13.019798636281404,7.69458715596322,0.24458715596322006,-2.65458715596322,0.08
16.6,uav_01,1,0.1486199737354067,12.726138773340105,7.709361702127537,0.24063829787246394,-2.669361702127536,0.08
16.6,uav_02,1,12.284193344408845,12.759434913341419,7.704361702127511,0.24563829787248864,-2.6687234042550227,0.08
16.7,uav_01,1,0.16799700848649596,12.442767372431685,7.719999999999999,0.22,-2.69,0.08
16.7,uav_02,1,12.307991352803352,12.47606351242719,7.710000000000001,0.22499999999941947,-2.6850000000001937,0.08
16.8,uav_01,1,0.18699778891836247,12.145463544180117,7.73,0.1877659574463762,-2.701489361702416,0.08
16.8,uav_02,1,12.325431891655937,12.207963403551078,7.714862385321073,0.19541284403677991,-2.6997247706421468,0.08486238532107336
16.9,uav_01,1,0.20631211485906484,11.852685787023805,7.731666666666977,0.1533333333320896,-2.725000000000933,0.08
16.9,uav_02,1,12.344492726269747,11.915151622006094,7.725641025641145,0.1630769230765643,-2.7212820512822904,0.08435897435885477
17.0,uav_01,1,0.22434090959845562,11.522282604896754,7.743723404255265,0.10882978723420313,-2.7537234042552656,0.08
17.0,uav_02,1,12.362908771160999,11.631033963004686,7.736055045871638,0.12577981651344303,-2.7421100917432786,0.08
17.1,uav_01,1,0.2332165133381335,11.2507248449926,7.753761467889786,0.07495412844085689,-2.767522935779571,0.08
17.1,uav_02,1,12.374466723918509,11.377795392054468,7.7451818181818535,0.08927272727258295,-2.7603636363637087,0.08
17.2,uav_01,1,0.24174261515244558,10.98316851475807,7.763404255319421,0.04319148936115866,-2.7834042553194207,0.07659574468057934
17.2,uav_02,1,12.378726935488972,11.1244642546832,7.754311926605701,0.057064220182898334,-2.7743119266057006,0.08
17.3,uav_01,1,0.24757453783021796,10.704305295625902,7.77345454545457,0.023090909090860985,-2.796909090909139,0.07345454545456952
17.3,uav_02,1,12.382301339710986,10.854470670173654,7.764042553191499,0.03191489361700481,-2.788085106382995,0.08
17.4,uav_01,1,0.24757453783021796,10.439151287030427,7.780000000000001,0.006989247311630264,-2.8130107526883696,0.07698924731163026
17.4,uav_02,1,12.38756888277499,10.577165323587115,7.774036697247848,0.011926605504305451,-2.804036697247847,0.08
17.5,uav_01,1,0.24757453783021796,10.137777168806233,7.783723404255266,0.0,-2.8237234042552655,0.07
17.5,uav_02,1,12.390861097189951,10.308390366089103,7.780000000000001,0.0,-2.8137234042552657,0.08
17.6,uav_01,1,0.2514311324071503,9.835632412371389,7.794361702127511,0.0,-2.834361702127511,0.07
17.6,uav_02,1,12.39641083006101,10.03958519985621,7.783279999999795,0.0,-2.823279999999795,0.07672000000020489
17.7,uav_01,1,0.25641648637275355,9.570686764342083,7.803760000000184,0.0,-2.843760000000184,0.07
17.7,uav_02,1,12.39641083006101,9.814182771910263,7.791134751773026,0.0,-2.831134751773026,0.07
17.8,uav_01,1,0.25641648637275355,9.323084390764297,7.81234042553198,0.0,-2.8523404255319806,0.07234042553198078
17.8,uav_02,1,12.39641083006101,9.617397076746377,7.798226950354502,0.0,-2.838226950354502,0.07
17.9,uav_01,1,0.25641648637275355,9.030778558594005,7.82256880733963,0.0,-2.8625688073396303,0.08
17.9,uav_02,1,12.39641083006101,9.395060726839393,7.806000000000058,0.0,-2.852000000000116,0.07
18.0,uav_01,1,0.25641648637275355,8.76625958820563,7.829999999999998,0.0,-2.8720212765957487,0.08
18.0,uav_02,1,12.39641083006101,9.130457856644156,7.8153763440861095,0.0,-2.8653763440861098,0.07537634408610984
18.1,uav_01,1,0.25641648637275355,8.469835337721209,7.832293577981442,0.002293577981443159,-2.882293577981443,0.07770642201855685
18.1,uav_02,1,12.39641083006101,8.870579935403745,7.82,0.0,-2.8745600000000557,0.08
18.2,uav_01,1,0.25754825562533723,8.210517263774193,7.84127999999997,0.01,-2.89127999999997,0.07
18.2,uav_02,1,12.399420855097008,8.615364316922296,7.82340425531942,0.0,-2.883404255319421,0.08
18.3,uav_01,1,0.26462181345404967,7.979664029594102,7.849279999999855,0.01,-2.899279999999853,0.07
18.3,uav_02,1,12.405252778603545,8.337308963771768,7.833040000000036,0.003040000000037253,-2.8930400000000374,0.08
18.4,uav_01,1,0.2652584336587727,7.7488107948315035,7.857280000000028,0.01,-2.907280000000028,0.07728000000002794
18.4,uav_02,1,12.405252778603545,8.096558510479484,7.841382978723672,0.01,-2.9,0.08
18.5,uav_01,1,0.2652584336587727,7.488872007358209,7.86605504587164,0.003944954128360755,-2.91,0.08
18.5,uav_02,1,12.405252778603545,7.80403799147105,7.851520000000019,0.01,-2.9015200000000188,0.08
18.6,uav_01,1,0.26929036219421837,7.239069094657777,7.874560000000056,0.0,-2.91,0.07543999999994412
18.6,uav_02,1,12.405252778603545,7.573184757290958,7.859519999999902,0.01,-2.9095199999999024,0.08
18.7,uav_01,1,0.27410038220130833,6.99814226456595,7.879999999999999,0.0,-2.9129090909093374,0.07
18.7,uav_02,1,12.414094725889564,7.259668306385653,7.870000000000001,0.0,-2.91,0.08
18.8,uav_01,1,0.27410038220130833,6.735279563294738,7.882018348623923,-0.0020183486239236373,-2.92,0.07
18.8,uav_02,1,12.414094725889564,6.994928358208842,7.879174311926439,0.0,-2.91,0.07082568807355985
18.9,uav_01,1,0.27410038220130833,6.465047669482976,7.891382978723672,-0.01,-2.92,0.07
18.9,uav_02,1,12.414094725889564,6.73018841067274,7.879999999999999,0.0,-2.918348623853493,0.07
19.0,uav_01,1,0.27410038220130833,6.155818628626187,7.902021276595748,-0.012021276595748798,-2.92,0.07
19.0,uav_02,1,12.414094725889564,6.4308069587676755,7.88872340425546,-0.008723404255459134,-2.92,0.07
19.1,uav_01,1,0.27410038220130833,5.850539021758617,7.912293577981444,-0.02,-2.92,0.07
19.1,uav_02,1,12.414094725889564,6.113430989358978,7.899361702127535,-0.01936170212753606,-2.929361702127536,0.07
19.2,uav_01,1,0.27410038220130833,5.591220947710658,7.920000000000002,-0.021279999999969733,-2.92,0.07
19.2,uav_02,1,12.414094725889564,5.805736877039699,7.91,-0.02,-2.92,0.07
19.3,uav_01,1,0.27410038220130833,5.360367712899677,7.920000000000002,-0.029279999999853316,-2.92,0.07
19.3,uav_02,1,12.414094725889564,5.540996928862889,7.919174311926442,-0.029174311926440155,-2.92,0.07
19.4,uav_01,1,0.27410038220130833,5.049489450457876,7.929680851064142,-0.03,-2.9006382978717147,0.07
19.4,uav_02,1,12.414094725889564,5.276256980668406,7.920000000000002,-0.03,-2.9116513761465073,0.07
19.5,uav_01,1,0.2738151580547191,4.742050524001545,7.940322580645225,-0.030322580645224383,-2.889032258064327,0.06
19.5,uav_02,1,12.414094725889564,4.967193673008644,7.928723404255459,-0.038723404255459136,-2.901276595744541,0.07
19.6,uav_01,1,0.2652584336587727,4.433274724477426,7.949999999999999,-0.04,-2.8568085106388414,0.06
19.6,uav_02,1,12.405252778603545,4.6096734219689335,7.941063829787054,-0.04,-2.8768085106388415,0.06
19.7,uav_01,1,0.2652584336587727,4.136207039732475,7.9517021276595825,-0.04,-2.8248936170212517,0.0582978723404173
19.7,uav_02,1,12.405252778603545,4.304576880065013,7.949999999999999,-0.04,-2.8448936170212518,0.06
19.8,uav_01,1,0.2652584336587727,3.8318189263430726,7.962340425531981,-0.04,-2.788297872340096,0.05
19.8,uav_02,1,12.405252778603545,4.009398337314082,7.952340425531981,-0.04,-2.8106382978720768,0.05765957446801923
19.9,uav_01,1,0.2652584336587727,3.53575167399901,7.969999999999999,-0.04,-2.734946236558151,0.05
19.9,uav_02,1,12.405252778603545,3.713331084970019,7.96301075268837,-0.04,-2.764946236558151,0.05
20.0,uav_01,1,0.2652584336587727,3.257068735474732,7.9731818181817875,-0.04,-2.6840909090910596,0.04681818181821189
20.0,uav_02,1,12.401960563720733,3.41608946668487,7.969999999999999,-0.04,-2.711382978723672,0.05
20.1,uav_01,1,0.26288156610890145,3.003848827230241,7.98,-0.04,-2.633870967742844,0.04
20.1,uav_02,1,12.39641083006101,3.141740238969763,7.973761467889785,-0.04,-2.6574311926612855,0.046238532110214225
20.2,uav_01,1,0.25641648637275355,2.7348238306498733,7.982909090909337,-0.04,-2.5696363636346375,0.03709090909066255
20.2,uav_02,1,12.39641083006101,2.888664446930544,7.98,-0.04,-2.599574468083476,0.04
20.3,uav_01,1,0.25641648637275355,2.4966673421882497,7.989999999999998,-0.04,-2.501276595744154,0.03
20.3,uav_02,1,12.39641083006101,2.6171001873562005,7.984042553191498,-0.04,-2.531702127659517,0.03595744680850241
20.4,uav_01,1,0.25641648637275355,2.246919214202396,7.989999999999998,-0.04,-2.4168807339433283,0.0274311926603698
20.4,uav_02,1,12.392272046224884,2.350731070703722,7.989999999999998,-0.04,-2.452553191488308,0.03
20.5,uav_01,1,0.2548752292873439,2.024843127233813,7.9917431192660695,-0.041743119266070355,-2.3325688073392965,0.02
20.5,uav_02,1,12.38756888277499,2.1088471492692578,7.989999999999998,-0.04,-2.364128440367799,0.025412844036779923
20.6,uav_01,1,0.24757453783021796,1.8146396082888072,8.0,-0.05,-2.2420000000012807,0.019200000000128056
20.6,uav_02,1,12.38756888277499,1.8750213312269803,7.99436170212751,-0.04,-2.2663829787248866,0.02
20.7,uav_01,1,0.24757453783021796,1.6370601974716439,8.0,-0.05,-2.161999999999534,0.011199999999953435
20.7,uav_02,1,12.38756888277499,1.616541807148106,8.0,-0.04602564102583238,-2.1497435897416763,0.013974358974167628
20.8,uav_01,1,0.24701186845735962,1.386128381632703,8.0,-0.05,-2.0429999999986106,0.01
20.8,uav_02,1,12.38107851721409,1.377940665466214,8.0,-0.05,-2.02925531915034,0.01
20.9,uav_01,1,0.2389737345608456,1.1944233352916538,8.0,-0.05,-1.9429999999969572,0.01
20.9,uav_02,1,12.378726935488972,1.1843956155166873,8.0,-0.05,-1.924311926605033,0.01
21.0,uav_01,1,0.2384892341968284,0.9951065528561323,8.000275229357854,-0.050275229357853286,-1.8166972477057606,0.009724770642146718
21.0,uav_02,1,12.378726935488972,0.9896037748622294,8.0,-0.05,-1.8127659574459027,0.01
21.1,uav_01,1,0.23037735595292025,0.8321896613364812,8.009449541284296,-0.05944954128429343,-1.7066055045884787,0.0005504587157065637
21.1,uav_02,1,12.371954379158575,0.7973835075540978,8.00765957446802,-0.05,-1.68042553191575,0.0023404255319807686
21.2,uav_01,1,0.2298906432581795,0.655933950205712,8.010000000000002,-0.06,-1.57,0.0
21.2,uav_02,1,12.369884986946435,0.6255019946969808,8.010000000000002,-0.05838709677426926,-1.5409677419344996,0.0
21.3,uav_01,1,0.2292322002814803,0.48980746615034404,8.010000000000002,-0.05925531914879206,-1.418829787231881,0.0
21.3,uav_02,1,12.361889609081583,0.45993539780961123,8.010000000000002,-0.06,-1.3934042553217427,0.0
21.4,uav_01,1,0.22104869471564398,0.34184036620415215,8.010000000000002,-0.05,-1.2634545454512622,0.0
21.4,uav_02,1,12.361043039660418,0.3161244118180446,8.010000000000002,-0.0503191489358573,-1.2347872340378596,0.0
21.5,uav_01,1,0.22080533836827362,0.23112815656199617,8.010000000000002,-0.05,-1.136146788990054,0.0
21.5,uav_02,1,12.361043039660418,0.20322863921174622,8.010000000000002,-0.05,-1.1054128440351112,0.0
21.6,uav_01,1,0.2126934601243655,0.1293050999048365,8.010000000000002,-0.05,-1.007706422019892,0.0
21.6,uav_02,1,12.352765470812194,0.08588514822741979,8.010000000000002,-0.05,-0.9589361702144952,0.0
