t_s,agent_id,valid,position_error_m
0.0,uav_01,1,0.23502918313148916
0.1,uav_01,1,0.24169775463435925
0.2,uav_01,1,0.2353258865374967
0.3,uav_01,1,0.23418777344429237
0.4,uav_01,1,0.23514795346077177
0.5,uav_01,1,0.24132753095436826
0.6,uav_01,1,0.24296962421930945
0.7,uav_01,1,0.2424147442615118
0.8,uav_01,1,0.24279650396998698
0.9,uav_01,1,0.23359161572831036
1.0,uav_01,1,0.23207709543398483
1.1,uav_01,1,0.23173915665939784
1.2,uav_01,1,0.23692500036018613
1.3,uav_01,1,0.24201300325218372
1.4,uav_01,1,0.24123717506610914
1.5,uav_01,1,0.24205036706795025
1.6,uav_01,1,0.24176891976570888
1.7,uav_01,1,0.2421254159373627
1.8,uav_01,1,0.2422154760552
1.9,uav_01,1,0.23498664229712798
2.0,uav_01,1,0.23143410367925413
2.1,uav_01,1,0.23216100998718578
2.2,uav_01,1,0.23439378805933328
2.3,uav_01,1,0.2343226157509499
2.4,uav_01,1,0.23744636091758858
2.5,uav_01,1,0.24501822235631843
2.6,uav_01,1,0.2363975707153767
2.7,uav_01,1,0.23754684258573144
2.8,uav_01,1,0.2393549526697371
2.9,uav_01,1,0.24179636556189252
3.0,uav_01,1,0.2439713778858861
3.1,uav_01,1,0.24472244007465857
3.2,uav_01,1,0.24550030146872995
3.3,uav_01,1,0.2493753837540905
3.4,uav_01,1,0.24688634520747707
3.5,uav_01,1,0.2509466387264719
3.6,uav_01,1,0.25265241322886123
3.7,uav_01,1,0.2528658055481864
3.8,uav_01,1,0.25198778178353426
3.9,uav_01,1,0.25825083882814204
4.0,uav_01,1,0.2613344652107761
4.1,uav_01,1,0.26069827200063816
4.2,uav_01,1,0.26299982078190787
4.3,uav_01,1,0.26956549473960106
4.4,uav_01,1,0.2649964630286598
4.5,uav_01,1,0.26673525851765767
4.6,uav_01,1,0.26568764391407457
4.7,uav_01,1,0.25753649236051035
4.8,uav_01,1,0.25969999305348257
4.9,uav_01,1,0.25997938919388147
5.0,uav_01,1,0.26151207394936465
5.1,uav_01,1,0.2775471729642572
5.2,uav_01,1,0.2734348617899302
5.3,uav_01,1,0.28021793287834607
5.4,uav_01,1,0.2851322119018768
5.5,uav_01,1,0.2806816634553191
5.6,uav_01,1,0.2785246220114519
5.7,uav_01,1,0.28074376126874856
5.8,uav_01,1,0.28158364126188057
5.9,uav_01,1,0.28721321905549535
6.0,uav_01,1,0.28924366457142753
6.1,uav_01,1,0.28758798443885425
6.2,uav_01,1,0.2768478213169259
6.3,uav_01,1,0.2741650827739649
6.4,uav_01,1,0.27985969018147294
6.5,uav_01,1,0.27354395314918967
6.6,uav_01,1,0.2785023400725981
6.7,uav_01,1,0.2800537610949799
6.8,uav_01,1,0.28032824581623345
6.9,uav_01,1,0.27999645396425576
7.0,uav_01,1,0.2782748531383181
7.1,uav_01,1,0.2808529733426174
7.2,uav_01,1,0.28435801901247676
7.3,uav_01,1,0.27788942183092946
7.4,uav_01,1,0.27419249763801157
7.5,uav_01,1,0.2750061899844754
7.6,uav_01,1,0.27829844719481656
7.7,uav_01,1,0.27733915925443714
7.8,uav_01,1,0.2825449788374655
7.9,uav_01,1,0.2806585287357151
8.0,uav_01,1,0.27634611058390357
8.1,uav_01,1,0.2772981059149288
8.2,uav_01,1,0.2716572164725686
8.3,uav_01,1,0.268636308484959
8.4,uav_01,1,0.27207969835734985
8.5,uav_01,1,0.26741745517112037
8.6,uav_01,1,0.264396321082076
8.7,uav_01,1,0.2701655036551034
8.8,uav_01,1,0.27126983836030594
8.9,uav_01,1,0.2653798737824118
9.0,uav_01,1,0.2637881770253611
9.1,uav_01,1,0.27106269769197316
9.2,uav_01,1,0.2686124675635597
9.3,uav_01,1,0.2708543612995084
9.4,uav_01,1,0.2728744800867414
9.5,uav_01,1,0.2624890510920228
9.6,uav_01,1,0.2559766423656792
9.7,uav_01,1,0.25628331090628553
9.8,uav_01,1,0.2590596116475012
9.9,uav_01,1,0.26089867465784145
10.0,uav_01,1,0.2605614529236064
10.1,uav_01,1,0.2555485796460257
10.2,uav_01,1,0.2544501743565949
10.3,uav_01,1,0.25308484347454413
10.4,uav_01,1,0.24128198956036917
10.5,uav_01,1,0.23752929778850285
10.6,uav_01,1,0.2324896924056988
10.7,uav_01,1,0.2311530547689496
10.8,uav_01,1,0.2307040171855084
10.9,uav_01,1,0.2249904135403411
11.0,uav_01,1,0.22164137212069376
11.1,uav_01,1,0.2181222183419124
11.2,uav_01,1,0.22039813962259175
11.3,uav_01,1,0.2191936593045058
11.4,uav_01,1,0.21463094531623172
11.5,uav_01,1,0.21399643459714554
11.6,uav_01,1,0.2145049299551179
11.7,uav_01,1,0.2139331042109519
11.8,uav_01,1,0.2127917453285123
11.9,uav_01,1,0.2109518332234244
12.0,uav_01,1,0.21079305446375227
12.1,uav_01,1,0.21074074989966315
12.2,uav_01,1,0.210638842282636
12.3,uav_01,1,0.2020417967820173
12.4,uav_01,1,0.20187754833859253
12.5,uav_01,1,0.20226039390458167
12.6,uav_01,1,0.20192499005756248
12.7,uav_01,1,0.20280122599137532
12.8,uav_01,1,0.20357597014845072
12.9,uav_01,1,0.20364082514223913
13.0,uav_01,1,0.20245645224514616
13.1,uav_01,1,0.20209615600704645
13.2,uav_01,1,0.20215050781197483
13.3,uav_01,1,0.2016061511397902
13.4,uav_01,1,0.20082927113918297
13.5,uav_01,1,0.20068401966311458
13.6,uav_01,1,0.2017258876692893
13.7,uav_01,1,0.2014198366735616
13.8,uav_01,1,0.20110830212879502
13.9,uav_01,1,0.201471699125668
14.0,uav_01,1,0.20116193910976568
14.1,uav_01,1,0.20100834018390715
14.2,uav_01,1,0.20112912740885908
14.3,uav_01,1,0.20093262631860587
14.4,uav_01,1,0.20164926535529382
14.5,uav_01,1,0.20130962252676732
14.6,uav_01,1,0.20138069875335138
14.7,uav_01,1,0.20242042361854548
14.8,uav_01,1,0.20180585074413024
14.9,uav_01,1,0.20200701153956663
15.0,uav_01,1,0.20214170121465933
15.1,uav_01,1,0.20235087995894774
15.2,uav_01,1,0.2030571401566547
15.3,uav_01,1,0.2037869669182255
15.4,uav_01,1,0.20472812892051773
15.5,uav_01,1,0.20640349494636473
15.6,uav_01,1,0.20687103079377053
15.7,uav_01,1,0.20742382370851598
15.8,uav_01,1,0.2058535595225599
15.9,uav_01,1,0.2078136705229885
16.0,uav_01,1,0.2007507907099742
16.1,uav_01,1,0.1982249888147806
16.2,uav_01,1,0.20095765506687374
16.3,uav_01,1,0.1992646978670589
16.4,uav_01,1,0.21131119952223684
16.5,uav_01,1,0.2033562208819661
16.6,uav_01,1,0.2053485171762275
16.7,uav_01,1,0.20969666238130663
16.8,uav_01,1,0.20953588651699032
16.9,uav_01,1,0.20681677377060387
17.0,uav_01,1,0.21075449116608022
17.1,uav_01,1,0.2191367262887794
17.2,uav_01,1,0.2205401921467954
17.3,uav_01,1,0.22422535677197733
17.4,uav_01,1,0.21681031930810896
17.5,uav_01,1,0.2095776040542633
17.6,uav_01,1,0.21535122422601083
17.7,uav_01,1,0.2227741455698817
17.8,uav_01,1,0.22737568287421536
17.9,uav_01,1,0.22368470919858136
18.0,uav_01,1,0.2223363282131784
18.1,uav_01,1,0.2252366417804494
18.2,uav_01,1,0.22771495556618815
18.3,uav_01,1,0.2239065025205368
18.4,uav_01,1,0.228088046759167
18.5,uav_01,1,0.22739365375470202
18.6,uav_01,1,0.22536670257684652
18.7,uav_01,1,0.2184711602822419
18.8,uav_01,1,0.21461734574667654
18.9,uav_01,1,0.2129548271663358
19.0,uav_01,1,0.21333494245619136
19.1,uav_01,1,0.20888273527904627
19.2,uav_01,1,0.21050345403500811
19.3,uav_01,1,0.2092773062600684
19.4,uav_01,1,0.20798187405802593
19.5,uav_01,1,0.20676100427808083
19.6,uav_01,1,0.21365537245212882
19.7,uav_01,1,0.20969600133420985
19.8,uav_01,1,0.21003895191724853
19.9,uav_01,1,0.20793985932663503
20.0,uav_01,1,0.20977202011587612
20.1,uav_01,1,0.20550591391412898
20.2,uav_01,1,0.20230861850510065
20.3,uav_01,1,0.20271289695881045
20.4,uav_01,1,0.2003061069296547
20.5,uav_01,1,0.20019034801255076
20.6,uav_01,1,0.20078492529679182
20.7,uav_01,1,0.200919004682402
20.8,uav_01,1,0.20208329252323046
20.9,uav_01,1,0.2020218939721586
21.0,uav_01,1,0.20334168875769615
21.1,uav_01,1,0.20390362540465903
21.2,uav_01,1,0.20509263090547955
21.3,uav_01,1,0.20513850608359574
21.4,uav_01,1,0.20512413943251906
21.5,uav_01,1,0.20510092159003496
21.6,uav_01,1,0.1981654789931687
21.7,uav_01,1,0.1932241916537756
21.8,uav_01,1,0.20289600485337145
21.9,uav_01,1,0.20363601257264252
22.0,uav_01,1,0.20399247415060845
22.1,uav_01,1,0.20498334198318938
22.2,uav_01,1,0.2040305521565599
22.3,uav_01,1,0.19993842572077644
22.4,uav_01,1,0.19516603703805374
22.5,uav_01,1,0.19688945319882112
22.6,uav_01,1,0.19532819704757717
22.7,uav_01,1,0.19481264517626803
22.8,uav_01,1,0.196481549191515
22.9,uav_01,1,0.19857416256496632
23.0,uav_01,1,0.19679387589020716
23.1,uav_01,1,0.19659138543597923
23.2,uav_01,1,0.19390425760148663
23.3,uav_01,1,0.1932461423202293
23.4,uav_01,1,0.1944643358187439
23.5,uav_01,1,0.20254533174714892
23.6,uav_01,1,0.20461728082189878
23.7,uav_01,1,0.20334578143644746
23.8,uav_01,1,0.20340497411668604
23.9,uav_01,1,0.20371359393090727
24.0,uav_01,1,0.20229260021353548
24.1,uav_01,1,0.20195957556544375
24.2,uav_01,1,0.20322796109816602
24.3,uav_01,1,0.20162643315397868
24.4,uav_01,1,0.20136352830142815
24.5,uav_01,1,0.20117433745513597
24.6,uav_01,1,0.20154704730350353
24.7,uav_01,1,0.2034607286764422
24.8,uav_01,1,0.202431892622422
24.9,uav_01,1,0.20359389098059605
25.0,uav_01,1,0.2034816197362009
25.1,uav_01,1,0.202457260759477
25.2,uav_01,1,0.20290336636379952
25.3,uav_01,1,0.20414840200096707
25.4,uav_01,1,0.20224134285563722
25.5,uav_01,1,0.1952116401908046
25.6,uav_01,1,0.19505631636463083
25.7,uav_01,1,0.19554417455259085
25.8,uav_01,1,0.19536675360138456
25.9,uav_01,1,0.19513991140337664
26.0,uav_01,1,0.1942259366976473
26.1,uav_01,1,0.19285182629090594
26.2,uav_01,1,0.19646534234900373
26.3,uav_01,1,0.20355878195872978
26.4,uav_01,1,0.20280345098426694
26.5,uav_01,1,0.20239551621563373
26.6,uav_01,1,0.20321991976513412
26.7,uav_01,1,0.20324502587286175
26.8,uav_01,1,0.20303465286613903
26.9,uav_01,1,0.2025298399801255
27.0,uav_01,1,0.20357306894983046
27.1,uav_01,1,0.20243480964328434
27.2,uav_01,1,0.1978305060936803
27.3,uav_01,1,0.195030888711419
27.4,uav_01,1,0.1944479611547905
27.5,uav_01,1,0.1944477979103253
27.6,uav_01,1,0.1972391854117441
27.7,uav_01,1,0.19704216033917332
27.8,uav_01,1,0.19586857210636968
27.9,uav_01,1,0.19803127777393215
28.0,uav_01,1,0.19788349025590662
28.1,uav_01,1,0.20599386949634177
28.2,uav_01,1,0.21217103924219866
28.3,uav_01,1,0.21208446447796828
28.4,uav_01,1,0.21553045464176349
28.5,uav_01,1,0.2144801988433222
28.6,uav_01,1,0.21629843259982567
28.7,uav_01,1,0.2194028501372111
28.8,uav_01,1,0.2194488045564894
28.9,uav_01,1,0.22271669163919586
29.0,uav_01,1,0.22228898310297068
29.1,uav_01,1,0.22463448471499436
29.2,uav_01,1,0.22494198748528932
29.3,uav_01,1,0.222168027243898
29.4,uav_01,1,0.22765865095815682
29.5,uav_01,1,0.22887028675398677
29.6,uav_01,1,0.22691332432359218
29.7,uav_01,1,0.23276003040031285
29.8,uav_01,1,0.22750175668224126
29.9,uav_01,1,0.23143652489943917
30.0,uav_01,1,0.22765163901134974
30.1,uav_01,1,0.2293174978942255
30.2,uav_01,1,0.22699014154975233
30.3,uav_01,1,0.2272682948800087
30.4,uav_01,1,0.23047981207667848
30.5,uav_01,1,0.22885390507587736
30.6,uav_01,1,0.22715771999381906
30.7,uav_01,1,0.22737997569347773
30.8,uav_01,1,0.22080150412696936
30.9,uav_01,1,0.21856825643729164
31.0,uav_01,1,0.22258990355577363
31.1,uav_01,1,0.22123760098098794
31.2,uav_01,1,0.21818178962723953
31.3,uav_01,1,0.21376831781720343
31.4,uav_01,1,0.21458038713809668
31.5,uav_01,1,0.20542392350916155
31.6,uav_01,1,0.20191228413639936
31.7,uav_01,1,0.1999050271301307
31.8,uav_01,1,0.19885815561087447
31.9,uav_01,1,0.19453722308710777
32.0,uav_01,1,0.19367640611274195
32.1,uav_01,1,0.19303387325305965
32.2,uav_01,1,0.19245946913952452
32.3,uav_01,1,0.19398083731265373
32.4,uav_01,1,0.20114021769439383
32.5,uav_01,1,0.20127771851146958
32.6,uav_01,1,0.20168990164589354
32.7,uav_01,1,0.2019674729428331
32.8,uav_01,1,0.2022999722602799
32.9,uav_01,1,0.20348304521791688
33.0,uav_01,1,0.2043139453537676
33.1,uav_01,1,0.20802746707756362
33.2,uav_01,1,0.2081315390948658
33.3,uav_01,1,0.20638240014849776
33.4,uav_01,1,0.19963253523771868
33.5,uav_01,1,0.20217268821193504
33.6,uav_01,1,0.21026535014894868
33.7,uav_01,1,0.21454866797060007
33.8,uav_01,1,0.2169634732426461
33.9,uav_01,1,0.21660766220664698
34.0,uav_01,1,0.21453619236828766
34.1,uav_01,1,0.2148889966502857
34.2,uav_01,1,0.21332850699384615
34.3,uav_01,1,0.220296845245857
34.4,uav_01,1,0.21778278192107878
34.5,uav_01,1,0.2206826719013511
34.6,uav_01,1,0.22533807466521982
34.7,uav_01,1,0.23029763867199365
34.8,uav_01,1,0.23177623411227816
34.9,uav_01,1,0.22498663943538919
35.0,uav_01,1,0.2266980937014202
35.1,uav_01,1,0.2337048875111258
35.2,uav_01,1,0.23893249459770627
35.3,uav_01,1,0.2486328062089231
35.4,uav_01,1,0.24046362870026178
35.5,uav_01,1,0.23946741322777643
35.6,uav_01,1,0.24105557029486188
35.7,uav_01,1,0.24133943529180796
35.8,uav_01,1,0.2428163525354502
35.9,uav_01,1,0.24026276092156632
36.0,uav_01,1,0.23583914501567635
36.1,uav_01,1,0.2348629717836723
36.2,uav_01,1,0.23145529628808142
36.3,uav_01,1,0.22867815836009314
36.4,uav_01,1,0.2292975211662291
36.5,uav_01,1,0.22411578473133756
36.6,uav_01,1,0.22209739264339304
36.7,uav_01,1,0.2220963081006775
36.8,uav_01,1,0.2186560194445418
36.9,uav_01,1,0.2176138109856492
37.0,uav_01,1,0.2170264426225603
37.1,uav_01,1,0.21208969687927473
37.2,uav_01,1,0.21277152746339958
37.3,uav_01,1,0.2135320084461777
37.4,uav_01,1,0.21154993706063657
37.5,uav_01,1,0.20833548886396916
37.6,uav_01,1,0.21057844605841766
37.7,uav_01,1,0.216397383286533
37.8,uav_01,1,0.2154814125854886
37.9,uav_01,1,0.21447168718134485
38.0,uav_01,1,0.21349167526612137
38.1,uav_01,1,0.204209878857156
38.2,uav_01,1,0.20422320988169199
38.3,uav_01,1,0.20491450309200726
38.4,uav_01,1,0.20801306302762199
38.5,uav_01,1,0.20451333901370683
38.6,uav_01,1,0.20557254103552813
38.7,uav_01,1,0.20789136678489256
38.8,uav_01,1,0.20599053490714483
38.9,uav_01,1,0.20723956831065107
39.0,uav_01,1,0.20789418986442018
39.1,uav_01,1,0.20875414257296374
39.2,uav_01,1,0.21186384967722777
39.3,uav_01,1,0.21185176171195477
39.4,uav_01,1,0.21504950474163637
39.5,uav_01,1,0.2145147355997205
39.6,uav_01,1,0.21555801097947214
39.7,uav_01,1,0.2226554666777261
39.8,uav_01,1,0.23377006172473647
39.9,uav_01,1,0.23418003810195784
40.0,uav_01,1,0.23554807873475167
40.1,uav_01,1,0.24705658902119249
40.2,uav_01,1,0.24915368684414788
40.3,uav_01,1,0.24448413813788586
40.4,uav_01,1,0.24301654355374847
40.5,uav_01,1,0.2496595146163297
40.6,uav_01,1,0.2526925583009345
40.7,uav_01,1,0.25508949928038943
40.8,uav_01,1,0.2594861739663781
40.9,uav_01,1,0.2573981381640199
41.0,uav_01,1,0.25872745175288947
41.1,uav_01,1,0.2590013882936588
41.2,uav_01,1,0.2664012075532116
41.3,uav_01,1,0.2697727803495908
41.4,uav_01,1,0.27056396991544934
41.5,uav_01,1,0.2705747734672617
41.6,uav_01,1,0.26896130847068367
41.7,uav_01,1,0.2643600716500236
41.8,uav_01,1,0.26335356290950523
41.9,uav_01,1,0.26751404047806465
42.0,uav_01,1,0.26930055986005064
42.1,uav_01,1,0.26311604606282935
42.2,uav_01,1,0.26044045238148245
42.3,uav_01,1,0.25872985493085127
42.4,uav_01,1,0.26122010734420936
42.5,uav_01,1,0.2573329905315773
42.6,uav_01,1,0.2495566921240472
42.7,uav_01,1,0.2526051869328418
42.8,uav_01,1,0.24972386030157726
42.9,uav_01,1,0.2483312529307424
43.0,uav_01,1,0.2485389091223233
43.1,uav_01,1,0.24344130413218795
43.2,uav_01,1,0.24273059740196215
43.3,uav_01,1,0.2328774796999836
43.4,uav_01,1,0.23056832894055004
43.5,uav_01,1,0.22766400978687235
43.6,uav_01,1,0.22560929045875827
43.7,uav_01,1,0.22269988568945678
43.8,uav_01,1,0.2200253260325768
43.9,uav_01,1,0.2184125330815175
44.0,uav_01,1,0.21500591709463743
44.1,uav_01,1,0.2137892269051781
44.2,uav_01,1,0.21440576350793544
44.3,uav_01,1,0.21184401799533956
44.4,uav_01,1,0.21078498001749796
44.5,uav_01,1,0.2105478138683884
44.6,uav_01,1,0.2085860753998921
44.7,uav_01,1,0.20010141788373115
44.8,uav_01,1,0.2001565654303996
44.9,uav_01,1,0.2000975919366165
45.0,uav_01,1,0.20080959675109253
45.1,uav_01,1,0.20094275215724036
45.2,uav_01,1,0.2006686147867104
45.3,uav_01,1,0.20295601174560357
45.4,uav_01,1,0.21084539434712274
45.5,uav_01,1,0.2114245493853818
45.6,uav_01,1,0.2127041775181001
45.7,uav_01,1,0.21274369286228417
45.8,uav_01,1,0.212394735363273
45.9,uav_01,1,0.2123964023753194
46.0,uav_01,1,0.20809460165911675
46.1,uav_01,1,0.20484599671218062
46.2,uav_01,1,0.2061872184234268
46.3,uav_01,1,0.20628569887723278
46.4,uav_01,1,0.20641465639685885
46.5,uav_01,1,0.21305043421608294
46.6,uav_01,1,0.217351903418546
46.7,uav_01,1,0.21349125792146523
46.8,uav_01,1,0.20981794219161565
46.9,uav_01,1,0.2107770703493323
47.0,uav_01,1,0.21059238471253633
47.1,uav_01,1,0.21186567835597345
47.2,uav_01,1,0.21980558821224383
47.3,uav_01,1,0.21892016672847073
47.4,uav_01,1,0.2209438532020959
47.5,uav_01,1,0.2194811952230962
47.6,uav_01,1,0.2213434723533504
47.7,uav_01,1,0.22060843467122315
47.8,uav_01,1,0.21982213532160375
47.9,uav_01,1,0.218970945235845
48.0,uav_01,1,0.21800379625660263
48.1,uav_01,1,0.22090484513784395
48.2,uav_01,1,0.22275259078660262
48.3,uav_01,1,0.21961249753152476
48.4,uav_01,1,0.2181640549889656
48.5,uav_01,1,0.2161708926238514
48.6,uav_01,1,0.21721307505993187
48.7,uav_01,1,0.21777188336802517
48.8,uav_01,1,0.215090888708797
48.9,uav_01,1,0.21722431500994147
49.0,uav_01,1,0.21552769148324222
49.1,uav_01,1,0.2145449570481782
49.2,uav_01,1,0.21481449819481432
49.3,uav_01,1,0.21578238876193578
49.4,uav_01,1,0.21466066357722904
49.5,uav_01,1,0.2075178444616128
49.6,uav_01,1,0.19228848265411802
49.7,uav_01,1,0.198783786753041
49.8,uav_01,1,0.20227794322574172
49.9,uav_01,1,0.20235323296144345
50.0,uav_01,1,0.20207942848644941
50.1,uav_01,1,0.2024449752194292
50.2,uav_01,1,0.20108316076903154
50.3,uav_01,1,0.2016129824025776
50.4,uav_01,1,0.19214283200050014
50.5,uav_01,1,0.19166828715647946
50.6,uav_01,1,0.1918109139036049
50.7,uav_01,1,0.1995071170073627
50.8,uav_01,1,0.20325229628231406
50.9,uav_01,1,0.20208124551856374
51.0,uav_01,1,0.20276902779634667
51.1,uav_01,1,0.20297347679707814
51.2,uav_01,1,0.20201927472576292
51.3,uav_01,1,0.20398062830591082
51.4,uav_01,1,0.20391942162825094
51.5,uav_01,1,0.20501777202326393
51.6,uav_01,1,0.2074973316354235
51.7,uav_01,1,0.208627969147314
51.8,uav_01,1,0.2087211607204672
51.9,uav_01,1,0.20943707527546598
52.0,uav_01,1,0.2108813940198711
52.1,uav_01,1,0.2124722865780445
52.2,uav_01,1,0.2153848733781123
52.3,uav_01,1,0.21463464665621682
52.4,uav_01,1,0.21508647268098133
52.5,uav_01,1,0.21871044126897968
52.6,uav_01,1,0.21948179134570492
52.7,uav_01,1,0.21406989212334873
52.8,uav_01,1,0.21713755977003885
52.9,uav_01,1,0.217213049784966
53.0,uav_01,1,0.21703945264094038
53.1,uav_01,1,0.2173937837576406
53.2,uav_01,1,0.2188915482662892
53.3,uav_01,1,0.2196372108261656
53.4,uav_01,1,0.22305243992092114
53.5,uav_01,1,0.22070528409418136
53.6,uav_01,1,0.22234651222047072
53.7,uav_01,1,0.21911206929040214
53.8,uav_01,1,0.2138799602809672
53.9,uav_01,1,0.21421353222376954
54.0,uav_01,1,0.22004713629725958
54.1,uav_01,1,0.2142060171526165
54.2,uav_01,1,0.21502493363687006
54.3,uav_01,1,0.20912333871790595
54.4,uav_01,1,0.21245960156657018
54.5,uav_01,1,0.21338270520143537
54.6,uav_01,1,0.2097111906939891
54.7,uav_01,1,0.20975411579518302
54.8,uav_01,1,0.20583509025945992
54.9,uav_01,1,0.20541850673323944
55.0,uav_01,1,0.2109349553724444
55.1,uav_01,1,0.20949053221735767
55.2,uav_01,1,0.2104437531923025
55.3,uav_01,1,0.20771438770668077
55.4,uav_01,1,0.20530735143124992
55.5,uav_01,1,0.20380921345576292
55.6,uav_01,1,0.20278755951580715
55.7,uav_01,1,0.2020220834774973
55.8,uav_01,1,0.20249607234252298
55.9,uav_01,1,0.2027584383728609
56.0,uav_01,1,0.20269350078268247
56.1,uav_01,1,0.20236309233190455
56.2,uav_01,1,0.20428976039613586
56.3,uav_01,1,0.2065514266193598
56.4,uav_01,1,0.20757152162624093
56.5,uav_01,1,0.20529112976623723
56.6,uav_01,1,0.20569875019977113
56.7,uav_01,1,0.2127123475525682
56.8,uav_01,1,0.2166036507521102
56.9,uav_01,1,0.20844151648350234
57.0,uav_01,1,0.21059364576404876
57.1,uav_01,1,0.2136723200794814
57.2,uav_01,1,0.2142729651066828
57.3,uav_01,1,0.21368576309070916
57.4,uav_01,1,0.21308238073799587
57.5,uav_01,1,0.21286589404721723
57.6,uav_01,1,0.21943955422796235
57.7,uav_01,1,0.21902138106012164
57.8,uav_01,1,0.21493906306449725
57.9,uav_01,1,0.2196899619306905
58.0,uav_01,1,0.21935511001770164
58.1,uav_01,1,0.22083140938922255
58.2,uav_01,1,0.22072653888467536
58.3,uav_01,1,0.22105730694892234
58.4,uav_01,1,0.22214398082916093
58.5,uav_01,1,0.2262235395325428
58.6,uav_01,1,0.23384760253031597
58.7,uav_01,1,0.2333477418291277
58.8,uav_01,1,0.23526324409041274
58.9,uav_01,1,0.23219325239974356
59.0,uav_01,1,0.23310801230751205
59.1,uav_01,1,0.23878177232606204
59.2,uav_01,1,0.23124412000338246
59.3,uav_01,1,0.22478655368089992
59.4,uav_01,1,0.2204194172814478
59.5,uav_01,1,0.21976624202435716
59.6,uav_01,1,0.22358052866999428
59.7,uav_01,1,0.22345375660344788
59.8,uav_01,1,0.22376104075858358
59.9,uav_01,1,0.2238278495470578
60.0,uav_01,1,0.22574395381342247
60.1,uav_01,1,0.22388775016987808
60.2,uav_01,1,0.22372811089478956
60.3,uav_01,1,0.22091581435985122
60.4,uav_01,1,0.22402120262135786
60.5,uav_01,1,0.2219041111950605
60.6,uav_01,1,0.22560893830145173
60.7,uav_01,1,0.22130263626763977
60.8,uav_01,1,0.22657384984249124
60.9,uav_01,1,0.2295518359537874
61.0,uav_01,1,0.22327217021570797
61.1,uav_01,1,0.22824998046592201
61.2,uav_01,1,0.22979601098487132
61.3,uav_01,1,0.22985228931980364
61.4,uav_01,1,0.22559007219106886
61.5,uav_01,1,0.22583481845901276
61.6,uav_01,1,0.22937130380326134
61.7,uav_01,1,0.2300408369308269
61.8,uav_01,1,0.23160794370687657
61.9,uav_01,1,0.2395136075496771
62.0,uav_01,1,0.23996215270181617
62.1,uav_01,1,0.240534707351727
62.2,uav_01,1,0.24510106149709343
62.3,uav_01,1,0.24586762721891214
62.4,uav_01,1,0.25035219355818317
62.5,uav_01,1,0.24789041445250842
62.6,uav_01,1,0.2470395134084825
62.7,uav_01,1,0.24426833869431766
62.8,uav_01,1,0.24872069865758473
62.9,uav_01,1,0.246256092735128
63.0,uav_01,1,0.25131596765853886
63.1,uav_01,1,0.25775996726649525
63.2,uav_01,1,0.25073769349337816
63.3,uav_01,1,0.25442680532656875
63.4,uav_01,1,0.2598072577522426
63.5,uav_01,1,0.256127322510804
63.6,uav_01,1,0.25462563586771525
63.7,uav_01,1,0.25554453808325983
63.8,uav_01,1,0.2625511009973375
63.9,uav_01,1,0.2542869735274338
64.0,uav_01,1,0.253007146598297
64.1,uav_01,1,0.25348122248504024
64.2,uav_01,1,0.25801292288184585
64.3,uav_01,1,0.2576420475509667
64.4,uav_01,1,0.2591964841607367
64.5,uav_01,1,0.2569908350686313
64.6,uav_01,1,0.2581582052409495
64.7,uav_01,1,0.2625841900739831
64.8,uav_01,1,0.2572229610153967
64.9,uav_01,1,0.25520954795868794
65.0,uav_01,1,0.24985645455476796
65.1,uav_01,1,0.2490056903203879
65.2,uav_01,1,0.24942029738189106
65.3,uav_01,1,0.24906000502552647
65.4,uav_01,1,0.24712132739035467
65.5,uav_01,1,0.24262795924584588
65.6,uav_01,1,0.23934880644795375
0.0,uav_02,1,0.22445794504840297
0.1,uav_02,1,0.2309345554125562
0.2,uav_02,1,0.22650509794289622
0.3,uav_02,1,0.23381424187225222
0.4,uav_02,1,0.23321911823215552
0.5,uav_02,1,0.23108682593980784
0.6,uav_02,1,0.23500247910609784
0.7,uav_02,1,0.2330648710022493
0.8,uav_02,1,0.23313296996594335
0.9,uav_02,1,0.23619276098951322
1.0,uav_02,1,0.23605373166901264
1.1,uav_02,1,0.23289610676501615
1.2,uav_02,1,0.2330613649352014
1.3,uav_02,1,0.23238022218193047
1.4,uav_02,1,0.2323950375650581
1.5,uav_02,1,0.2315769763357951
1.6,uav_02,1,0.23785950545079432
1.7,uav_02,1,0.2422289148744906
1.8,uav_02,1,0.24232261630895044
1.9,uav_02,1,0.2418998255299061
2.0,uav_02,1,0.23269166091097904
2.1,uav_02,1,0.23287449878957645
2.2,uav_02,1,0.23402109996585482
2.3,uav_02,1,0.23305786722609328
2.4,uav_02,1,0.24290869524438657
2.5,uav_02,1,0.24463855593808911
2.6,uav_02,1,0.23968819617749867
2.7,uav_02,1,0.240161558592765
2.8,uav_02,1,0.23993877939786598
2.9,uav_02,1,0.24449934762639486
3.0,uav_02,1,0.24585864793670803
3.1,uav_02,1,0.24613222102844817
3.2,uav_02,1,0.2501516028424616
3.3,uav_02,1,0.2476627316312887
3.4,uav_02,1,0.2538672484089453
3.5,uav_02,1,0.2591290069247772
3.6,uav_02,1,0.25977392543780065
3.7,uav_02,1,0.25980869291240904
3.8,uav_02,1,0.26153944796075346
3.9,uav_02,1,0.26157677552868674
4.0,uav_02,1,0.2633693044236061
4.1,uav_02,1,0.26184507316701494
4.2,uav_02,1,0.26204401468862976
4.3,uav_02,1,0.26862313253080067
4.4,uav_02,1,0.2721710370834869
4.5,uav_02,1,0.2671361293855969
4.6,uav_02,1,0.27272044209313395
4.7,uav_02,1,0.2703991251671038
4.8,uav_02,1,0.26450065233487746
4.9,uav_02,1,0.27048443127932953
5.0,uav_02,1,0.2773223840649516
5.1,uav_02,1,0.27738104040060907
5.2,uav_02,1,0.2758402455521649
5.3,uav_02,1,0.27696199760282186
5.4,uav_02,1,0.28121812309170036
5.5,uav_02,1,0.2801226365292357
5.6,uav_02,1,0.2831386398673884
5.7,uav_02,1,0.2852053451189526
5.8,uav_02,1,0.2807706508257351
5.9,uav_02,1,0.2847830383184314
6.0,uav_02,1,0.28667232392510184
6.1,uav_02,1,0.2867418518762492
6.2,uav_02,1,0.28554422557832504
6.3,uav_02,1,0.28488827021017465
6.4,uav_02,1,0.2886092473188796
6.5,uav_02,1,0.28644803599822893
6.6,uav_02,1,0.28941694437432197
6.7,uav_02,1,0.2870928045213083
6.8,uav_02,1,0.288750747926784
6.9,uav_02,1,0.28671851790047953
7.0,uav_02,1,0.27369709631510075
7.1,uav_02,1,0.28157895720993836
7.2,uav_02,1,0.27818519241357387
7.3,uav_02,1,0.2781575415537874
7.4,uav_02,1,0.27659425738494725
7.5,uav_02,1,0.2794069515294353
7.6,uav_02,1,0.27604333537605596
7.7,uav_02,1,0.28439859913804105
7.8,uav_02,1,0.2831654359015214
7.9,uav_02,1,0.28389163740038853
8.0,uav_02,1,0.2839624853742529
8.1,uav_02,1,0.28403335973642285
8.2,uav_02,1,0.2841042607368059
8.3,uav_02,1,0.28318653416684375
8.4,uav_02,1,0.28289357881241767
8.5,uav_02,1,0.28042205730002834
8.6,uav_02,1,0.2785299017620102
8.7,uav_02,1,0.27164688054817654
8.8,uav_02,1,0.2710433099122128
8.9,uav_02,1,0.2686195592480646
9.0,uav_02,1,0.27164328774291846
9.1,uav_02,1,0.27358699021036825
9.2,uav_02,1,0.2670669414957998
9.3,uav_02,1,0.26596557101259194
9.4,uav_02,1,0.26551419539939114
9.5,uav_02,1,0.2678555213362967
9.6,uav_02,1,0.26396761467939545
9.7,uav_02,1,0.2588024298493698
9.8,uav_02,1,0.2617471841359037
9.9,uav_02,1,0.2489988688670446
10.0,uav_02,1,0.2501374561412561
10.1,uav_02,1,0.24914371381609643
10.2,uav_02,1,0.24457464088514405
10.3,uav_02,1,0.23823115839175263
10.4,uav_02,1,0.23811394369761962
10.5,uav_02,1,0.23120515816661083
10.6,uav_02,1,0.2270305939696619
10.7,uav_02,1,0.22476704741643957
10.8,uav_02,1,0.22277527103463232
10.9,uav_02,1,0.2218530308796674
11.0,uav_02,1,0.2192444696460721
11.1,uav_02,1,0.21412885373654958
11.2,uav_02,1,0.20938262035394004
11.3,uav_02,1,0.21103281569594026
11.4,uav_02,1,0.2183840198625197
11.5,uav_02,1,0.21507412818541613
11.6,uav_02,1,0.2119872839811939
11.7,uav_02,1,0.21137098900213233
11.8,uav_02,1,0.21116072980579256
11.9,uav_02,1,0.21041929518047034
12.0,uav_02,1,0.21052934875364798
12.1,uav_02,1,0.2068684308613181
12.2,uav_02,1,0.20084975525551912
12.3,uav_02,1,0.20177800523753658
12.4,uav_02,1,0.20168874415859847
12.5,uav_02,1,0.202236445837482
12.6,uav_02,1,0.2037903305536194
12.7,uav_02,1,0.20478995063252048
12.8,uav_02,1,0.203277188206943
12.9,uav_02,1,0.2024901669527924
13.0,uav_02,1,0.20233666848675735
13.1,uav_02,1,0.201892253621921
13.2,uav_02,1,0.20205284537478332
13.3,uav_02,1,0.201798132401165
13.4,uav_02,1,0.20105180336739925
13.5,uav_02,1,0.20172891695210166
13.6,uav_02,1,0.2007697614956388
13.7,uav_02,1,0.20145581068466817
13.8,uav_02,1,0.2022820033188818
13.9,uav_02,1,0.20220841407306392
14.0,uav_02,1,0.20281151929284233
14.1,uav_02,1,0.20094922729289902
14.2,uav_02,1,0.20118424403984814
14.3,uav_02,1,0.2009105735593939
14.4,uav_02,1,0.20208332036831936
14.5,uav_02,1,0.2015411526058756
14.6,uav_02,1,0.20160424653474668
14.7,uav_02,1,0.20141339892894763
14.8,uav_02,1,0.2017100076752818
14.9,uav_02,1,0.20313068565520545
15.0,uav_02,1,0.2039470393832886
15.1,uav_02,1,0.20291133735159878
15.2,uav_02,1,0.20297212177158414
15.3,uav_02,1,0.20265953538419848
15.4,uav_02,1,0.20333018105088183
15.5,uav_02,1,0.20578125263524366
15.6,uav_02,1,0.20222613476482032
15.7,uav_02,1,0.20709992688761777
15.8,uav_02,1,0.20871423163818337
15.9,uav_02,1,0.20687517181002063
16.0,uav_02,1,0.20740516921300642
16.1,uav_02,1,0.20889629265359874
16.2,uav_02,1,0.21007033241151712
16.3,uav_02,1,0.20972121112770256
16.4,uav_02,1,0.2128277668608218
16.5,uav_02,1,0.21326893557315668
16.6,uav_02,1,0.21472057522066842
16.7,uav_02,1,0.2147529210655511
16.8,uav_02,1,0.21977001343018196
16.9,uav_02,1,0.22946775341068607
17.0,uav_02,1,0.22036679723668015
17.1,uav_02,1,0.22026153466359313
17.2,uav_02,1,0.2206848791005196
17.3,uav_02,1,0.22405175289000528
17.4,uav_02,1,0.22423272214863854
17.5,uav_02,1,0.2225852312979022
17.6,uav_02,1,0.2222831957186695
17.7,uav_02,1,0.22390219446915097
17.8,uav_02,1,0.22342657612627545
17.9,uav_02,1,0.22344006046801906
18.0,uav_02,1,0.2314128205992302
18.1,uav_02,1,0.22541582490843695
18.2,uav_02,1,0.22563470740258595
18.3,uav_02,1,0.22930660431724564
18.4,uav_02,1,0.23334176599022322
18.5,uav_02,1,0.2264042066023363
18.6,uav_02,1,0.2248483110673017
18.7,uav_02,1,0.22306346800639787
18.8,uav_02,1,0.22141697356464213
18.9,uav_02,1,0.2246215989579834
19.0,uav_02,1,0.22281995985999506
19.1,uav_02,1,0.22109357661886328
19.2,uav_02,1,0.2195409404393648
19.3,uav_02,1,0.2175414839686193
19.4,uav_02,1,0.2131371871228877
19.5,uav_02,1,0.2132571488757691
19.6,uav_02,1,0.21426651935084515
19.7,uav_02,1,0.2088426082690713
19.8,uav_02,1,0.2070560522530315
19.9,uav_02,1,0.20930395952576702
20.0,uav_02,1,0.205107922701789
20.1,uav_02,1,0.2023963255639602
20.2,uav_02,1,0.20165944992016568
20.3,uav_02,1,0.20132973641060264
20.4,uav_02,1,0.20072726266814622
20.5,uav_02,1,0.2000930673738326
20.6,uav_02,1,0.2002106472865332
20.7,uav_02,1,0.2006964748523825
20.8,uav_02,1,0.2014962872185625
20.9,uav_02,1,0.20247853974724223
21.0,uav_02,1,0.20423347007868298
21.1,uav_02,1,0.20306041556525825
21.2,uav_02,1,0.20374378099783713
21.3,uav_02,1,0.20338357870982215
21.4,uav_02,1,0.20297808080856783
21.5,uav_02,1,0.20507880158333697
21.6,uav_02,1,0.19569057751250607
21.7,uav_02,1,0.19314839903391567
21.8,uav_02,1,0.19463090102329642
21.9,uav_02,1,0.19305599177223387
22.0,uav_02,1,0.19291241977758952
22.1,uav_02,1,0.193168332986823
22.2,uav_02,1,0.1931734785628708
22.3,uav_02,1,0.1935283449319075
22.4,uav_02,1,0.19359436832671367
22.5,uav_02,1,0.19549341452777638
22.6,uav_02,1,0.20419266885268345
22.7,uav_02,1,0.2041762689744851
22.8,uav_02,1,0.2039915849361846
22.9,uav_02,1,0.19994976858943375
23.0,uav_02,1,0.19851128776544505
23.1,uav_02,1,0.19760174624907229
23.2,uav_02,1,0.1977706820481218
23.3,uav_02,1,0.19659021699202986
23.4,uav_02,1,0.20360101402518566
23.5,uav_02,1,0.20823406579930379
23.6,uav_02,1,0.20953486381949163
23.7,uav_02,1,0.20669837150433382
23.8,uav_02,1,0.2057424781558821
23.9,uav_02,1,0.20566511789247194
24.0,uav_02,1,0.2056659704726441
24.1,uav_02,1,0.20845743386113513
24.2,uav_02,1,0.20772239068111012
24.3,uav_02,1,0.20566805348337988
24.4,uav_02,1,0.20449380912150625
24.5,uav_02,1,0.20400594959569182
24.6,uav_02,1,0.20430941121724477
24.7,uav_02,1,0.20355287676111275
24.8,uav_02,1,0.20342205830519505
24.9,uav_02,1,0.20260441559370537
25.0,uav_02,1,0.20185507785947723
25.1,uav_02,1,0.2027508873548752
25.2,uav_02,1,0.20231702129592252
25.3,uav_02,1,0.2027578167033681
25.4,uav_02,1,0.20395214348618385
25.5,uav_02,1,0.20234532886233947
25.6,uav_02,1,0.20349940285938412
25.7,uav_02,1,0.20282260522629636
25.8,uav_02,1,0.20208616559795736
25.9,uav_02,1,0.20240657746882276
26.0,uav_02,1,0.2024605256447024
26.1,uav_02,1,0.20232828781628207
26.2,uav_02,1,0.19908085260884964
26.3,uav_02,1,0.1921843743943939
26.4,uav_02,1,0.1910558743101997
26.5,uav_02,1,0.1914469134182657
26.6,uav_02,1,0.19185852778148324
26.7,uav_02,1,0.1928723832240263
26.8,uav_02,1,0.19243562514947876
26.9,uav_02,1,0.1929504279343041
27.0,uav_02,1,0.19326177098044728
27.1,uav_02,1,0.19174311650767037
27.2,uav_02,1,0.19530368706278478
27.3,uav_02,1,0.20479319306074217
27.4,uav_02,1,0.2052869157122476
27.5,uav_02,1,0.20433038880506568
27.6,uav_02,1,0.20660264981665277
27.7,uav_02,1,0.20454921797069858
27.8,uav_02,1,0.20779289294868453
27.9,uav_02,1,0.2066986909036699
28.0,uav_02,1,0.21058541674114362
28.1,uav_02,1,0.20768199170166401
28.2,uav_02,1,0.21402770968990686
28.3,uav_02,1,0.21483171330182124
28.4,uav_02,1,0.21410747503157634
28.5,uav_02,1,0.21718921012424885
28.6,uav_02,1,0.21491365294937403
28.7,uav_02,1,0.21882228223882838
28.8,uav_02,1,0.21872951080478092
28.9,uav_02,1,0.2155202293843395
29.0,uav_02,1,0.22397934265517472
29.1,uav_02,1,0.22434082195893507
29.2,uav_02,1,0.22970896171421754
29.3,uav_02,1,0.22819868261077497
29.4,uav_02,1,0.22952672862899848
29.5,uav_02,1,0.2222578765201912
29.6,uav_02,1,0.22495787640394982
29.7,uav_02,1,0.22724163131764558
29.8,uav_02,1,0.22534347670554203
29.9,uav_02,1,0.2304583509931411
30.0,uav_02,1,0.23600940111347418
30.1,uav_02,1,0.23321254758861382
30.2,uav_02,1,0.233710922570261
30.3,uav_02,1,0.2320433808499453
30.4,uav_02,1,0.23375296901802917
30.5,uav_02,1,0.2338850265607638
30.6,uav_02,1,0.2318457229519631
30.7,uav_02,1,0.2256875398807897
30.8,uav_02,1,0.22672165255659707
30.9,uav_02,1,0.2262330384716483
31.0,uav_02,1,0.22252464553624318
31.1,uav_02,1,0.22042503057769788
31.2,uav_02,1,0.21584047143776391
31.3,uav_02,1,0.2176233952452924
31.4,uav_02,1,0.20701888291668352
31.5,uav_02,1,0.20362895880470816
31.6,uav_02,1,0.20300308405142034
31.7,uav_02,1,0.20113521004682236
31.8,uav_02,1,0.20002511376820045
31.9,uav_02,1,0.20409154361511342
32.0,uav_02,1,0.205293801148772
32.1,uav_02,1,0.19705487495682247
32.2,uav_02,1,0.1917083026429393
32.3,uav_02,1,0.19150501280013618
32.4,uav_02,1,0.19231348353127958
32.5,uav_02,1,0.20133051492194107
32.6,uav_02,1,0.20168004249611407
32.7,uav_02,1,0.20184925000239895
32.8,uav_02,1,0.20264142659590742
32.9,uav_02,1,0.20371855303978553
33.0,uav_02,1,0.20572353445734123
33.1,uav_02,1,0.20614017476391275
33.2,uav_02,1,0.2003457504978281
33.3,uav_02,1,0.20758319670343048
33.4,uav_02,1,0.2100730812394146
33.5,uav_02,1,0.21024439422095625
33.6,uav_02,1,0.21331957012439992
33.7,uav_02,1,0.21476810424137588
33.8,uav_02,1,0.21477744404139845
33.9,uav_02,1,0.21422762357228295
34.0,uav_02,1,0.22012230361815582
34.1,uav_02,1,0.2213806822224475
34.2,uav_02,1,0.22011813178950815
34.3,uav_02,1,0.22366109901861772
34.4,uav_02,1,0.2260222547219375
34.5,uav_02,1,0.22770075261788228
34.6,uav_02,1,0.23196864230983927
34.7,uav_02,1,0.23376607042074402
34.8,uav_02,1,0.2344161703284472
34.9,uav_02,1,0.23287216635026758
35.0,uav_02,1,0.22651810318696328
35.1,uav_02,1,0.2267212980311789
35.2,uav_02,1,0.24040137736036868
35.3,uav_02,1,0.2440814247728052
35.4,uav_02,1,0.23823267726150182
35.5,uav_02,1,0.24085999981887815
35.6,uav_02,1,0.24203003922152708
35.7,uav_02,1,0.2465140973458476
35.8,uav_02,1,0.24185126388101272
35.9,uav_02,1,0.2391125850243375
36.0,uav_02,1,0.23361781067328632
36.1,uav_02,1,0.23370036161995728
36.2,uav_02,1,0.2379146590948848
36.3,uav_02,1,0.23113036501688067
36.4,uav_02,1,0.22590580162366217
36.5,uav_02,1,0.22731905045522016
36.6,uav_02,1,0.22451908218789307
36.7,uav_02,1,0.22194740951532968
36.8,uav_02,1,0.2212568311104079
36.9,uav_02,1,0.2192289682029866
37.0,uav_02,1,0.21776595777285968
37.1,uav_02,1,0.21204915477388284
37.2,uav_02,1,0.21457034592607288
37.3,uav_02,1,0.21085873804477093
37.4,uav_02,1,0.2101716299902366
37.5,uav_02,1,0.2103808756637305
37.6,uav_02,1,0.21012927229833747
37.7,uav_02,1,0.20615979652293606
37.8,uav_02,1,0.2067045436631036
37.9,uav_02,1,0.20467998481087465
38.0,uav_02,1,0.2042146233194514
38.1,uav_02,1,0.20970954873855302
38.2,uav_02,1,0.20455794024680912
38.3,uav_02,1,0.20420509202373177
38.4,uav_02,1,0.20454121918895854
38.5,uav_02,1,0.2061600628627248
38.6,uav_02,1,0.2061200579050723
38.7,uav_02,1,0.2054779819342985
38.8,uav_02,1,0.20590782964628304
38.9,uav_02,1,0.20820706177919585
39.0,uav_02,1,0.20887163567853534
39.1,uav_02,1,0.21091084334085047
39.2,uav_02,1,0.21055563833631544
39.3,uav_02,1,0.21388215983314454
39.4,uav_02,1,0.21816885321067597
39.5,uav_02,1,0.21756853511907262
39.6,uav_02,1,0.22004026178290803
39.7,uav_02,1,0.22330130280857702
39.8,uav_02,1,0.2249426093874778
39.9,uav_02,1,0.22951344632409706
40.0,uav_02,1,0.22890401650217856
40.1,uav_02,1,0.23981488865211212
40.2,uav_02,1,0.239906716178635
40.3,uav_02,1,0.23844925340883957
40.4,uav_02,1,0.24664572721370867
40.5,uav_02,1,0.2507060762204044
40.6,uav_02,1,0.24955181026100617
40.7,uav_02,1,0.25781634591943753
40.8,uav_02,1,0.25377024420501804
40.9,uav_02,1,0.25299011202373084
41.0,uav_02,1,0.26080139057640894
41.1,uav_02,1,0.2607692580211033
41.2,uav_02,1,0.2603562888249649
41.3,uav_02,1,0.26674474455323033
41.4,uav_02,1,0.2673574026758697
41.5,uav_02,1,0.26686948368158386
41.6,uav_02,1,0.2719304916992283
41.7,uav_02,1,0.26868622033426304
41.8,uav_02,1,0.2698043764016535
41.9,uav_02,1,0.2678542027554969
42.0,uav_02,1,0.2646678075921551
42.1,uav_02,1,0.2683546624750344
42.2,uav_02,1,0.2626617109516297
42.3,uav_02,1,0.2716307758090059
42.4,uav_02,1,0.26466872013203796
42.5,uav_02,1,0.25540397990508634
42.6,uav_02,1,0.2562056038166655
42.7,uav_02,1,0.2545159677296862
42.8,uav_02,1,0.25136814949770186
42.9,uav_02,1,0.24825165331541413
43.0,uav_02,1,0.24618723640305568
43.1,uav_02,1,0.24217833399403135
43.2,uav_02,1,0.23869139943536866
43.3,uav_02,1,0.23351630865989045
43.4,uav_02,1,0.22907454770302207
43.5,uav_02,1,0.22695268244402853
43.6,uav_02,1,0.2244067232598681
43.7,uav_02,1,0.22554430637982867
43.8,uav_02,1,0.22010348958656978
43.9,uav_02,1,0.21662733722811234
44.0,uav_02,1,0.21590009420913608
44.1,uav_02,1,0.21589637485806887
44.2,uav_02,1,0.21320030940222762
44.3,uav_02,1,0.20365591787704482
44.4,uav_02,1,0.20035039655709905
44.5,uav_02,1,0.20007761820638112
44.6,uav_02,1,0.20006037913351257
44.7,uav_02,1,0.2001004965131703
44.8,uav_02,1,0.2004997288536099
44.9,uav_02,1,0.20063650764898897
45.0,uav_02,1,0.2003977458001557
45.1,uav_02,1,0.20056746978275447
45.2,uav_02,1,0.20092898268744794
45.3,uav_02,1,0.20159236668544858
45.4,uav_02,1,0.2086844729126974
45.5,uav_02,1,0.2123876004246306
45.6,uav_02,1,0.2117572086742737
45.7,uav_02,1,0.20495000729827423
45.8,uav_02,1,0.20347666439273876
45.9,uav_02,1,0.20336310806090313
46.0,uav_02,1,0.20337248618970113
46.1,uav_02,1,0.2040143730514395
46.2,uav_02,1,0.2052167646801192
46.3,uav_02,1,0.20757409682043473
46.4,uav_02,1,0.20781058292661056
46.5,uav_02,1,0.2163301536512877
46.6,uav_02,1,0.21681682917636724
46.7,uav_02,1,0.2171518209590453
46.8,uav_02,1,0.2122265336740292
46.9,uav_02,1,0.20835127576231316
47.0,uav_02,1,0.2081924984320817
47.1,uav_02,1,0.208402471174419
47.2,uav_02,1,0.20763559977172763
47.3,uav_02,1,0.2069313966933529
47.4,uav_02,1,0.20667593190556435
47.5,uav_02,1,0.20526503956774073
47.6,uav_02,1,0.2075647030749814
47.7,uav_02,1,0.20614403887232924
47.8,uav_02,1,0.2055865414746626
47.9,uav_02,1,0.20626709221440565
48.0,uav_02,1,0.21025861681918878
48.1,uav_02,1,0.2074608359879724
48.2,uav_02,1,0.2044762615211702
48.3,uav_02,1,0.20623233473041397
48.4,uav_02,1,0.20831943136189182
48.5,uav_02,1,0.20692560882167296
48.6,uav_02,1,0.2076848788257396
48.7,uav_02,1,0.20584642293389302
48.8,uav_02,1,0.20675539597639628
48.9,uav_02,1,0.20583582211839535
49.0,uav_02,1,0.20650664631334614
49.1,uav_02,1,0.2062781360354983
49.2,uav_02,1,0.20677545091134414
49.3,uav_02,1,0.20550810238031458
49.4,uav_02,1,0.20477089330702097
49.5,uav_02,1,0.20532211080224932
49.6,uav_02,1,0.20464416698558946
49.7,uav_02,1,0.20271423859577561
49.8,uav_02,1,0.20278630184619922
49.9,uav_02,1,0.20260330655041192
50.0,uav_02,1,0.20377852425255458
50.1,uav_02,1,0.20229269308306808
50.2,uav_02,1,0.20282673208407004
50.3,uav_02,1,0.2007082220405116
50.4,uav_02,1,0.20139320641244673
50.5,uav_02,1,0.20086639178408583
50.6,uav_02,1,0.20151800552852592
50.7,uav_02,1,0.2028519298922911
50.8,uav_02,1,0.20150886719317518
50.9,uav_02,1,0.19251238600778514
51.0,uav_02,1,0.19826295636753893
51.1,uav_02,1,0.2023523588526979
51.2,uav_02,1,0.20238494067782434
51.3,uav_02,1,0.20335199064081017
51.4,uav_02,1,0.20472151352149842
51.5,uav_02,1,0.20474454119183008
51.6,uav_02,1,0.20474581438599349
51.7,uav_02,1,0.20673889779341276
51.8,uav_02,1,0.2092676899355893
51.9,uav_02,1,0.20996037716190036
52.0,uav_02,1,0.21275617173420167
52.1,uav_02,1,0.21416991280169492
52.2,uav_02,1,0.21537509716923708
52.3,uav_02,1,0.21312834391152355
52.4,uav_02,1,0.21436723059998827
52.5,uav_02,1,0.21777014855480753
52.6,uav_02,1,0.22078994034665908
52.7,uav_02,1,0.2164584415075966
52.8,uav_02,1,0.22605960471752265
52.9,uav_02,1,0.22611962083655052
53.0,uav_02,1,0.2210752732699375
53.1,uav_02,1,0.22685868433717338
53.2,uav_02,1,0.2290344378775384
53.3,uav_02,1,0.23023286956470493
53.4,uav_02,1,0.22995359484907146
53.5,uav_02,1,0.22763704526673997
53.6,uav_02,1,0.23008454327150038
53.7,uav_02,1,0.22819472761652185
53.8,uav_02,1,0.22831435990366894
53.9,uav_02,1,0.22668574022853893
54.0,uav_02,1,0.22404670096869908
54.1,uav_02,1,0.22761875423303488
54.2,uav_02,1,0.22659112383558647
54.3,uav_02,1,0.22378317394527553
54.4,uav_02,1,0.2254613871738452
54.5,uav_02,1,0.2235598761052743
54.6,uav_02,1,0.22172311041029336
54.7,uav_02,1,0.21929303734086972
54.8,uav_02,1,0.2150904798634567
54.9,uav_02,1,0.21448610096756301
55.0,uav_02,1,0.21450990253412047
55.1,uav_02,1,0.2118848387907376
55.2,uav_02,1,0.20775538052098874
55.3,uav_02,1,0.19891668130758383
55.4,uav_02,1,0.19613711205898268
55.5,uav_02,1,0.19418255962122877
55.6,uav_02,1,0.19479920870155346
55.7,uav_02,1,0.19823790031585176
55.8,uav_02,1,0.20193981701921998
55.9,uav_02,1,0.20256916044273449
56.0,uav_02,1,0.20284358863222732
56.1,uav_02,1,0.2023560500014293
56.2,uav_02,1,0.2035264991928296
56.3,uav_02,1,0.20569680359495807
56.4,uav_02,1,0.20453998183634658
56.5,uav_02,1,0.2050847478156311
56.6,uav_02,1,0.20597772046285145
56.7,uav_02,1,0.20721471502117148
56.8,uav_02,1,0.20730101524567737
56.9,uav_02,1,0.20339893497988512
57.0,uav_02,1,0.2085274691969295
57.1,uav_02,1,0.21400093730764488
57.2,uav_02,1,0.21198331356963282
57.3,uav_02,1,0.21052790676267766
57.4,uav_02,1,0.21180352562835636
57.5,uav_02,1,0.21412262047404937
57.6,uav_02,1,0.2199641286453691
57.7,uav_02,1,0.22020861697089103
57.8,uav_02,1,0.21942123319997808
57.9,uav_02,1,0.2222647847260825
58.0,uav_02,1,0.21938576033903942
58.1,uav_02,1,0.2201335799866144
58.2,uav_02,1,0.22117898619496798
58.3,uav_02,1,0.22499220056613517
58.4,uav_02,1,0.22104922160166024
58.5,uav_02,1,0.2211006306756986
58.6,uav_02,1,0.22164543296076672
58.7,uav_02,1,0.22314020722674502
58.8,uav_02,1,0.22550461113776704
58.9,uav_02,1,0.22382548924923276
59.0,uav_02,1,0.2222441130598465
59.1,uav_02,1,0.22467889120878237
59.2,uav_02,1,0.2254585149924542
59.3,uav_02,1,0.22461090690545174
59.4,uav_02,1,0.224813888230576
59.5,uav_02,1,0.2249963589495976
59.6,uav_02,1,0.222335868891571
59.7,uav_02,1,0.22442442852412967
59.8,uav_02,1,0.2241709753847039
59.9,uav_02,1,0.22356061984426473
60.0,uav_02,1,0.22101996619639772
60.1,uav_02,1,0.22322968092135018
60.2,uav_02,1,0.22148173960550283
60.3,uav_02,1,0.22301900053148502
60.4,uav_02,1,0.22211262904099538
60.5,uav_02,1,0.2212301032499565
60.6,uav_02,1,0.2245926424474835
60.7,uav_02,1,0.2252425290296882
60.8,uav_02,1,0.22328586630477446
60.9,uav_02,1,0.22413711413513787
61.0,uav_02,1,0.22919159179806722
61.1,uav_02,1,0.22835814851396746
61.2,uav_02,1,0.22901616101990155
61.3,uav_02,1,0.22847796257762207
61.4,uav_02,1,0.2300635845587407
61.5,uav_02,1,0.23013969236336673
61.6,uav_02,1,0.22904556154779848
61.7,uav_02,1,0.22662587822641356
61.8,uav_02,1,0.22884554332062004
61.9,uav_02,1,0.2311733079995353
62.0,uav_02,1,0.23002017791458385
62.1,uav_02,1,0.23070291402378337
62.2,uav_02,1,0.23075827054223005
62.3,uav_02,1,0.231703000740426
62.4,uav_02,1,0.2383785251036208
62.5,uav_02,1,0.24082666628832705
62.6,uav_02,1,0.24141319089419008
62.7,uav_02,1,0.24436857681256757
62.8,uav_02,1,0.24638535497308706
62.9,uav_02,1,0.24644342171311306
63.0,uav_02,1,0.24991124454462807
63.1,uav_02,1,0.2465634368080832
63.2,uav_02,1,0.25111562847431146
63.3,uav_02,1,0.25192184020955233
63.4,uav_02,1,0.2528883116201515
63.5,uav_02,1,0.25623632312798666
63.6,uav_02,1,0.2563027650029882
63.7,uav_02,1,0.2586055927175301
63.8,uav_02,1,0.260206296720325
63.9,uav_02,1,0.2602724015993551
64.0,uav_02,1,0.25877390992499366
64.1,uav_02,1,0.25754230788646126
64.2,uav_02,1,0.2573782300849029
64.3,uav_02,1,0.25627270958675413
64.4,uav_02,1,0.2573708980888279
64.5,uav_02,1,0.25435920574742815
64.6,uav_02,1,0.26086485261878933
64.7,uav_02,1,0.2587994376217264
64.8,uav_02,1,0.2529901999546336
64.9,uav_02,1,0.2511773433729538
65.0,uav_02,1,0.24822261811853816
65.1,uav_02,1,0.24689512918405115
65.2,uav_02,1,0.2459843785292836
65.3,uav_02,1,0.2473781185680608
65.4,uav_02,1,0.2412264433495736
65.5,uav_02,1,0.23924918478821308
65.6,uav_02,1,0.2402782236089582
