t_s,agent_id,valid,east_m,north_m,up_m
0.0,uav_01,1,-0.1350807925586699,15.70779110166836,7.729999542236328
0.1,uav_01,1,-0.1442895022085567,15.70779110166836,7.729999542236328
0.2,uav_01,1,-0.1447294200109381,15.70779110166836,7.739544066511049
0.3,uav_01,1,-0.1447294200109381,15.70779110166836,7.739999771118164
0.4,uav_01,1,-0.1447294200109381,15.70779110166836,7.739999771118164
0.5,uav_01,1,-0.1447294200109381,15.70779110166836,7.739999771118164
0.6,uav_01,1,-0.1447294200109381,15.687868647128964,7.739999771118164
0.7,uav_01,1,-0.1447294200109381,15.67581575726922,7.739999771118164
0.8,uav_01,1,-0.1447294200109381,15.67453536892487,7.739999771118164
0.9,uav_01,1,-0.1529913828500458,15.646059029629171,7.748562803328891
1.0,uav_01,1,-0.15437804883435882,15.622608152914882,7.75
1.1,uav_01,1,-0.16230176729102885,15.582695116852369,7.75
1.2,uav_01,1,-0.17958138975747842,15.539026758324379,7.75
1.3,uav_01,1,-0.19097262601842865,15.486489527123187,7.75
1.4,uav_01,1,-0.20049318011126158,15.42315863578014,7.75
1.5,uav_01,1,-0.21740627908805507,15.357530033472596,7.75
1.6,uav_01,1,-0.22918291528526688,15.27520922752573,7.75
1.7,uav_01,1,-0.24583986506689184,15.18770442448122,7.75
1.8,uav_01,1,-0.25787265015686445,15.092147807444327,7.75
1.9,uav_01,1,-0.2742734510457289,14.993704903983007,7.757130966966468
2.0,uav_01,1,-0.27981021256960803,14.895262000521688,7.760000228881836
2.1,uav_01,1,-0.2930584095722969,14.773987949846479,7.760000228881836
2.2,uav_01,1,-0.31240708098534997,14.640610595830676,7.760000228881836
2.3,uav_01,1,-0.3320862073922431,14.50495529663927,7.760000228881836
2.4,uav_01,1,-0.34477527056978907,14.360599828909683,7.760000228881836
2.5,uav_01,1,-0.3692681229771556,14.204624770172382,7.760000228881836
2.6,uav_01,1,-0.39891165338007767,14.054351724245647,7.767813318150205
2.7,uav_01,1,-0.4363261177553752,13.871058391731696,7.770000457763672
2.8,uav_01,1,-0.4758508242002071,13.69645758859829,7.770000457763672
2.9,uav_01,1,-0.5153755309118777,13.507246678213864,7.770000457763672
3.0,uav_01,1,-0.5633688179379565,13.31425557731108,7.770000457763672
3.1,uav_01,1,-0.6124151498265789,13.122668966791366,7.770000457763672
3.2,uav_01,1,-0.6572048304831671,12.938589325231415,7.770000457763672
3.3,uav_01,1,-0.7061816313937817,12.756146878716848,7.770000457763672
3.4,uav_01,1,-0.7454001789590767,12.573892831567742,7.775636900351905
3.5,uav_01,1,-0.7912133702712273,12.391638784368519,7.780000686645508
3.6,uav_01,1,-0.8439788868355311,12.20612259762828,7.780000686645508
3.7,uav_01,1,-0.8857247918636012,12.014276231929749,7.780000686645508
3.8,uav_01,1,-0.9279516595496319,11.822153579117597,7.780000686645508
3.9,uav_01,1,-0.9863959268262243,11.620714895306705,7.780000686645508
4.0,uav_01,1,-1.037549979181159,11.419276211495797,7.780000686645508
4.1,uav_01,1,-1.0876450650753955,11.217837527684901,7.780000686645508
4.2,uav_01,1,-1.1377401513011596,11.01100901605853,7.780000686645508
4.3,uav_01,1,-1.1897878765377763,10.79602310706245,7.780000686645508
4.4,uav_01,1,-1.2492297136459811,10.562872591715575,7.780000686645508
4.5,uav_01,1,-1.310145756620619,10.310861221523112,7.780000686645508
4.6,uav_01,1,-1.3725164900316085,10.066020003077565,7.780000686645508
4.7,uav_01,1,-1.4561757093270544,9.81713198548055,7.780000686645508
4.8,uav_01,1,-1.5301098753599753,9.561161620496856,7.780000686645508
4.9,uav_01,1,-1.6087140691938537,9.305191255763223,7.780000686645508
5.0,uav_01,1,-1.7019454915078938,9.049220890881134,7.780000686645508
5.1,uav_01,1,-1.789127056288672,8.79325052590213,7.780000686645508
5.2,uav_01,1,-1.8725952132213908,8.533013852014271,7.780000686645508
5.3,uav_01,1,-1.9540029274749726,8.265419947707391,7.780000686645508
5.4,uav_01,1,-2.038242888547636,7.999834166567123,7.780000686645508
5.5,uav_01,1,-2.1132030108482365,7.733728731239436,7.780000686645508
5.6,uav_01,1,-2.182430537886078,7.461037155295284,7.780000686645508
5.7,uav_01,1,-2.2516580649239204,7.183015761563108,7.780000686645508
5.8,uav_01,1,-2.3208855919617593,6.898962036486739,7.780000686645508
5.9,uav_01,1,-2.390113118999602,6.614908311619386,7.780000686645508
6.0,uav_01,1,-2.4593406460374436,6.330854586727806,7.780000686645508
6.1,uav_01,1,-2.522965009433764,6.046800861651425,7.780000686645508
6.2,uav_01,1,-2.5881470712897063,5.769461478128681,7.786057833428283
6.3,uav_01,1,-2.651080568309367,5.483827076805259,7.790000915527344
6.4,uav_01,1,-2.7161704702985867,5.190712963472503,7.790000915527344
6.5,uav_01,1,-2.7847758239424603,4.912580948181654,7.790000915527344
6.6,uav_01,1,-2.846862545386178,4.619872515267731,7.790000915527344
6.7,uav_01,1,-2.912337902406787,4.331179622332796,7.790000915527344
6.8,uav_01,1,-2.980943256050659,4.041840003172931,7.790000915527344
6.9,uav_01,1,-3.0495486096945346,3.757092720002213,7.790000915527344
7.0,uav_01,1,-3.1181539633384077,3.4674035227322264,7.790000915527344
7.1,uav_01,1,-3.1867593169822825,3.174642660561768,7.790000915527344
7.2,uav_01,1,-3.2479332177536975,2.8818817981909084,7.790000915527344
7.3,uav_01,1,-3.309801475526774,2.616379762922069,7.790000915527344
7.4,uav_01,1,-3.3701380191606387,2.368807435798432,7.790000915527344
7.5,uav_01,1,-3.424929771865143,2.113461562896071,7.790000915527344
7.6,uav_01,1,-3.476168653805301,1.8527604379249873,7.790000915527344
7.7,uav_01,1,-3.5299586909622174,1.5976657325784427,7.790000915527344
7.8,uav_01,1,-3.589737386559076,1.3425710274174751,7.790000915527344
7.9,uav_01,1,-3.6488490282758925,1.0874763219804078,7.790000915527344
8.0,uav_01,1,-3.691548096385993,0.8323816168783169,7.790000915527344
8.1,uav_01,1,-3.7575407428111958,0.5772869117762243,7.790000915527344
8.2,uav_01,1,-3.81254782870154,0.3221922064024534,7.796897849122727
8.3,uav_01,1,-3.86378671037355,0.06709750117818894,7.799999237060547
8.4,uav_01,1,-3.9223813521217283,-0.20044786011295496,7.799999237060547
8.5,uav_01,1,-3.984785904764405,-0.4872654911654921,7.799999237060547
8.6,uav_01,1,-4.049075936446343,-0.7764827521540918,7.799999237060547
8.7,uav_01,1,-4.112944116096835,-1.072230623309358,7.799999237060547
8.8,uav_01,1,-4.17768848828548,-1.3659651911416666,7.799999237060547
8.9,uav_01,1,-4.2411023275537785,-1.6430532288993338,7.799999237060547
9.0,uav_01,1,-4.306301041495771,-1.9290208294594307,7.799999237060547
9.1,uav_01,1,-4.369260538757077,-2.21693311668264,7.799999237060547
9.2,uav_01,1,-4.428515330576886,-2.4932381701532504,7.799999237060547
9.3,uav_01,1,-4.487770121949352,-2.765547906323387,7.799999237060547
9.4,uav_01,1,-4.546711740375013,-3.028605486997137,7.799999237060547
9.5,uav_01,1,-4.59840845101848,-3.278813289606669,7.807172938172292
9.6,uav_01,1,-4.653875002219317,-3.5239605871484163,7.809999465942383
9.7,uav_01,1,-4.705225536850812,-3.7619037464175293,7.809999465942383
9.8,uav_01,1,-4.754010779124192,-3.98907635540823,7.809999465942383
9.9,uav_01,1,-4.795521266307162,-4.213272510935781,7.809999465942383
10.0,uav_01,1,-4.849315812806091,-4.420503703501338,7.809999465942383
10.1,uav_01,1,-4.892874910264888,-4.6136731987330615,7.809999465942383
10.2,uav_01,1,-4.931903104331683,-4.8042399309996044,7.809999465942383
10.3,uav_01,1,-4.970931298705013,-4.977094319009437,7.809999465942383
10.4,uav_01,1,-5.001583346445728,-5.124495527128115,7.809999465942383
10.5,uav_01,1,-5.029851823562456,-5.273738333416671,7.809999465942383
10.6,uav_01,1,-5.05803841243923,-5.400211764215675,7.809999465942383
10.7,uav_01,1,-5.086225002296328,-5.518950838686025,7.809999465942383
10.8,uav_01,1,-5.1077662596871525,-5.622420359654918,7.809999465942383
10.9,uav_01,1,-5.126557318956602,-5.704882523972486,7.809999465942383
11.0,uav_01,1,-5.1453483786528444,-5.780443753325208,7.809999465942383
11.1,uav_01,1,-5.15236736527823,-5.84248012660774,7.809999465942383
11.2,uav_01,1,-5.163633241769643,-5.883509143095705,7.804161260662881
11.3,uav_01,1,-5.171664621553918,-5.8973499407641174,7.799999237060547
11.4,uav_01,1,-5.171664621553918,-5.8973499407641174,7.799999237060547
11.5,uav_01,1,-5.171664621553918,-5.892339694567556,7.799999237060547
11.6,uav_01,1,-5.164327869257584,-5.873620978019753,7.799999237060547
11.7,uav_01,1,-5.15236736527823,-5.839446387432463,7.799999237060547
11.8,uav_01,1,-5.147961648838846,-5.793482892580327,7.799999237060547
11.9,uav_01,1,-5.131559807237158,-5.7334806428516965,7.799999237060547
12.0,uav_01,1,-5.121785990498876,-5.681093285777348,7.799999237060547
12.1,uav_01,1,-5.103999036104776,-5.619499689393903,7.799999237060547
12.2,uav_01,1,-5.095042964950296,-5.5680518350206505,7.799999237060547
12.3,uav_01,1,-5.086086892603709,-5.526241706978325,7.8086936301959415
12.4,uav_01,1,-5.077130821270182,-5.485083423574519,7.809999465942383
12.5,uav_01,1,-5.067674739614929,-5.4588689844878555,7.809999465942383
12.6,uav_01,1,-5.065529712723206,-5.444997836946527,7.809999465942383
12.7,uav_01,1,-5.065529712723206,-5.442854926340566,7.809999465942383
12.8,uav_01,1,-5.065529712723206,-5.4526605369996775,7.809999465942383
12.9,uav_01,1,-5.065529712723206,-5.474414668923864,7.809999465942383
13.0,uav_01,1,-5.074815943352035,-5.497448434189007,7.809999465942383
13.1,uav_01,1,-5.084826968998895,-5.520482199424567,7.809999465942383
13.2,uav_01,1,-5.085215969506911,-5.543069045000924,7.809999465942383
13.3,uav_01,1,-5.095240297572966,-5.553707368950135,7.809999465942383
13.4,uav_01,1,-5.105195606455706,-5.553707368950135,7.809999465942383
13.5,uav_01,1,-5.113772852726853,-5.553707368950135,7.809999465942383
13.6,uav_01,1,-5.114032071546038,-5.553409554213053,7.809999465942383
13.7,uav_01,1,-5.123128209405734,-5.542959063335665,7.809999465942383
13.8,uav_01,1,-5.132151595068484,-5.522562185396156,7.809999465942383
13.9,uav_01,1,-5.13307010900254,-5.492292368443262,7.809999465942383
14.0,uav_01,1,-5.1406875875500555,-5.460940895068546,7.809999465942383
14.1,uav_01,1,-5.142718737825962,-5.421472505255758,7.809999465942383
14.2,uav_01,1,-5.142718737825962,-5.379670540898197,7.809999465942383
14.3,uav_01,1,-5.142718737825962,-5.317326346114522,7.809999465942383
14.4,uav_01,1,-5.1373112231333415,-5.250385565163175,7.809999465942383
14.5,uav_01,1,-5.128248769445743,-5.187914810792613,7.809999465942383
14.6,uav_01,1,-5.119233128121002,-5.111330838267346,7.809999465942383
14.7,uav_01,1,-5.110237444414181,-5.022376920075089,7.809999465942383
14.8,uav_01,1,-5.10124176148331,-4.936384631723025,7.809999465942383
14.9,uav_01,1,-5.092246078235605,-4.840807426291564,7.809999465942383
15.0,uav_01,1,-5.083250394250417,-4.737456620100599,7.809999465942383
15.1,uav_01,1,-5.074254711188291,-4.631983508607283,7.809999465942383
15.2,uav_01,1,-5.065259027017524,-4.507962541324993,7.809999465942383
15.3,uav_01,1,-5.056263344086653,-4.3839415740427015,7.809999465942383
15.4,uav_01,1,-5.055881085270937,-4.250024700660859,7.809999465942383
15.5,uav_01,1,-5.039960124952172,-4.115668652974245,7.809999465942383
15.6,uav_01,1,-5.036583828995249,-3.965841471813046,7.809999465942383
15.7,uav_01,1,-5.036583828995249,-3.7988792388579964,7.809999465942383
15.8,uav_01,1,-5.052882693110422,-3.6191777980876347,7.809999465942383
15.9,uav_01,1,-5.055881085270937,-3.4278497867366235,7.809999465942383
16.0,uav_01,1,-5.055881085270937,-3.236190851863241,7.818860368352918
16.1,uav_01,1,-5.055881085270937,-3.0433193406866006,7.819999694824219
16.2,uav_01,1,-5.055881085270937,-2.8295627048572545,7.819999694824219
16.3,uav_01,1,-5.055881085270937,-2.624424229254615,7.819999694824219
16.4,uav_01,1,-5.055881085270937,-2.3982290331094163,7.810171602994531
16.5,uav_01,1,-5.0557412688590615,-2.171101531705622,7.819999694824219
16.6,uav_01,1,-5.036583828995249,-1.942205228783574,7.819999694824219
16.7,uav_01,1,-5.036583828995249,-1.701492543287783,7.819999694824219
16.8,uav_01,1,-5.036583828995249,-1.4607798577920208,7.819999694824219
16.9,uav_01,1,-5.039283356726223,-1.2185164376125828,7.819999694824219
17.0,uav_01,1,-5.057559221185791,-0.9663412431479107,7.818260406689571
17.1,uav_01,1,-5.067536221068473,-0.7141660487651673,7.809999465942383
17.2,uav_01,1,-5.079848102289228,-0.45930832615946177,7.809999465942383
17.3,uav_01,1,-5.099802102523656,-0.19873041576865091,7.809999465942383
17.4,uav_01,1,-5.122747727064949,0.05344477857389343,7.813100106923281
17.5,uav_01,1,-5.145837033935991,0.30410444964805267,7.819999694824219
17.6,uav_01,1,-5.160597765999518,0.5460084210940607,7.819999694824219
17.7,uav_01,1,-5.185604216204258,0.774769374548816,7.819999694824219
17.8,uav_01,1,-5.202158005617829,1.0017524151182517,7.819999694824219
17.9,uav_01,1,-5.211208650890787,1.220115143420784,7.819999694824219
18.0,uav_01,1,-5.219907761557565,1.4384077781249682,7.819999694824219
18.1,uav_01,1,-5.219907761557565,1.6549658557419495,7.819999694824219
18.2,uav_01,1,-5.23735534083197,1.873263410823811,7.819999694824219
18.3,uav_01,1,-5.239205017833253,2.072954770406253,7.819999694824219
18.4,uav_01,1,-5.246732840189495,2.2791697135810365,7.819999694824219
18.5,uav_01,1,-5.2488536452855215,2.4712109242382723,7.819999694824219
18.6,uav_01,1,-5.2488536452855215,2.6502292715963742,7.819999694824219
18.7,uav_01,1,-5.2488536452855215,2.8188509722893857,7.825805187560674
18.8,uav_01,1,-5.243952079712521,2.9833507692992662,7.829999923706055
18.9,uav_01,1,-5.239205017833253,3.1430231969345894,7.829999923706055
19.0,uav_01,1,-5.239205017833253,3.2891950318147365,7.829999923706055
19.1,uav_01,1,-5.239205017833253,3.422851116793729,7.829999923706055
19.2,uav_01,1,-5.239205017833253,3.5516765046553913,7.829999923706055
19.3,uav_01,1,-5.239205017833253,3.663158773635053,7.829999923706055
19.4,uav_01,1,-5.2377996051567575,3.7651638118886535,7.829999923706055
19.5,uav_01,1,-5.219907761557565,3.8576916203398763,7.829996921751792
19.6,uav_01,1,-5.219907761557565,3.9399415186621787,7.820722004217731
19.7,uav_01,1,-5.219907761557565,4.007211738018185,7.819999694824219
19.8,uav_01,1,-5.219907761557565,4.075777934095361,7.819999694824219
19.9,uav_01,1,-5.219907761557565,4.11197680485894,7.819999694824219
20.0,uav_01,1,-5.210259134105296,4.1458813493445374,7.819999694824219
20.1,uav_01,1,-5.210259134105296,4.144784339660455,7.819999694824219
20.2,uav_01,1,-5.20945557881014,4.122787661737863,7.819999694824219
20.3,uav_01,1,-5.199547827706629,4.106521100436094,7.819999694824219
20.4,uav_01,1,-5.190961877829608,4.050786231678672,7.819999694824219
20.5,uav_01,1,-5.189233537348992,4.002930025084717,7.819999694824219
20.6,uav_01,1,-5.175321509257511,3.948253704126437,7.819999694824219
20.7,uav_01,1,-5.150383513588626,3.9016950497586684,7.819999694824219
20.8,uav_01,1,-5.13722386305247,3.8492476327714273,7.819999694824219
20.9,uav_01,1,-5.107055261238845,3.8056062257417596,7.819999694824219
21.0,uav_01,1,-5.069069657617764,3.7619648187120944,7.819999694824219
21.1,uav_01,1,-5.028334164994042,3.7183234117385457,7.819999694824219
21.2,uav_01,1,-4.971355759039435,3.6760867765313416,7.819999694824219
21.3,uav_01,1,-4.913306861851266,3.6433557213559964,7.819999694824219
21.4,uav_01,1,-4.845913791088094,3.6106246661806494,7.819999694824219
21.5,uav_01,1,-4.769176546641052,3.5778936110053,7.819999694824219
21.6,uav_01,1,-4.683464506503091,3.545952632633242,7.819999694824219
21.7,uav_01,1,-4.594215255327825,3.525445058709671,7.819999694824219
21.8,uav_01,1,-4.507930071246999,3.4958740110002586,7.811208930977828
21.9,uav_01,1,-4.414237847308136,3.474718218392329,7.809999465942383
22.0,uav_01,1,-4.312947130833442,3.447513949791421,7.809999465942383
22.1,uav_01,1,-4.204057921988744,3.424002770522587,7.809999465942383
22.2,uav_01,1,-4.091951636393945,3.4092214487931174,7.809999465942383
22.3,uav_01,1,-3.9764890014948966,3.3954578110172267,7.813478121884625
22.4,uav_01,1,-3.853716876039014,3.3783432381942844,7.819999694824219
22.5,uav_01,1,-3.7277321636609693,3.36991425186521,7.819999694824219
22.6,uav_01,1,-3.6154251378110414,3.3701448817015955,7.819999694824219
22.7,uav_01,1,-3.4946952917022616,3.380052432750249,7.819999694824219
22.8,uav_01,1,-3.3620869962214277,3.3909347742480858,7.819999694824219
22.9,uav_01,1,-3.219928226070438,3.413116988547554,7.819999694824219
23.0,uav_01,1,-3.096255815144258,3.436699665439659,7.819999694824219
23.1,uav_01,1,-2.974882786557567,3.4719367069107676,7.819999694824219
23.2,uav_01,1,-2.8726480507832903,3.508585936912845,7.819999694824219
23.3,uav_01,1,-2.7704133150090136,3.5534960342321007,7.819999694824219
23.4,uav_01,1,-2.670557443136813,3.588733075703212,7.819999694824219
23.5,uav_01,1,-2.584453599670765,3.623970117174323,7.819999694824219
23.6,uav_01,1,-2.5058321738565357,3.659207158645437,7.819999694824219
23.7,uav_01,1,-2.4309881027557467,3.689383513276368,7.819999694824219
23.8,uav_01,1,-2.3740503728878037,3.716483813040147,7.819999694824219
23.9,uav_01,1,-2.3146710581927876,3.7497187120943454,7.819999694824219
24.0,uav_01,1,-2.2705114809768214,3.7782967558050133,7.819999694824219
24.1,uav_01,1,-2.2319411472705246,3.8051032662174613,7.819999694824219
24.2,uav_01,1,-2.1974120646016666,3.833695198889044,7.819999694824219
24.3,uav_01,1,-2.172519520601852,3.855851798127317,7.819999694824219
24.4,uav_01,1,-2.157263515941338,3.8780083975300452,7.819999694824219
24.5,uav_01,1,-2.1516440493729925,3.900088598111554,7.819999694824219
24.6,uav_01,1,-2.155580717252052,3.9266596532596636,7.819999694824219
24.7,uav_01,1,-2.1685818924145197,3.95053421792929,7.819999694824219
24.8,uav_01,1,-2.1862203177828023,3.9639009084770276,7.819999694824219
24.9,uav_01,1,-2.2033610785453583,3.9815982496508653,7.819999694824219
25.0,uav_01,1,-2.221160536088905,3.9906879300062026,7.819999694824219
25.1,uav_01,1,-2.246871676623778,3.9906879300062026,7.819999694824219
25.2,uav_01,1,-2.2725828183169487,3.9906879300062026,7.819999694824219
25.3,uav_01,1,-2.298293959064671,3.9906879300062026,7.819999694824219
25.4,uav_01,1,-2.3240050995995425,3.9838010798075447,7.819999694824219
25.5,uav_01,1,-2.344800154300917,3.9683065687121273,7.819999694824219
25.6,uav_01,1,-2.365778753217015,3.9442043966684475,7.819999694824219
25.7,uav_01,1,-2.3887303032782965,3.9114945635273473,7.819999694824219
25.8,uav_01,1,-2.4062016296561914,3.8713491836787335,7.819999694824219
25.9,uav_01,1,-2.4252218659283904,3.8256822967481217,7.819999694824219
26.0,uav_01,1,-2.4431434345368634,3.766002085733564,7.819999694824219
26.1,uav_01,1,-2.4554974624435606,3.697199073072965,7.819999694824219
26.2,uav_01,1,-2.4754595751128554,3.622179627745472,7.817195708399946
26.3,uav_01,1,-2.4954216877821502,3.5304422773837474,7.809999465942383
26.4,uav_01,1,-2.51201354350893,3.434832861905048,7.809999465942383
26.5,uav_01,1,-2.529399968934078,3.331628342914153,7.809999465942383
26.6,uav_01,1,-2.5552413283346422,3.2195734419176993,7.809999465942383
26.7,uav_01,1,-2.575109326619216,3.0940292859580656,7.809999465942383
26.8,uav_01,1,-2.5903344707111544,2.9642016588878195,7.809999465942383
26.9,uav_01,1,-2.6045066835569686,2.8310310389236757,7.809999465942383
27.0,uav_01,1,-2.61922532640813,2.6938051819844535,7.809999465942383
27.1,uav_01,1,-2.6244268233283377,2.5456451398120774,7.809999465942383
27.2,uav_01,1,-2.628742472455629,2.3865509124400477,7.814472379759412
27.3,uav_01,1,-2.6340754507806055,2.2165224996560373,7.819999694824219
27.4,uav_01,1,-2.62989128379726,2.040367063283088,7.819999694824219
27.5,uav_01,1,-2.6244268233283377,1.8594799947387464,7.819999694824219
27.6,uav_01,1,-2.6203741379130165,1.6723148438614062,7.819999694824219
27.7,uav_01,1,-2.606804306403486,1.4805691196117186,7.819999694824219
27.8,uav_01,1,-2.5917772397778243,1.2868922590546188,7.819999694824219
27.9,uav_01,1,-2.5798125787278146,1.0982483626684245,7.819999694824219
28.0,uav_01,1,-2.562272500322107,0.9068074160328561,7.819999694824219
28.1,uav_01,1,-2.5434797338508153,0.7124880590809706,7.819999694824219
28.2,uav_01,1,-2.5175437160584218,0.5013252337623241,7.819999694824219
28.3,uav_01,1,-2.5000036376527155,0.2998084474318824,7.819999694824219
28.4,uav_01,1,-2.4741980103468455,0.0887954268770357,7.819999694824219
28.5,uav_01,1,-2.4552748533890303,-0.11431036891282204,7.819999694824219
28.6,uav_01,1,-2.4312264038282843,-0.3307820041880756,7.819999694824219
28.7,uav_01,1,-2.4049162868428726,-0.5524504690083846,7.819999694824219
28.8,uav_01,1,-2.3787239673771503,-0.7731264582401479,7.819999694824219
28.9,uav_01,1,-2.351895915292472,-0.999158632943704,7.819999694824219
29.0,uav_01,1,-2.3349679819353084,-1.2407918682646388,7.819999694824219
29.1,uav_01,1,-2.3276021288927757,-1.4898291470418656,7.819999694824219
29.2,uav_01,1,-2.3120518326383332,-1.7320860383762815,7.819999694824219
29.3,uav_01,1,-2.298912378136186,-1.9784270848894998,7.819999694824219
29.4,uav_01,1,-2.2832340153869604,-2.2316956533393073,7.819999694824219
29.5,uav_01,1,-2.2770762144793943,-2.477090181268564,7.819999694824219
29.6,uav_01,1,-2.2737134539333996,-2.7160623013770917,7.819999694824219
29.7,uav_01,1,-2.2641288588261483,-2.961751098894658,7.819999694824219
29.8,uav_01,1,-2.254544264152495,-3.1929963137173654,7.819999694824219
29.9,uav_01,1,-2.2449032850124793,-3.421894361959504,7.819999694824219
30.0,uav_01,1,-2.231745623648442,-3.650708518155858,7.819999694824219
30.1,uav_01,1,-2.2191844456523278,-3.88029170400778,7.819999694824219
30.2,uav_01,1,-2.215401170400575,-4.091096856712047,7.819999694824219
30.3,uav_01,1,-2.2055449242055265,-4.294924813845268,7.819999694824219
30.4,uav_01,1,-2.1956886777736067,-4.493929128716566,7.819999694824219
30.5,uav_01,1,-2.1902385619243705,-4.6813711370860345,7.819999694824219
30.6,uav_01,1,-2.1856248133144063,-4.857250838996303,7.819999694824219
30.7,uav_01,1,-2.1757685669709996,-5.016028998705916,7.819999694824219
30.8,uav_01,1,-2.1709413056486815,-5.157460312124732,7.819999694824219
30.9,uav_01,1,-2.1709413056486815,-5.294712154435121,7.819999694824219
31.0,uav_01,1,-2.1664896865360217,-5.416402574410045,7.819999694824219
31.1,uav_01,1,-2.1612926781964137,-5.516219042969483,7.819999694824219
31.2,uav_01,1,-2.1612926781964137,-5.60246762614627,7.819999694824219
31.3,uav_01,1,-2.158559099818508,-5.675458694891227,7.819999694824219
31.4,uav_01,1,-2.1516440493729925,-5.741001840972638,7.819999694824219
31.5,uav_01,1,-2.1516440493729925,-5.780886331011207,7.819999694824219
31.6,uav_01,1,-2.1516440493729925,-5.809834730472277,7.819999694824219
31.7,uav_01,1,-2.1516440493729925,-5.819753230898037,7.819999694824219
31.8,uav_01,1,-2.1516440493729925,-5.819753230898037,7.819999694824219
31.9,uav_01,1,-2.1516440493729925,-5.788918805634543,7.819999694824219
32.0,uav_01,1,-2.1516440493729925,-5.758121688770903,7.819999694824219
32.1,uav_01,1,-2.1516440493729925,-5.719070689822889,7.819999694824219
32.2,uav_01,1,-2.1450191252525936,-5.6708441310337685,7.819999694824219
32.3,uav_01,1,-2.1361812227269423,-5.620075097061329,7.819999694824219
32.4,uav_01,1,-2.127343320482632,-5.569306063212303,7.819999694824219
32.5,uav_01,1,-2.110119924463787,-5.518537029192143,7.819999694824219
32.6,uav_01,1,-2.083606217629017,-5.471653576706147,7.819999694824219
32.7,uav_01,1,-2.054521215028241,-5.431038349515436,7.819999694824219
32.8,uav_01,1,-2.0174090371212707,-5.390423122508649,7.819999694824219
32.9,uav_01,1,-1.9722696821270282,-5.3498078952129875,7.819999694824219
33.0,uav_01,1,-1.9190283556020937,-5.308971456874615,7.819999694824219
33.1,uav_01,1,-1.8524066742750853,-5.254341810647977,7.819999694824219
33.2,uav_01,1,-1.7824424104583263,-5.220269837421551,7.819999694824219
33.3,uav_01,1,-1.6839303258170848,-5.187236627879732,7.819999694824219
33.4,uav_01,1,-1.6024257081988373,-5.173743183180876,7.819999694824219
33.5,uav_01,1,-1.5015621416712612,-5.140780851818369,7.818749139021269
33.6,uav_01,1,-1.3904158066306593,-5.116131284954914,7.809999465942383
33.7,uav_01,1,-1.27082743122631,-5.081782713652385,7.809999465942383
33.8,uav_01,1,-1.1490812590094324,-5.052392299285804,7.809999465942383
33.9,uav_01,1,-1.0170523191725611,-5.04094277548372,7.809999465942383
34.0,uav_01,1,-0.8736444621104006,-5.026529149272047,7.812783293348543
34.1,uav_01,1,-0.7262817517181774,-5.010530400675223,7.819999694824219
34.2,uav_01,1,-0.5880227519473957,-5.010530400675223,7.819999694824219
34.3,uav_01,1,-0.43259538752027726,-5.010530400675223,7.819999694824219
34.4,uav_01,1,-0.2900912054274758,-5.012563476539343,7.819999694824219
34.5,uav_01,1,-0.14147758475585132,-5.025069845115191,7.819999694824219
34.6,uav_01,1,-0.0007429977853500233,-5.048049506142526,7.818717669154371
34.7,uav_01,1,0.13999158932307842,-5.080387311487854,7.809999465942383
34.8,uav_01,1,0.28072617752678897,-5.113534289485262,7.810729437375487
34.9,uav_01,1,0.42102278056425296,-5.1561481665576165,7.819999694824219
35.0,uav_01,1,0.5523524005652314,-5.188480392785556,7.819999694824219
35.1,uav_01,1,0.6824660892949705,-5.220513267161728,7.819999694824219
35.2,uav_01,1,0.8028201801242105,-5.2731894250479305,7.819999694824219
35.3,uav_01,1,0.9306283294426584,-5.306154580611371,7.819999694824219
35.4,uav_01,1,1.0272349994440237,-5.337980842009817,7.819999694824219
35.5,uav_01,1,1.1274239036114049,-5.369837748531229,7.819999694824219
35.6,uav_01,1,1.2217392395691022,-5.401694655052641,7.819999694824219
35.7,uav_01,1,1.3072176426314417,-5.433551561574048,7.819999694824219
35.8,uav_01,1,1.3838591121367718,-5.457890621021884,7.819999694824219
35.9,uav_01,1,1.451663648631413,-5.48618013063159,7.819999694824219
36.0,uav_01,1,1.5106312516843878,-5.511451740638101,7.819999694824219
36.1,uav_01,1,1.5668443040187572,-5.532979340730123,7.819999694824219
36.2,uav_01,1,1.6080365261176606,-5.554886869003532,7.819999694824219
36.3,uav_01,1,1.6368127829876054,-5.576927435258187,7.819999694824219
36.4,uav_01,1,1.655139941573946,-5.598968001726093,7.819999694824219
36.5,uav_01,1,1.6595640205131115,-5.621008568161327,7.819999694824219
36.6,uav_01,1,1.6544525552115776,-5.637176606720416,7.819999694824219
36.7,uav_01,1,1.6448604693978657,-5.648196889837178,7.819999694824219
36.8,uav_01,1,1.6252716235016134,-5.659217172972763,7.819999694824219
36.9,uav_01,1,1.6014372043568403,-5.670237456295852,7.819999694824219
37.0,uav_01,1,1.5724824410778968,-5.670032372258675,7.819999694824219
37.1,uav_01,1,1.5389550923437898,-5.664559811559703,7.819999694824219
37.2,uav_01,1,1.5102102062198783,-5.659093751672124,7.819999694824219
37.3,uav_01,1,1.4861607610456455,-5.642701873625692,7.819999694824219
37.4,uav_01,1,1.4579171425360518,-5.615515746861639,7.819999694824219
37.5,uav_01,1,1.424238211251873,-5.57751017102415,7.819999694824219
37.6,uav_01,1,1.3955004748203428,-5.53348804613609,7.815439627119508
37.7,uav_01,1,1.371093094701916,-5.4844908035038324,7.809999465942383
37.8,uav_01,1,1.3476736294095533,-5.429463147245455,7.809999465942383
37.9,uav_01,1,1.3231274844334158,-5.364804107704222,7.809999465942383
38.0,uav_01,1,1.303968993025298,-5.287765388933595,7.809999465942383
38.1,uav_01,1,1.285070068676644,-5.207263264030432,7.809999465942383
38.2,uav_01,1,1.2666586728446285,-5.118654067976768,7.809999465942383
38.3,uav_01,1,1.2513922789065441,-5.02121610935667,7.809999465942383
38.4,uav_01,1,1.2351585548115451,-4.916691185174294,7.809999465942383
38.5,uav_01,1,1.202422770537571,-4.810066237991097,7.809999465942383
38.6,uav_01,1,1.1855041294959483,-4.693621549863686,7.809999465942383
38.7,uav_01,1,1.1749535146855568,-4.56819164087686,7.809999465942383
38.8,uav_01,1,1.1480111162032585,-4.4425599642088365,7.809999465942383
38.9,uav_01,1,1.1389132364143515,-4.306677562682684,7.809999465942383
39.0,uav_01,1,1.1298153578650199,-4.1607736531317325,7.809999465942383
39.1,uav_01,1,1.1207174782076867,-4.005050002896503,7.809999465942383
39.2,uav_01,1,1.1192408502784321,-3.833456242518883,7.809999465942383
39.3,uav_01,1,1.1192408502784321,-3.6552865842363307,7.809999465942383
39.4,uav_01,1,1.1273228591253561,-3.4670236615376444,7.809999465942383
39.5,uav_01,1,1.1288894791018527,-3.278178731591576,7.809999465942383
39.6,uav_01,1,1.1370666472142614,-3.0788720670253342,7.809999465942383
39.7,uav_01,1,1.1550680095962353,-2.8680267671527337,7.809999465942383
39.8,uav_01,1,1.1745408315271748,-2.655490917359241,7.80134235385529
39.9,uav_01,1,1.1855731356820711,-2.442955067565759,7.799999237060547
40.0,uav_01,1,1.203837846565634,-2.2206211112463565,7.799999237060547
40.1,uav_01,1,1.2405428341596945,-1.977101244411346,7.799999237060547
40.2,uav_01,1,1.2614099565061359,-1.7490989124797407,7.799999237060547
40.3,uav_01,1,1.2876669819981321,-1.5367129091318241,7.799999237060547
40.4,uav_01,1,1.3151175916009608,-1.3179583999977211,7.799999237060547
40.5,uav_01,1,1.3356661475016187,-1.0813341962132514,7.799999237060547
40.6,uav_01,1,1.3603701833543467,-0.854258399393229,7.799999237060547
40.7,uav_01,1,1.3819155886245376,-0.6199247431685893,7.799999237060547
40.8,uav_01,1,1.400215995459863,-0.3781347722994306,7.799999237060547
40.9,uav_01,1,1.418516402295188,-0.14198397788934602,7.799999237060547
41.0,uav_01,1,1.4324068782254866,0.09435992518535853,7.799999237060547
41.1,uav_01,1,1.4415570815488472,0.33614989599349526,7.799999237060547
41.2,uav_01,1,1.4508106925180015,0.580672360302543,7.799999237060547
41.3,uav_01,1,1.4636519805320627,0.8275004228559272,7.799999237060547
41.4,uav_01,1,1.4762400879507955,1.0700717063503518,7.799999237060547
41.5,uav_01,1,1.4762400879507955,1.3163784842269886,7.799999237060547
41.6,uav_01,1,1.479413433477692,1.558339443069748,7.799999237060547
41.7,uav_01,1,1.4858887154030638,1.7811434539837798,7.799999237060547
41.8,uav_01,1,1.488904911264431,2.0126887701738125,7.799999237060547
41.9,uav_01,1,1.4985019449535024,2.2408280763086528,7.799999237060547
42.0,uav_01,1,1.5051859716787526,2.454653958160074,7.799999237060547
42.1,uav_01,1,1.5080473834009565,2.653121371931725,7.799999237060547
42.2,uav_01,1,1.5148346005021736,2.848276520915229,7.799999237060547
42.3,uav_01,1,1.5148346005021736,3.0353818257641643,7.799999237060547
42.4,uav_01,1,1.5174962409405293,3.216248971770884,7.799999237060547
42.5,uav_01,1,1.5244832279544418,3.375290599747692,7.799999237060547
42.6,uav_01,1,1.5244832279544418,3.5182776214036,7.799999237060547
42.7,uav_01,1,1.5244832279544418,3.6584654294988126,7.799999237060547
42.8,uav_01,1,1.5244832279544418,3.7850275079861793,7.799999237060547
42.9,uav_01,1,1.5244832279544418,3.895017524753488,7.799999237060547
43.0,uav_01,1,1.5244832279544418,3.9973860847617093,7.799999237060547
43.1,uav_01,1,1.5244832279544418,4.076833339481996,7.799999237060547
43.2,uav_01,1,1.5225436101368657,4.154795005685937,7.799999237060547
43.3,uav_01,1,1.5148346005021736,4.1959992335090455,7.799999237060547
43.4,uav_01,1,1.5148346005021736,4.235295374148153,7.799999237060547
43.5,uav_01,1,1.5148346005021736,4.255309480286356,7.799999237060547
43.6,uav_01,1,1.5067442950197265,4.2660286888591115,7.799999237060547
43.7,uav_01,1,1.5051859716787526,4.259602330306078,7.799999237060547
43.8,uav_01,1,1.4990239390312088,4.235495236325637,7.799999237060547
43.9,uav_01,1,1.4955373442264848,4.199606274347762,7.799999237060547
44.0,uav_01,1,1.4955373442264848,4.154688307641881,7.799999237060547
44.1,uav_01,1,1.4955373442264848,4.1084646065207195,7.799999237060547
44.2,uav_01,1,1.4979164790910473,4.062969650019534,7.799999237060547
44.3,uav_01,1,1.5067269164983537,4.004006513105154,7.799999237060547
44.4,uav_01,1,1.5173567826972523,3.951636760369527,7.799999237060547
44.5,uav_01,1,1.5381296703641734,3.9054361156227775,7.799999237060547
44.6,uav_01,1,1.5672900965701715,3.849599086018122,7.801454522557138
44.7,uav_01,1,1.5994017865713708,3.7954574003773804,7.809999465942383
44.8,uav_01,1,1.6480024954055041,3.7507877765646125,7.809999465942383
44.9,uav_01,1,1.6998405242850696,3.7061181530193723,7.809999465942383
45.0,uav_01,1,1.76788151692913,3.6633903585139826,7.809999465942383
45.1,uav_01,1,1.8359225095731846,3.629888140706229,7.809999465942383
45.2,uav_01,1,1.9076299048653533,3.596385922898478,7.809999465942383
45.3,uav_01,1,1.9974738010271225,3.5627258799776396,7.807977882995373
45.4,uav_01,1,2.097331887709779,3.5309363008156334,7.799999237060547
45.5,uav_01,1,2.2037497503493384,3.5045990765095105,7.799999237060547
45.6,uav_01,1,2.324889496785888,3.4734588415747036,7.799999237060547
45.7,uav_01,1,2.446029243222447,3.4502627339446827,7.799999237060547
45.8,uav_01,1,2.5753151689490186,3.427066626578679,7.799999237060547
45.9,uav_01,1,2.7161219628987374,3.4091057860326304,7.799999237060547
46.0,uav_01,1,2.8617342902740925,3.3975571971554697,7.8050626490411785
46.1,uav_01,1,3.013158972961132,3.3920847402295933,7.809999465942383
46.2,uav_01,1,3.170361743874933,3.3920847402295933,7.809999465942383
46.3,uav_01,1,3.3220838509354063,3.3989622809188775,7.809999465942383
46.4,uav_01,1,3.4716026109398626,3.416753178185718,7.809999465942383
46.5,uav_01,1,3.6177221419606473,3.4385641256493584,7.804034800261853
46.6,uav_01,1,3.7601044697841535,3.4668071288041507,7.799999237060547
46.7,uav_01,1,3.897044791232392,3.5057758348149677,7.805639553219338
46.8,uav_01,1,4.029934964407218,3.5433252148630894,7.809999465942383
46.9,uav_01,1,4.162825137582057,3.581934379954001,7.809999465942383
47.0,uav_01,1,4.285770134121313,3.6198433013158597,7.809999465942383
47.1,uav_01,1,4.399675996649908,3.6525597223526924,7.809999465942383
47.2,uav_01,1,4.508922216821222,3.690629575730561,7.809999465942383
47.3,uav_01,1,4.6041188285299235,3.727453069386838,7.809999465942383
47.4,uav_01,1,4.687452334401693,3.75305449332462,7.809999465942383
47.5,uav_01,1,4.766487222035019,3.772703010293001,7.809999465942383
47.6,uav_01,1,4.838589981859985,3.800315803134074,7.809999465942383
47.7,uav_01,1,4.895785747632984,3.8279285959751514,7.809999465942383
47.8,uav_01,1,4.95768195811125,3.8488590961271005,7.809999465942383
47.9,uav_01,1,5.009236070661959,3.8672676247352413,7.809999465942383
48.0,uav_01,1,5.0492931592006105,3.8885964861339946,7.809999465942383
48.1,uav_01,1,5.087518506736262,3.9161835098937914,7.809999465942383
48.2,uav_01,1,5.111354129442539,3.943568097835356,7.809999465942383
48.3,uav_01,1,5.120971311270098,3.9546172132040227,7.809999465942383
48.4,uav_01,1,5.123421481550273,3.970210757697055,7.809999465942383
48.5,uav_01,1,5.119019194407023,3.9846604435430697,7.809999465942383
48.6,uav_01,1,5.1097387707442925,3.9999573901545773,7.809999465942383
48.7,uav_01,1,5.091895736933373,4.012858418370586,7.809999465942383
48.8,uav_01,1,5.06694185457724,4.012858418370586,7.809999465942383
48.9,uav_01,1,5.03923978890117,4.012858418370586,7.809999465942383
49.0,uav_01,1,5.004679358917589,4.0032021891971805,7.809999465942383
49.1,uav_01,1,4.975607233369379,3.976058547775086,7.809999465942383
49.2,uav_01,1,4.950821673432275,3.9525073903322725,7.809999465942383
49.3,uav_01,1,4.927111609725227,3.9214811879398264,7.809999465942383
49.4,uav_01,1,4.898039483555899,3.8708347352004715,7.809999465942383
49.5,uav_01,1,4.877615098485661,3.814934531815578,7.814757434648611
49.6,uav_01,1,4.857126251035606,3.744611369152826,7.819999694824219
49.7,uav_01,1,4.831975937802105,3.6734535614818986,7.813970030646097
49.8,uav_01,1,4.804838921669052,3.587379218840579,7.809999465942383
49.9,uav_01,1,4.781036671492661,3.4925021419575915,7.809999465942383
50.0,uav_01,1,4.760391352064072,3.3886180169719347,7.809999465942383
50.1,uav_01,1,4.731232241345349,3.2818813054655482,7.809999465942383
50.2,uav_01,1,4.7096039506053975,3.1445239664604037,7.809999465942383
50.3,uav_01,1,4.679318949342736,3.0133552608572174,7.8101371277050715
50.4,uav_01,1,4.659511615952922,2.871468864888097,7.819999694824219
50.5,uav_01,1,4.6496108307204755,2.732607680564619,7.819999694824219
50.6,uav_01,1,4.64099008014266,2.5765576786226405,7.819999694824219
50.7,uav_01,1,4.638721305694438,2.419204386780779,7.819999694824219
50.8,uav_01,1,4.621692823866971,2.252007955987263,7.819999694824219
50.9,uav_01,1,4.624174618868435,2.0819602075040873,7.819999694824219
51.0,uav_01,1,4.64099008014266,1.8924709190602251,7.819999694824219
51.1,uav_01,1,4.642337487824275,1.7045296586943055,7.819999694824219
51.2,uav_01,1,4.652039370610116,1.5213591623197347,7.819999694824219
51.3,uav_01,1,4.663195172526301,1.311247413250593,7.819999694824219
51.4,uav_01,1,4.682420476558974,1.1108279396322984,7.819999694824219
51.5,uav_01,1,4.701483064697522,0.9112370446089766,7.819999694824219
51.6,uav_01,1,4.727957732602441,0.7084599251698429,7.819999694824219
51.7,uav_01,1,4.754432399259424,0.5056828057307224,7.819999694824219
51.8,uav_01,1,4.780907065916401,0.3029056859632895,7.819999694824219
51.9,uav_01,1,4.814602477397399,0.10012856645869747,7.819999694824219
52.0,uav_01,1,4.843505028053789,-0.10999802957697095,7.819999694824219
52.1,uav_01,1,4.864406428882161,-0.32931709342956716,7.819999694824219
52.2,uav_01,1,4.886805733915483,-0.5523719250647295,7.819999694824219
52.3,uav_01,1,4.917076410869411,-0.7701336635771866,7.819999694824219
52.4,uav_01,1,4.943119192633882,-0.9888355954885093,7.819999694824219
52.5,uav_01,1,4.952051222667861,-1.2248604417439097,7.819999694824219
52.6,uav_01,1,4.965300119409884,-1.468664821591614,7.822039863769708
52.7,uav_01,1,4.988340688991603,-1.711687871529994,7.829999923706055
52.8,uav_01,1,4.991806208142986,-1.9615438843380832,7.829999923706055
52.9,uav_01,1,5.0092528654683965,-2.20244079371865,7.829999923706055
53.0,uav_01,1,5.018783653881949,-2.4433377030381522,7.829999923706055
53.1,uav_01,1,5.031072926833507,-2.6842346120860405,7.829999923706055
53.2,uav_01,1,5.055881085270937,-2.9251315214666422,7.829999923706055
53.3,uav_01,1,5.05702464846618,-3.164714598642047,7.829999923706055
53.4,uav_01,1,5.067581160756525,-3.3934832009144613,7.829999923706055
53.5,uav_01,1,5.086711966338544,-3.613275744907502,7.829999923706055
53.6,uav_01,1,5.1041242252745835,-3.839842206887137,7.829999923706055
53.7,uav_01,1,5.105807657624662,-4.056823095656459,7.829999923706055
53.8,uav_01,1,5.115924901837517,-4.256897358255171,7.829999923706055
53.9,uav_01,1,5.1286628124418945,-4.46612278092009,7.829999923706055
54.0,uav_01,1,5.1458080195403255,-4.6647004376130905,7.829999923706055
54.1,uav_01,1,5.15236736527823,-4.83905495650055,7.829999923706055
54.2,uav_01,1,5.16042039509821,-5.004157403416146,7.829999923706055
54.3,uav_01,1,5.171664621553918,-5.150100226837096,7.829999923706055
54.4,uav_01,1,5.176587346380444,-5.294673959401524,7.829999923706055
54.5,uav_01,1,5.181313249006187,-5.422374351785103,7.829999923706055
54.6,uav_01,1,5.185843003681002,-5.522948499428852,7.829999923706055
54.7,uav_01,1,5.190961877829608,-5.607234486144311,7.829999923706055
54.8,uav_01,1,5.190961877829608,-5.679758393236203,7.829999923706055
54.9,uav_01,1,5.193599325527344,-5.746222008068094,7.827266365925769
55.0,uav_01,1,5.200610505281876,-5.79341387856139,7.819999694824219
55.1,uav_01,1,5.200610505281876,-5.822914779055013,7.819999694824219
55.2,uav_01,1,5.200610505281876,-5.841923719656247,7.819999694824219
55.3,uav_01,1,5.200610505281876,-5.841660915836985,7.819999694824219
55.4,uav_01,1,5.200610505281876,-5.820939799247629,7.819999694824219
55.5,uav_01,1,5.200610505281876,-5.790451408885397,7.819999694824219
55.6,uav_01,1,5.200610505281876,-5.74910808794998,7.819999694824219
55.7,uav_01,1,5.1926463627157995,-5.696406767678718,7.819999694824219
55.8,uav_01,1,5.190961877829608,-5.641795062158839,7.819999694824219
55.9,uav_01,1,5.190961877829608,-5.578359212160609,7.819999694824219
56.0,uav_01,1,5.183423108210257,-5.504163924050612,7.819999694824219
56.1,uav_01,1,5.173916271797509,-5.427707536108605,7.819999694824219
56.2,uav_01,1,5.171664621553918,-5.342915713316622,7.819999694824219
56.3,uav_01,1,5.15743783148309,-5.247364452504784,7.819999694824219
56.4,uav_01,1,5.13842415790625,-5.149063382459936,7.819999694824219
56.5,uav_01,1,5.126240297151263,-5.0586090381601965,7.819999694824219
56.6,uav_01,1,5.110654047420448,-4.952024581655296,7.819999694824219
56.7,uav_01,1,5.086925345148558,-4.838311047440621,7.814057822764345
56.8,uav_01,1,5.065099816477283,-4.7193506161302325,7.809999465942383
56.9,uav_01,1,5.047189955487834,-4.595891500071645,7.809999465942383
57.0,uav_01,1,5.029280094498387,-4.464041172265536,7.809999465942383
57.1,uav_01,1,5.011370233508939,-4.320005536740929,7.809999465942383
57.2,uav_01,1,4.995724844642581,-4.175969901461074,7.809999465942383
57.3,uav_01,1,4.983628366146,-4.028324961948021,7.809999465942383
57.4,uav_01,1,4.957640651911744,-3.8637128070814035,7.809999465942383
57.5,uav_01,1,4.939547411902496,-3.6986792863319504,7.809999465942383
57.6,uav_01,1,4.912682621054606,-3.5134906122440577,7.809999465942383
57.7,uav_01,1,4.89308678147711,-3.3369001907782865,7.809999465942383
57.8,uav_01,1,4.8545067127688855,-3.1432120731433706,7.809999465942383
57.9,uav_01,1,4.824221266918813,-2.926120883770034,7.809999465942383
58.0,uav_01,1,4.774326860731211,-2.7193560872921423,7.809999465942383
58.1,uav_01,1,4.724432454543616,-2.501527357465962,7.809999465942383
58.2,uav_01,1,4.67352873940235,-2.2836986279781435,7.809999465942383
58.3,uav_01,1,4.61365545131674,-2.064330884153828,7.809999465942383
58.4,uav_01,1,4.553782164221559,-1.8350374842471282,7.809999465942383
58.5,uav_01,1,4.49390887622982,-1.6057440846795998,7.809999465942383
58.6,uav_01,1,4.434639986137531,-1.3787653109417966,7.809999465942383
58.7,uav_01,1,4.375714978190427,-1.1586223004999878,7.809999465942383
58.8,uav_01,1,4.312636316077165,-0.9374002123548406,7.809999465942383
58.9,uav_01,1,4.2554471892985495,-0.7219272336615173,7.809999465942383
59.0,uav_01,1,4.191251261847601,-0.49501384559684053,7.809999465942383
59.1,uav_01,1,4.134736652175765,-0.25045042696434594,7.809999465942383
59.2,uav_01,1,4.06955706988825,-0.02579726799490827,7.809999465942383
59.3,uav_01,1,4.004377487600728,0.19885589097455808,7.809999465942383
59.4,uav_01,1,3.9484811524366905,0.42350904994402505,7.809999465942383
59.5,uav_01,1,3.8836669518491074,0.6584401939517708,7.809999465942383
59.6,uav_01,1,3.818487369561585,0.9036816324318908,7.809999465942383
59.7,uav_01,1,3.7472338651309465,1.1332842428362997,7.809999465942383
59.8,uav_01,1,3.6763202285397485,1.35733279961066,7.809999465942383
59.9,uav_01,1,3.6056545833252414,1.5805978405275996,7.809999465942383
60.0,uav_01,1,3.5294074306033125,1.810275437829043,7.809999465942383
60.1,uav_01,1,3.4546746647652347,2.038213166346765,7.809999465942383
60.2,uav_01,1,3.376107694472447,2.261478207263697,7.809999465942383
60.3,uav_01,1,3.2909108781903536,2.488345304724104,7.809999465942383
60.4,uav_01,1,3.2114120269289765,2.7190935330828307,7.809999465942383
60.5,uav_01,1,3.13341757136955,2.9458153540268324,7.809999465942383
60.6,uav_01,1,3.0620629532296606,3.1877941032810577,7.809999465942383
60.7,uav_01,1,2.982564101968282,3.411059144198009,7.809999465942383
60.8,uav_01,1,2.90605040051633,3.6740510034284277,7.809999465942383
60.9,uav_01,1,2.8261237586001107,3.950417443746167,7.809999465942383
61.0,uav_01,1,2.7649408484081217,4.214222341233422,7.809999465942383
61.1,uav_01,1,2.6762857531868973,4.491117158546034,7.809999465942383
61.2,uav_01,1,2.6059911598048178,4.768011976182129,7.809999465942383
61.3,uav_01,1,2.5356965664227546,5.044906793459511,7.809999465942383
61.4,uav_01,1,2.4654019730406733,5.321801610736965,7.809999465942383
61.5,uav_01,1,2.3975430407147136,5.601494742523735,7.809999465942383
61.6,uav_01,1,2.3316322976849566,5.886676489670916,7.809999465942383
61.7,uav_01,1,2.254372464980733,6.167871656083366,7.809999465942383
61.8,uav_01,1,2.1798116042174227,6.454294806305847,7.806148543576628
61.9,uav_01,1,2.1028659775252674,6.738856216709196,7.799999237060547
62.0,uav_01,1,2.027145889478087,7.03023412759447,7.799999237060547
62.1,uav_01,1,1.9511923003118676,7.321612038701681,7.799999237060547
62.2,uav_01,1,1.8801797754313005,7.612989949808889,7.799999237060547
62.3,uav_01,1,1.802971632359937,7.904367860916081,7.799999237060547
62.4,uav_01,1,1.728506098217903,8.203433748783418,7.799999237060547
62.5,uav_01,1,1.6574935733373348,8.48995107788483,7.799999237060547
62.6,uav_01,1,1.5787973752417823,8.77850159384388,7.799999237060547
62.7,uav_01,1,1.5123671172867121,9.043015009861303,7.799999237060547
62.8,uav_01,1,1.4523629358673193,9.296309704207337,7.799999237060547
62.9,uav_01,1,1.3936998605764734,9.541014603606795,7.799999237060547
63.0,uav_01,1,1.3350280037984439,9.790103457545953,7.799999237060547
63.1,uav_01,1,1.2736738287437588,10.043041966431355,7.799999237060547
63.2,uav_01,1,1.2074816076416288,10.277951959855658,7.799999237060547
63.3,uav_01,1,1.148532723289357,10.529505596821906,7.799999237060547
63.4,uav_01,1,1.0895838389370924,10.781059233446413,7.799999237060547
63.5,uav_01,1,1.0306349545848215,11.016196371506275,7.799999237060547
63.6,uav_01,1,0.9716860702325495,11.255197873531474,7.799999237060547
63.7,uav_01,1,0.908047420357438,11.497076370508637,7.799999237060547
63.8,uav_01,1,0.8417215233575012,11.748877000168322,7.799999237060547
63.9,uav_01,1,0.7790063432197897,12.016957935643273,7.799999237060547
64.0,uav_01,1,0.7160624280417058,12.288573039367797,7.799999237060547
64.1,uav_01,1,0.6471081823709778,12.560188142846975,7.799999237060547
64.2,uav_01,1,0.5823981696795463,12.82692707576991,7.799999237060547
64.3,uav_01,1,0.5188483198529188,13.087224883318273,7.799999237060547
64.4,uav_01,1,0.4545422635027203,13.336842143041743,7.799999237060547
64.5,uav_01,1,0.39543862444569294,13.58007768414403,7.799999237060547
64.6,uav_01,1,0.33633498538131307,13.817449440832636,7.799999237060547
64.7,uav_01,1,0.28248547111877786,14.049831789674656,7.799999237060547
64.8,uav_01,1,0.23365542959679136,14.260768778795686,7.799999237060547
64.9,uav_01,1,0.18540939455656383,14.455401191465656,7.799999237060547
65.0,uav_01,1,0.14268961000607397,14.641896505521155,7.799999237060547
65.1,uav_01,1,0.09916878203975439,14.817760599468626,7.799999237060547
65.2,uav_01,1,0.05647612194841402,14.987806702634275,7.799999237060547
65.3,uav_01,1,0.02317328885567159,15.141622076116192,7.799999237060547
65.4,uav_01,1,-0.005659141956794818,15.279303087195716,7.799999237060547
65.5,uav_01,1,-0.03449157212860096,15.40016686847218,7.799999237060547
65.6,uav_01,1,-0.06332400230041096,15.510584824114428,7.799999237060547
0.0,uav_02,1,14.067699660438919,15.685620613303977,7.719999313354492
0.1,uav_02,1,14.067699660438919,15.688945604340063,7.721499085071039
0.2,uav_02,1,14.067699660438919,15.70779110166836,7.729999542236328
0.3,uav_02,1,14.067699660438919,15.70259629983961,7.729999542236328
0.4,uav_02,1,14.06503200330687,15.685620613303977,7.729999542236328
0.5,uav_02,1,14.05805103298665,15.685620613303977,7.733240095568206
0.6,uav_02,1,14.05805103298665,15.681323205447868,7.739999771118164
0.7,uav_02,1,14.05805103298665,15.664381842518079,7.739999771118164
0.8,uav_02,1,14.052953850276973,15.646508761829443,7.739999771118164
0.9,uav_02,1,14.042626869043607,15.628008688080099,7.739999771118164
1.0,uav_02,1,14.03875377671096,15.58944982965651,7.746688842702311
1.1,uav_02,1,14.024489292920972,15.541991430811738,7.75
1.2,uav_02,1,14.011645925912756,15.485559491804855,7.75
1.3,uav_02,1,14.00131894411984,15.426236493218532,7.75
1.4,uav_02,1,13.981824661274608,15.34584899259385,7.75
1.5,uav_02,1,13.971357050539336,15.265536763079789,7.75
1.6,uav_02,1,13.951711313729612,15.174640503800472,7.75
1.7,uav_02,1,13.932271482883346,15.072340204619271,7.75
1.8,uav_02,1,13.921785510767965,14.969359341444052,7.75
1.9,uav_02,1,13.902835639573361,14.854730322594863,7.750867857887944
2.0,uav_02,1,13.89294203217627,14.728453148362984,7.760000228881836
2.1,uav_02,1,13.881721119366057,14.59205274910506,7.760000228881836
2.2,uav_02,1,13.863506187648936,14.453845963608849,7.760000228881836
2.3,uav_02,1,13.848160788660175,14.306078864986594,7.760000228881836
2.4,uav_02,1,13.810662149986296,14.15365100356727,7.760000228881836
2.5,uav_02,1,13.778776808192355,13.983573535630299,7.76236140606644
2.6,uav_02,1,13.739338896428961,13.810801604755046,7.770000457763672
2.7,uav_02,1,13.699900985329304,13.629561792205386,7.770000457763672
2.8,uav_02,1,13.657552363825488,13.444977884976808,7.770000457763672
2.9,uav_02,1,13.608254974379669,13.252410584419469,7.770000457763672
3.0,uav_02,1,13.558957584933848,13.056014700866365,7.770000457763672
3.1,uav_02,1,13.506116935968443,12.848049084894983,7.770000457763672
3.2,uav_02,1,13.44696006832628,12.637139878688375,7.770000457763672
3.3,uav_02,1,13.391768160320703,12.42868977476815,7.770000457763672
3.4,uav_02,1,13.33774187973438,12.216358759200395,7.773792043701013
3.5,uav_02,1,13.280807921169215,12.014380586456818,7.780000686645508
3.6,uav_02,1,13.231859309931744,11.826924813635586,7.780000686645508
3.7,uav_02,1,13.182910699710119,11.639469041106125,7.780000686645508
3.8,uav_02,1,13.133962088397483,11.443192871005271,7.780000686645508
3.9,uav_02,1,13.085013477895716,11.246364309732789,7.780000686645508
4.0,uav_02,1,13.036064867006713,11.04414026216109,7.780000686645508
4.1,uav_02,1,12.987116256081311,10.841621942808713,7.780000686645508
4.2,uav_02,1,12.936452451647057,10.64085223148215,7.780000686645508
4.3,uav_02,1,12.879345738948938,10.425278092732805,7.780000686645508
4.4,uav_02,1,12.822239026250816,10.209703954307262,7.780000686645508
4.5,uav_02,1,12.758240069557425,10.00996672059619,7.780000686645508
4.6,uav_02,1,12.688727452984272,9.779879354318979,7.780000686645508
4.7,uav_02,1,12.6089688143804,9.536910442030019,7.780000686645508
4.8,uav_02,1,12.52348582004253,9.290625707444555,7.780000686645508
4.9,uav_02,1,12.438002825538627,9.039642446136323,7.780000686645508
5.0,uav_02,1,12.352519830432167,8.788659184863503,7.780000686645508
5.1,uav_02,1,12.267036835325705,8.537675923567559,7.780000686645508
5.2,uav_02,1,12.1863602702814,8.28669266228244,7.780000686645508
5.3,uav_02,1,12.105719473936198,8.025011108315205,7.780000686645508
5.4,uav_02,1,12.024741873879558,7.75737943344472,7.780000686645508
5.5,uav_02,1,11.953111867015139,7.495483856516544,7.780000686645508
5.6,uav_02,1,11.881430839410973,7.225203909406578,7.780000686645508
5.7,uav_02,1,11.807381319184444,6.948363382896691,7.780000686645508
5.8,uav_02,1,11.738036437844185,6.675209540986394,7.780000686645508
5.9,uav_02,1,11.673447482176723,6.3892536757711165,7.780000686645508
6.0,uav_02,1,11.608394383813778,6.0982095847816025,7.780000686645508
6.1,uav_02,1,11.53874904307244,5.812441490698878,7.780000686645508
6.2,uav_02,1,11.475062207251936,5.526673396440992,7.780000686645508
6.3,uav_02,1,11.409106990413186,5.240905302183097,7.780000686645508
6.4,uav_02,1,11.332901732930969,4.9476005631583195,7.780000686645508
6.5,uav_02,1,11.26016768147824,4.6582838696820295,7.780000686645508
6.6,uav_02,1,11.19020761552565,4.362945139073247,7.780000686645508
6.7,uav_02,1,11.119932877277991,4.07178852189999,7.780000686645508
6.8,uav_02,1,11.049596142021699,3.7739965076312076,7.780000686645508
6.9,uav_02,1,10.979259406765406,3.4834932426606775,7.780000686645508
7.0,uav_02,1,10.900127330185168,3.194888225110355,7.789116535170949
7.1,uav_02,1,10.828937308800553,2.8851554758123967,7.790000915527344
7.2,uav_02,1,10.75860057354426,2.5955077015430907,7.790000915527344
7.3,uav_02,1,10.688608983076778,2.295420905387159,7.790000915527344
7.4,uav_02,1,10.627575730483942,1.9952716869808094,7.790000915527344
7.5,uav_02,1,10.55879056384529,1.6983874965781618,7.790000915527344
7.6,uav_02,1,10.500558351485209,1.4258093254310655,7.790000915527344
7.7,uav_02,1,10.428171849462988,1.142932989418089,7.790000915527344
7.8,uav_02,1,10.373819521142892,0.8723378765343655,7.790000915527344
7.9,uav_02,1,10.31015246064831,0.5995518782822065,7.790000915527344
8.0,uav_02,1,10.246212986176326,0.32670180615602346,7.790000915527344
8.1,uav_02,1,10.182273511704349,0.05385173431850837,7.790000915527344
8.2,uav_02,1,10.11833403723237,-0.2189983374664309,7.790000915527344
8.3,uav_02,1,10.061211560307973,-0.4918484095296136,7.790000915527344
8.4,uav_02,1,10.000103717111834,-0.7646984814301165,7.790000915527344
8.5,uav_02,1,9.936164242639855,-1.0308985725278235,7.790000915527344
8.6,uav_02,1,9.872354145688078,-1.2987612862055058,7.7954466433426495
8.7,uav_02,1,9.813406863384293,-1.5649614215586827,7.799999237060547
8.8,uav_02,1,9.7547748228115,-1.825849305759832,7.799999237060547
8.9,uav_02,1,9.691193107533838,-2.082638051334842,7.799999237060547
9.0,uav_02,1,9.630613768238144,-2.336539830187076,7.799999237060547
9.1,uav_02,1,9.576115154936106,-2.5918283524712775,7.799999237060547
9.2,uav_02,1,9.52161654231263,-2.831845205961298,7.799999237060547
9.3,uav_02,1,9.467117928849857,-3.0718620596923976,7.799999237060547
9.4,uav_02,1,9.412619316387113,-3.311028418729788,7.799999237060547
9.5,uav_02,1,9.35812070276361,-3.540408991497296,7.799999237060547
9.6,uav_02,1,9.303622090406064,-3.759554814292146,7.799999237060547
9.7,uav_02,1,9.255376397232135,-3.9799245428110424,7.799999237060547
9.8,uav_02,1,9.215297922228864,-4.20746315365981,7.799999237060547
9.9,uav_02,1,9.156274083914473,-4.413060112650658,7.809999465942383
10.0,uav_02,1,9.107326407745495,-4.616239167651,7.809999465942383
10.1,uav_02,1,9.067652783217838,-4.808775451967157,7.809999465942383
10.2,uav_02,1,9.027979157353789,-4.978802387426964,7.809999465942383
10.3,uav_02,1,8.989359478415262,-5.138335057963889,7.809999465942383
10.4,uav_02,1,8.958280534449106,-5.293305271577184,7.809999465942383
10.5,uav_02,1,8.921793915825456,-5.41865237016707,7.809999465942383
10.6,uav_02,1,8.900379796816999,-5.538732381010314,7.809999465942383
10.7,uav_02,1,8.875252975449214,-5.633865915463502,7.809999465942383
10.8,uav_02,1,8.864187202057925,-5.716680202627665,7.809999465942383
10.9,uav_02,1,8.83769344321749,-5.789598325652244,7.809999465942383
11.0,uav_02,1,8.828562303973818,-5.852542549518326,7.809999465942383
11.1,uav_02,1,8.819431166018147,-5.894660836926756,7.809999465942383
11.2,uav_02,1,8.810300026857632,-5.926805224825109,7.809999465942383
11.3,uav_02,1,8.80116888875488,-5.958277336758147,7.809999465942383
11.4,uav_02,1,8.799548758877707,-5.963861406251094,7.802214752500629
11.5,uav_02,1,8.80654227744038,-5.939756984621449,7.799999237060547
11.6,uav_02,1,8.815673416306735,-5.9082848726884105,7.799999237060547
11.7,uav_02,1,8.824778777640852,-5.8769016060461,7.799999237060547
11.8,uav_02,1,8.833856870593303,-5.8332910711694925,7.799999237060547
11.9,uav_02,1,8.84292560158003,-5.781196049421981,7.799999237060547
12.0,uav_02,1,8.856196765631093,-5.729101027671042,7.799999237060547
12.1,uav_02,1,8.870681752844574,-5.673050474008487,7.803722751035296
12.2,uav_02,1,8.88266225042657,-5.6142876253632155,7.809999465942383
12.3,uav_02,1,8.898417375847025,-5.567666705350431,7.809999465942383
12.4,uav_02,1,8.90748610725722,-5.536409692345013,7.809999465942383
12.5,uav_02,1,8.916554837634813,-5.506557250266918,7.809999465942383
12.6,uav_02,1,8.924980922612956,-5.4864575724327445,7.809999465942383
12.7,uav_02,1,8.924980922612956,-5.476187391755033,7.809999465942383
12.8,uav_02,1,8.924907364471155,-5.487280413926639,7.809999465942383
12.9,uav_02,1,8.915332295160688,-5.499347608319062,7.809999465942383
13.0,uav_02,1,8.914477603129189,-5.522415536271172,7.809999465942383
13.1,uav_02,1,8.90568366770842,-5.544052794730683,7.809999465942383
13.2,uav_02,1,8.904047841554759,-5.553707368950135,7.809999465942383
13.3,uav_02,1,8.894008646018953,-5.556035478335571,7.809999465942383
13.4,uav_02,1,8.886386411432731,-5.562015784159412,7.809999465942383
13.5,uav_02,1,8.883578884278013,-5.550481820110511,7.809999465942383
13.6,uav_02,1,8.873539688908718,-5.538947856226247,7.809999465942383
13.7,uav_02,1,8.867089155157043,-5.523806232303496,7.809999465942383
13.8,uav_02,1,8.867089155157043,-5.498965649182631,7.809999465942383
13.9,uav_02,1,8.867089155157043,-5.464851902956432,7.809999465942383
14.0,uav_02,1,8.863324725696573,-5.423119826738428,7.809999465942383
14.1,uav_02,1,8.847791898881352,-5.378442161059231,7.809999465942383
14.2,uav_02,1,8.847791898881352,-5.31632342126183,7.809999465942383
14.3,uav_02,1,8.847989325725948,-5.2537253071201535,7.809999465942383
14.4,uav_02,1,8.866151184619335,-5.191127192978479,7.809999465942383
14.5,uav_02,1,8.867089155157043,-5.118634873730466,7.809999465942383
14.6,uav_02,1,8.875133400072153,-5.036361760895576,7.809999465942383
14.7,uav_02,1,8.884214329936087,-4.952897608830223,7.809999465942383
14.8,uav_02,1,8.893481450110881,-4.851419261117115,7.809999465942383
14.9,uav_02,1,8.909800788045695,-4.743004363412776,7.809999465942383
15.0,uav_02,1,8.922044787081758,-4.626397492909407,7.809999465942383
15.1,uav_02,1,8.924980922612956,-4.506613066475141,7.809999465942383
15.2,uav_02,1,8.931352651099061,-4.379508204430235,7.809999465942383
15.3,uav_02,1,8.934629551436377,-4.241709600287122,7.809999465942383
15.4,uav_02,1,8.940660514676566,-4.093217253553492,7.809999465942383
15.5,uav_02,1,8.944278178888645,-3.9340311644402415,7.809999465942383
15.6,uav_02,1,8.944278178888645,-3.7706887649454193,7.815897018901304
15.7,uav_02,1,8.944278178888645,-3.6010046844522106,7.819999694824219
15.8,uav_02,1,8.944278178888645,-3.4266287718738386,7.819999694824219
15.9,uav_02,1,8.939072971731536,-3.2460798862219082,7.819999694824219
16.0,uav_02,1,8.934629551436377,-3.0547194266301685,7.819999694824219
16.1,uav_02,1,8.934629551436377,-2.8526147140457567,7.819999694824219
16.2,uav_02,1,8.934629551436377,-2.6507032309475695,7.819999694824219
16.3,uav_02,1,8.934629551436377,-2.444517007113413,7.819999694824219
16.4,uav_02,1,8.939012354138182,-2.2271938319185836,7.819999694824219
16.5,uav_02,1,8.944278178888645,-2.008898858928617,7.819999694824219
16.6,uav_02,1,8.944278178888645,-1.7859095040069517,7.819999694824219
16.7,uav_02,1,8.944278178888645,-1.556699782413248,7.819999694824219
16.8,uav_02,1,8.944278178888645,-1.323743028774321,7.8160972748283015
16.9,uav_02,1,8.94073489391695,-1.0854770437714778,7.809999465942383
17.0,uav_02,1,8.934629551436377,-0.8477705617607878,7.809999465942383
17.1,uav_02,1,8.928519239291147,-0.6100640798746103,7.809999465942383
17.2,uav_02,1,8.909710112166305,-0.36912795349663297,7.809999465942383
17.3,uav_02,1,8.89090098504146,-0.12356587130960336,7.809999465942383
17.4,uav_02,1,8.87441482042802,0.11414061054668179,7.809999465942383
17.5,uav_02,1,8.85877356407335,0.35184709269201303,7.812154119768208
17.6,uav_02,1,8.824824976214662,0.5895535748373683,7.819999694824219
17.7,uav_02,1,8.806015849315882,0.8272600569177796,7.819999694824219
17.8,uav_02,1,8.788538561710817,1.063777977621648,7.819999694824219
17.9,uav_02,1,8.779022297144628,1.2961990430432828,7.819999694824219
18.0,uav_02,1,8.769452508333416,1.5437897863343428,7.819999694824219
18.1,uav_02,1,8.759882718478005,1.753919528162036,7.819999694824219
18.2,uav_02,1,8.751305618874062,1.9738128654097686,7.819999694824219
18.3,uav_02,1,8.751305618874062,2.1937062029703274,7.819999694824219
18.4,uav_02,1,8.751305618874062,2.4105867396568734,7.819999694824219
18.5,uav_02,1,8.751305618874062,2.5960604498715028,7.819999694824219
18.6,uav_02,1,8.751305618874062,2.7822839795447125,7.819999694824219
18.7,uav_02,1,8.751305618874062,2.9576034196028944,7.819999694824219
18.8,uav_02,1,8.751305618874062,3.122217979395039,7.819999694824219
18.9,uav_02,1,8.751305618874062,3.2804834111992744,7.819999694824219
19.0,uav_02,1,8.751305618874062,3.414542394176821,7.819999694824219
19.1,uav_02,1,8.751305618874062,3.539013536460998,7.819999694824219
19.2,uav_02,1,8.751305618874062,3.6539631697424233,7.819999694824219
19.3,uav_02,1,8.758189652135034,3.7593912937401446,7.819999694824219
19.4,uav_02,1,8.76095424632633,3.848170755551168,7.819999694824219
19.5,uav_02,1,8.76095424632633,3.9369430546601043,7.819999694824219
19.6,uav_02,1,8.76095424632633,4.012983192077333,7.819999694824219
19.7,uav_02,1,8.765116121550443,4.065240352098357,7.819999694824219
19.8,uav_02,1,8.77060287514975,4.110453541799923,7.819999694824219
19.9,uav_02,1,8.773595715645682,4.149319804031404,7.819999694824219
20.0,uav_02,1,8.780251502602018,4.156966593723642,7.819999694824219
20.1,uav_02,1,8.780251502602018,4.153083047647395,7.819999694824219
20.2,uav_02,1,8.783963421783497,4.1373521518255325,7.819999694824219
20.3,uav_02,1,8.789900131425439,4.109773906362403,7.819999694824219
20.4,uav_02,1,8.79427538883599,4.070348311002153,7.819999694824219
20.5,uav_02,1,8.804255685666542,4.019075365936896,7.819999694824219
20.6,uav_02,1,8.814194341916567,3.967724056340569,7.819999694824219
20.7,uav_02,1,8.829425736538395,3.915959525346394,7.819999694824219
20.8,uav_02,1,8.855007861312702,3.8586280402410953,7.819999694824219
20.9,uav_02,1,8.884064598025578,3.809490546316043,7.819999694824219
21.0,uav_02,1,8.917390428211245,3.766618469699124,7.819999694824219
21.1,uav_02,1,8.964059982736426,3.729906343314137,7.819999694824219
21.2,uav_02,1,9.014877801911947,3.6930086524357537,7.819999694824219
21.3,uav_02,1,9.069027107957043,3.6552998028912382,7.819999694824219
21.4,uav_02,1,9.137134823202322,3.623539154869344,7.819999694824219
21.5,uav_02,1,9.217193586540917,3.591778506847446,7.819999694824219
21.6,uav_02,1,9.30386972261082,3.5631614553629727,7.819999694824219
21.7,uav_02,1,9.382193383762193,3.53934245518276,7.819999694824219
21.8,uav_02,1,9.476210555318659,3.509728680462482,7.819999694824219
21.9,uav_02,1,9.578111461338828,3.4887267402328925,7.819999694824219
22.0,uav_02,1,9.683202893992615,3.468686511162085,7.819999694824219
22.1,uav_02,1,9.793422925456762,3.4492048100391135,7.819999694824219
22.2,uav_02,1,9.903642958021022,3.4297231086001636,7.819999694824219
22.3,uav_02,1,10.020434125082938,3.4102414073993383,7.819999694824219
22.4,uav_02,1,10.144533591683317,3.396964845332307,7.819999694824219
22.5,uav_02,1,10.271710551343078,3.3872239947704763,7.819999694824219
22.6,uav_02,1,10.401948153959998,3.3809994962443155,7.819999694824219
22.7,uav_02,1,10.535713099486031,3.3831714545097857,7.819999694824219
22.8,uav_02,1,10.663515125637957,3.3929054655499704,7.819999694824219
22.9,uav_02,1,10.798049430788376,3.402565813385858,7.819999694824219
23.0,uav_02,1,10.941582947754407,3.4214332737872537,7.819999694824219
23.1,uav_02,1,11.076722085950635,3.442776081634655,7.819999694824219
23.2,uav_02,1,11.225552165203014,3.4750801063922956,7.819999694824219
23.3,uav_02,1,11.370237557839081,3.5201367342384318,7.819999694824219
23.4,uav_02,1,11.513273076442735,3.556593586537696,7.819999694824219
23.5,uav_02,1,11.646605256206684,3.6028929489968586,7.819999694824219
23.6,uav_02,1,11.77817814309982,3.63810706707692,7.819999694824219
23.7,uav_02,1,11.890563192563455,3.673321185156981,7.819999694824219
23.8,uav_02,1,12.001188948994768,3.708535303237043,7.819999694824219
23.9,uav_02,1,12.101029687406125,3.7437494213170996,7.819999694824219
24.0,uav_02,1,12.195163576063738,3.7754728298408966,7.819999694824219
24.1,uav_02,1,12.285083585258505,3.8018270964522713,7.819999694824219
24.2,uav_02,1,12.34731279654946,3.831930464351496,7.819999694824219
24.3,uav_02,1,12.396438284582924,3.8545064422160844,7.819999694824219
24.4,uav_02,1,12.438311421947365,3.8770824202286795,7.819999694824219
24.5,uav_02,1,12.463984069815412,3.899658398339084,7.819999694824219
24.6,uav_02,1,12.479655151039326,3.926805954316655,7.819999694824219
24.7,uav_02,1,12.485324665028564,3.9463469528836095,7.819999694824219
24.8,uav_02,1,12.47666055749178,3.9612781555679586,7.819999694824219
24.9,uav_02,1,12.4570848830467,3.979602685627098,7.819999694824219
25.0,uav_02,1,12.43805193111123,3.9845878608894885,7.819999694824219
25.1,uav_02,1,12.415977319147489,3.9906879300062026,7.819999694824219
25.2,uav_02,1,12.39224228125509,3.987100665026697,7.819999694824219
25.3,uav_02,1,12.371911140040224,3.979602685627098,7.819999694824219
25.4,uav_02,1,12.346783781914983,3.9736397733291793,7.819999694824219
25.5,uav_02,1,12.327844960932952,3.943971305536781,7.819999694824219
25.6,uav_02,1,12.300987557605193,3.9226244248016156,7.819999694824219
25.7,uav_02,1,12.274130153053198,3.881482702697265,7.819999694824219
25.8,uav_02,1,12.264460815226018,3.8403409805929116,7.819999694824219
25.9,uav_02,1,12.239712602718418,3.7901254457839713,7.819999694824219
26.0,uav_02,1,12.220056911346926,3.7386982931336386,7.819999694824219
26.1,uav_02,1,12.20152816596114,3.669814353229409,7.819999694824219
26.2,uav_02,1,12.182391337393419,3.592862743597362,7.819999694824219
26.3,uav_02,1,12.163093100977846,3.507521156109571,7.819999694824219
26.4,uav_02,1,12.150533088301994,3.4110931982853465,7.819999694824219
26.5,uav_02,1,12.127406544118053,3.3113209327122095,7.819999694824219
26.6,uav_02,1,12.105198393102281,3.2038060413946394,7.819999694824219
26.7,uav_02,1,12.079160463694826,3.085204779896891,7.819999694824219
26.8,uav_02,1,12.063693475880658,2.955517147787508,7.819999694824219
26.9,uav_02,1,12.047303683855564,2.822487460237963,7.819999694824219
27.0,uav_02,1,12.034802323692148,2.682544989493623,7.819999694824219
27.1,uav_02,1,12.031839147348908,2.537450005452979,7.819999694824219
27.2,uav_02,1,12.031839147348908,2.3746064348461893,7.819999694824219
27.3,uav_02,1,12.017541401825401,2.1964886197352027,7.819999694824219
27.4,uav_02,1,12.027260431025578,2.0152571284267893,7.819999694824219
27.5,uav_02,1,12.031839147348908,1.8340256374273327,7.819999694824219
27.6,uav_02,1,12.031839147348908,1.6349172185305694,7.819999694824219
27.7,uav_02,1,12.047820070587832,1.4493921665309857,7.819999694824219
27.8,uav_02,1,12.05933726187578,1.2304730279483402,7.819999694824219
27.9,uav_02,1,12.077607543173501,1.0232609354235394,7.819999694824219
28.0,uav_02,1,12.097325593878045,0.7995647885862222,7.819999694824219
28.1,uav_02,1,12.123778309594044,0.6077776206220055,7.819999694824219
28.2,uav_02,1,12.15002267997076,0.39362862300706325,7.819999694824219
28.3,uav_02,1,12.176068353384162,0.18858535753620242,7.819999694824219
28.4,uav_02,1,12.202114026387903,-0.01699389271251306,7.819999694824219
28.5,uav_02,1,12.2281596989109,-0.22645978875590925,7.819999694824219
28.6,uav_02,1,12.254205371433896,-0.43979225003555944,7.819999694824219
28.7,uav_02,1,12.277852311873932,-0.6592327126753019,7.819999694824219
28.8,uav_02,1,12.295216093967188,-0.877027965644263,7.819999694824219
28.9,uav_02,1,12.312579876060443,-1.088097457332928,7.819999694824219
29.0,uav_02,1,12.329943658153699,-1.3274870528110951,7.819999694824219
29.1,uav_02,1,12.339127027639325,-1.5480798072196422,7.819999694824219
29.2,uav_02,1,12.35623328155057,-1.791803953273039,7.819999694824219
29.3,uav_02,1,12.376051030854828,-2.0443592530512893,7.819999694824219
29.4,uav_02,1,12.379189756197851,-2.307572478840711,7.819999694824219
29.5,uav_02,1,12.38803010416799,-2.562432117135109,7.829162190063444
29.6,uav_02,1,12.398059274469562,-2.815925927134919,7.829999923706055
29.7,uav_02,1,12.408088443521553,-3.0694197371677037,7.829999923706055
29.8,uav_02,1,12.428099586518229,-3.311445324796893,7.829999923706055
29.9,uav_02,1,12.446730152477185,-3.552596509102654,7.829260022599167
30.0,uav_02,1,12.44782458068974,-3.7817880457505253,7.819999694824219
30.1,uav_02,1,12.457757418426825,-3.9986117013214986,7.819999694824219
30.2,uav_02,1,12.467091514895303,-4.20114288321885,7.819999694824219
30.3,uav_02,1,12.476125563769708,-4.387451284460269,7.819999694824219
30.4,uav_02,1,12.485159613864047,-4.563896985844302,7.819999694824219
30.5,uav_02,1,12.494193662698025,-4.730153154721568,7.819999694824219
30.6,uav_02,1,12.503227711508549,-4.886736249914497,7.819999694824219
30.7,uav_02,1,12.51226176140476,-5.024868909547418,7.819999694824219
30.8,uav_02,1,12.521295810500748,-5.167869252078598,7.819999694824219
30.9,uav_02,1,12.523919176208787,-5.298447094002317,7.819999694824219
31.0,uav_02,1,12.529715281493202,-5.409678788887558,7.819999694824219
31.1,uav_02,1,12.533567805032208,-5.5075173573275125,7.819999694824219
31.2,uav_02,1,12.538062820654094,-5.5950217187562,7.819999694824219
31.3,uav_02,1,12.543216432484478,-5.671894601196111,7.819999694824219
31.4,uav_02,1,12.543216432484478,-5.735897119208553,7.819999694824219
31.5,uav_02,1,12.547057775378061,-5.782032193855001,7.819999694824219
31.6,uav_02,1,12.562513688760164,-5.809899062714298,7.819999694824219
31.7,uav_02,1,12.562513688760164,-5.819753230898037,7.819999694824219
31.8,uav_02,1,12.562513688760164,-5.819753230898037,7.819999694824219
31.9,uav_02,1,12.562513688760164,-5.791584407243373,7.811529134693984
32.0,uav_02,1,12.562513688760164,-5.761255386693522,7.809999465942383
32.1,uav_02,1,12.562513688760164,-5.716049433386831,7.816709860868418
32.2,uav_02,1,12.562513688760164,-5.671963961461646,7.819999694824219
32.3,uav_02,1,12.567617963166864,-5.624153231761599,7.819999694824219
32.4,uav_02,1,12.58228164249424,-5.568983280659015,7.819999694824219
32.5,uav_02,1,12.607065979431564,-5.512738630087917,7.819999694824219
32.6,uav_02,1,12.63643928179928,-5.462634364199873,7.819999694824219
32.7,uav_02,1,12.671299664660506,-5.417638643897047,7.819999694824219
32.8,uav_02,1,12.72172317446376,-5.366175166964751,7.819999694824219
32.9,uav_02,1,12.780469778251305,-5.323193401062088,7.819999694824219
33.0,uav_02,1,12.839216382308207,-5.275856354447567,7.819999694824219
33.1,uav_02,1,12.910076929158777,-5.233529332107335,7.819999694824219
33.2,uav_02,1,12.994605178533488,-5.19978254181215,7.819999694824219
33.3,uav_02,1,13.082898804908817,-5.165969222873907,7.813406669828387
33.4,uav_02,1,13.177937062258078,-5.132079512577548,7.809999465942383
33.5,uav_02,1,13.289123428227294,-5.113709034152098,7.809999465942383
33.6,uav_02,1,13.406887733351152,-5.086707248759627,7.809999465942383
33.7,uav_02,1,13.524948970762603,-5.060878826893355,7.809999465942383
33.8,uav_02,1,13.650234193818868,-5.03827219926438,7.809999465942383
33.9,uav_02,1,13.785547662213242,-5.024183230383115,7.809999465942383
34.0,uav_02,1,13.938492978794315,-5.012879916367841,7.809999465942383
34.1,uav_02,1,14.088114550474907,-5.001576602670668,7.809999465942383
34.2,uav_02,1,14.22770787758035,-4.999445156689944,7.809999465942383
34.3,uav_02,1,14.375467527822362,-5.008380956762534,7.809999465942383
34.4,uav_02,1,14.521888961740277,-5.0188948697783715,7.809999465942383
34.5,uav_02,1,14.667466247893309,-5.037080690845142,7.809999465942383
34.6,uav_02,1,14.813043534382855,-5.065087864053585,7.809999465942383
34.7,uav_02,1,14.952990505803294,-5.096447758608369,7.809999465942383
34.8,uav_02,1,15.089469211159951,-5.133644337984764,7.809999465942383
34.9,uav_02,1,15.221417697472319,-5.170252792097048,7.81469476872529
35.0,uav_02,1,15.344817651557113,-5.201612686651833,7.819999694824219
35.1,uav_02,1,15.463099196746482,-5.240854274287522,7.819999694824219
35.2,uav_02,1,15.581380741130328,-5.286502964125787,7.819999694824219
35.3,uav_02,1,15.696023372607526,-5.318182818453912,7.819999694824219
35.4,uav_02,1,15.800681781789574,-5.350975912860468,7.819999694824219
35.5,uav_02,1,15.904909430058419,-5.384363092471099,7.819999694824219
35.6,uav_02,1,16.001581635602587,-5.414988336460667,7.819999694824219
35.7,uav_02,1,16.09087276481009,-5.439775076600883,7.819999694824219
35.8,uav_02,1,16.15868012178353,-5.470449975808476,7.819999694824219
35.9,uav_02,1,16.224088564791124,-5.495464191443032,7.819999694824219
36.0,uav_02,1,16.279772104831398,-5.526051459504305,7.819999694824219
36.1,uav_02,1,16.330681119500422,-5.548309579407283,7.819999694824219
36.2,uav_02,1,16.378748409691482,-5.570567699015908,7.819999694824219
36.3,uav_02,1,16.395504769000752,-5.592674834593688,7.819999694824219
36.4,uav_02,1,16.40490750657743,-5.611706955190056,7.819999694824219
36.5,uav_02,1,16.410431142365,-5.624550457961748,7.819999694824219
36.6,uav_02,1,16.40113724912961,-5.644147581827844,7.819999694824219
36.7,uav_02,1,16.390667698905947,-5.654825272808259,7.819999694824219
36.8,uav_02,1,16.371258990716633,-5.664559811559703,7.819999694824219
36.9,uav_02,1,16.343377312933267,-5.665095411052704,7.819999694824219
37.0,uav_02,1,16.31538418194721,-5.675517009513135,7.819999694824219
37.1,uav_02,1,16.27820861209797,-5.664839318201361,7.819999694824219
37.2,uav_02,1,16.25913425980077,-5.654161626889585,7.819999694824219
37.3,uav_02,1,16.223154726068266,-5.643483935932748,7.819999694824219
37.4,uav_02,1,16.193853074989203,-5.622865309415403,7.819999694824219
37.5,uav_02,1,16.16517581199593,-5.591241430684409,7.819999694824219
37.6,uav_02,1,16.14479095421103,-5.548679706528009,7.819999694824219
37.7,uav_02,1,16.1091400864143,-5.495209309180692,7.819999694824219
37.8,uav_02,1,16.087341715822117,-5.440612709974716,7.819999694824219
37.9,uav_02,1,16.060204248712903,-5.37648799473012,7.819999694824219
38.0,uav_02,1,16.03943160909714,-5.301380914684001,7.819999694824219
38.1,uav_02,1,16.028153909750408,-5.206328118815356,7.811847190674256
38.2,uav_02,1,16.00300407864445,-5.12525300689579,7.809999465942383
38.3,uav_02,1,15.982000906577124,-5.030553353969703,7.809999465942383
38.4,uav_02,1,15.9633582304044,-4.925685897762543,7.809999465942383
38.5,uav_02,1,15.945111824871542,-4.812989239441003,7.809999465942383
38.6,uav_02,1,15.920662094231362,-4.698242431723372,7.809999465942383
38.7,uav_02,1,15.899144670883587,-4.576922263965897,7.809999465942383
38.8,uav_02,1,15.886137882793307,-4.44582428439006,7.809999465942383
38.9,uav_02,1,15.872474773171328,-4.31021442058879,7.809999465942383
39.0,uav_02,1,15.8623444735107,-4.169992345638763,7.809999465942383
39.1,uav_02,1,15.8588989879662,-4.019992459077097,7.809999465942383
39.2,uav_02,1,15.852695844687279,-3.860214760697055,7.809999465942383
39.3,uav_02,1,15.852695844687279,-3.688008188121308,7.809999465942383
39.4,uav_02,1,15.85442873475784,-3.5043384250802645,7.809999465942383
39.5,uav_02,1,15.8623444735107,-3.3354090979921946,7.809999465942383
39.6,uav_02,1,15.863378927274061,-3.148598318019046,7.809999465942383
39.7,uav_02,1,15.881445664438896,-2.9617875380458742,7.809999465942383
39.8,uav_02,1,15.890577065060164,-2.7647110103682686,7.809999465942383
39.9,uav_02,1,15.907792988021951,-2.559542953997593,7.809999465942383
40.0,uav_02,1,15.918212024535933,-2.3610026165341735,7.809999465942383
40.1,uav_02,1,15.948272848998247,-2.15576069216415,7.802734896995867
40.2,uav_02,1,15.96522464551616,-1.9481931587225418,7.799999237060547
40.3,uav_02,1,15.98581528007202,-1.733986592696282,7.799999237060547
40.4,uav_02,1,16.012915385727368,-1.510108517816552,7.799999237060547
40.5,uav_02,1,16.040799194149383,-1.2807067879856475,7.799999237060547
40.6,uav_02,1,16.06995832527285,-1.034987480791124,7.799999237060547
40.7,uav_02,1,16.09450988979339,-0.7794905690157904,7.799999237060547
40.8,uav_02,1,16.114293257212996,-0.5294718074342213,7.799999237060547
40.9,uav_02,1,16.134076624632606,-0.2730082168322563,7.799999237060547
41.0,uav_02,1,16.15385999205221,-0.011624965969313089,7.799999237060547
41.1,uav_02,1,16.16754765048078,0.2427549661572463,7.799999237060547
41.2,uav_02,1,16.17743933438853,0.500056291700336,7.799999237060547
41.3,uav_02,1,16.18733101786585,0.7614395425335003,7.799999237060547
41.4,uav_02,1,16.190397826083956,1.0149817399234728,7.799999237060547
41.5,uav_02,1,16.19747054182179,1.265121455696732,7.799999237060547
41.6,uav_02,1,16.20737181111479,1.523798544303696,7.799999237060547
41.7,uav_02,1,16.21727409564589,1.7593394920863181,7.799999237060547
41.8,uav_02,1,16.21934370981191,1.9958717710085896,7.799999237060547
41.9,uav_02,1,16.227430037744657,2.225491488857269,7.799999237060547
42.0,uav_02,1,16.22899233863533,2.441938540658912,7.799999237060547
42.1,uav_02,1,16.237505573687535,2.6578446567440746,7.799999237060547
42.2,uav_02,1,16.238640966087598,2.853856916326631,7.799999237060547
42.3,uav_02,1,16.25668206446863,3.0576239346430545,7.799999237060547
42.4,uav_02,1,16.25793822236329,3.2304387538557324,7.799999237060547
42.5,uav_02,1,16.25793822236329,3.3838120873820934,7.799999237060547
42.6,uav_02,1,16.25793822236329,3.533032916320126,7.799999237060547
42.7,uav_02,1,16.25793822236329,3.6628009725343165,7.799999237060547
42.8,uav_02,1,16.25793822236329,3.781347918564278,7.799999237060547
42.9,uav_02,1,16.25793822236329,3.8896912721340002,7.799999237060547
43.0,uav_02,1,16.25793822236329,3.987831033000249,7.799999237060547
43.1,uav_02,1,16.25793822236329,4.067903603429551,7.799999237060547
43.2,uav_02,1,16.25793822236329,4.134991760557071,7.799999237060547
43.3,uav_02,1,16.25793822236329,4.1918763249136495,7.799999237060547
43.4,uav_02,1,16.246551402646794,4.232016176198537,7.799999237060547
43.5,uav_02,1,16.238640966087598,4.257382044587763,7.799999237060547
43.6,uav_02,1,16.238640966087598,4.267819035939384,7.799999237060547
43.7,uav_02,1,16.235300482288373,4.260143316510016,7.799999237060547
43.8,uav_02,1,16.22899233863533,4.234582167069438,7.799999237060547
43.9,uav_02,1,16.22751671803987,4.194526248496588,7.799999237060547
44.0,uav_02,1,16.21934370981191,4.154470330197108,7.799999237060547
44.1,uav_02,1,16.21934370981191,4.11441441156403,7.799999237060547
44.2,uav_02,1,16.227601845912243,4.055699317095066,7.799999237060547
44.3,uav_02,1,16.23630645441767,3.995695315706514,7.807579883349718
44.4,uav_02,1,16.25140433514571,3.9429433126369915,7.809999465942383
44.5,uav_02,1,16.26883672787543,3.8928734143900514,7.809999465942383
44.6,uav_02,1,16.291866521828556,3.8463375659100043,7.809999465942383
44.7,uav_02,1,16.32566570057007,3.802023840553332,7.809999465942383
44.8,uav_02,1,16.370291705581742,3.7507533216486277,7.809999465942383
44.9,uav_02,1,16.425030501321555,3.706253176061923,7.809999465942383
45.0,uav_02,1,16.4843147594622,3.6658012647019538,7.809999465942383
45.1,uav_02,1,16.555197839728624,3.627056644238981,7.809999465942383
45.2,uav_02,1,16.6402750099141,3.593001000320152,7.809999465942383
45.3,uav_02,1,16.729201397342443,3.5589453564013245,7.809999465942383
45.4,uav_02,1,16.824623440440998,3.524889712482492,7.803267104913729
45.5,uav_02,1,16.930158274267683,3.490834068563663,7.799999237060547
45.6,uav_02,1,17.039017959853947,3.464738610649248,7.799999237060547
45.7,uav_02,1,17.1625318777188,3.4419621922324737,7.80750218148516
45.8,uav_02,1,17.291437523827724,3.419177756260024,7.809999465942383
45.9,uav_02,1,17.420343169174366,3.405324274479044,7.809999465942383
46.0,uav_02,1,17.549248815359235,3.3939320562904522,7.809999465942383
46.1,uav_02,1,17.68646237109515,3.3920847402295933,7.809999465942383
46.2,uav_02,1,17.825283834635314,3.3920847402295933,7.809999465942383
46.3,uav_02,1,17.963082224188064,3.4021596325403762,7.809999465942383
46.4,uav_02,1,18.09277201410768,3.4239168772795594,7.809999465942383
46.5,uav_02,1,18.212381391761475,3.457381733581193,7.800364437232742
46.6,uav_02,1,18.32347764685158,3.4892911698161417,7.799999237060547
46.7,uav_02,1,18.42212045400007,3.51996657156076,7.799999237060547
46.8,uav_02,1,18.519699004599598,3.550541301807715,7.807647305719854
46.9,uav_02,1,18.597473602691537,3.5887002415136964,7.809999465942383
47.0,uav_02,1,18.674263287757906,3.622776006680728,7.809999465942383
47.1,uav_02,1,18.74905466745455,3.653350736927684,7.809999465942383
47.2,uav_02,1,18.815753120512877,3.683925467174638,7.809999465942383
47.3,uav_02,1,18.87435864747648,3.7145001974215894,7.809999465942383
47.4,uav_02,1,18.927583311513885,3.741959055756657,7.809999465942383
47.5,uav_02,1,18.980807974950945,3.7645644136153464,7.809999465942383
47.6,uav_02,1,19.0328836760169,3.793814007550558,7.809999465942383
47.7,uav_02,1,19.07651250738286,3.8146738586092632,7.809999465942383
47.8,uav_02,1,19.10317868112109,3.8453104477514177,7.809999465942383
47.9,uav_02,1,19.13836531080826,3.8661579426975057,7.809999465942383
48.0,uav_02,1,19.158399105976777,3.904414427975242,7.809999465942383
48.1,uav_02,1,19.169175906411517,3.9211342185812903,7.809999465942383
48.2,uav_02,1,19.171823885713504,3.938516365391937,7.809999465942383
48.3,uav_02,1,19.166343044151045,3.9652376607187043,7.809999465942383
48.4,uav_02,1,19.15273338105326,3.9850265404359164,7.809999465942383
48.5,uav_02,1,19.13502140313051,3.9997143237593216,7.809999465942383
48.6,uav_02,1,19.11421856591052,4.012858418370586,7.809999465942383
48.7,uav_02,1,19.089512866934136,4.015800731308852,7.809999465942383
48.8,uav_02,1,19.064576444044587,4.020852806072504,7.809999465942383
48.9,uav_02,1,19.0271564235571,4.012858418370586,7.809999465942383
49.0,uav_02,1,18.99669474128647,4.004354717359546,7.809999465942383
49.1,uav_02,1,18.97043914771096,3.9761908875789476,7.809999465942383
49.2,uav_02,1,18.945420004197473,3.9411936640002887,7.809999465942383
49.3,uav_02,1,18.92017494293588,3.9002030989847922,7.809999465942383
49.4,uav_02,1,18.899867154274475,3.8469662959198803,7.809999465942383
49.5,uav_02,1,18.87955936561307,3.7886375898394298,7.809999465942383
49.6,uav_02,1,18.859251576951664,3.7148392192882325,7.809999465942383
49.7,uav_02,1,18.846178561231564,3.6331555981870403,7.809999465942383
49.8,uav_02,1,18.820515251727027,3.5425420580353895,7.809999465942383
49.9,uav_02,1,18.79829768370406,3.439662930230792,7.809999465942383
50.0,uav_02,1,18.77797698302949,3.3446862785655536,7.809999465942383
50.1,uav_02,1,18.75765628235492,3.219291945487952,7.809999465942383
50.2,uav_02,1,18.737485603005595,3.1016277296284382,7.809999465942383
50.3,uav_02,1,18.726663509829194,2.950636942267642,7.809999465942383
50.4,uav_02,1,18.70752597301454,2.809355700411672,7.809999465942383
50.5,uav_02,1,18.697436330336846,2.6568169712573813,7.809999465942383
50.6,uav_02,1,18.687465509450437,2.4942273589507145,7.809999465942383
50.7,uav_02,1,18.67974385685362,2.336138816304923,7.809999465942383
50.8,uav_02,1,18.67974385685362,2.1840888198243804,7.810607807780835
50.9,uav_02,1,18.67974385685362,2.0226214595762335,7.819711748806697
51.0,uav_02,1,18.688249887311688,1.8513815774393172,7.819999694824219
51.1,uav_02,1,18.697033740881743,1.688601495094689,7.819999694824219
51.2,uav_02,1,18.705817593651176,1.511563227657451,7.819999694824219
51.3,uav_02,1,18.72051315252921,1.3231205280314566,7.819999694824219
51.4,uav_02,1,18.73303392744293,1.1313780377592118,7.819999694824219
51.5,uav_02,1,18.745999936138976,0.9396355476576673,7.819999694824219
51.6,uav_02,1,18.766885023005035,0.7478930576085252,7.819999694824219
51.7,uav_02,1,18.790975873477393,0.5482000706518996,7.819999694824219
51.8,uav_02,1,18.813473352103326,0.32685137436940015,7.819999694824219
51.9,uav_02,1,18.847299379533165,0.10153836148869393,7.819999694824219
52.0,uav_02,1,18.867431329855492,-0.12377465139203984,7.819999694824219
52.1,uav_02,1,18.895447484559003,-0.35040269196535434,7.819999694824219
52.2,uav_02,1,18.92429833347181,-0.585485921532589,7.819999694824219
52.3,uav_02,1,18.960078853853776,-0.8114018557809023,7.819999694824219
52.4,uav_02,1,18.96963244644686,-1.047690928083377,7.819999694824219
52.5,uav_02,1,18.98830988335823,-1.2944623233973098,7.819999694824219
52.6,uav_02,1,19.006987320269612,-1.5412337183339782,7.819999694824219
52.7,uav_02,1,19.016657149832437,-1.7656958602273458,7.819999694824219
52.8,uav_02,1,19.035146098281157,-2.0287528655331326,7.819999694824219
52.9,uav_02,1,19.045811374895994,-2.279976909455803,7.819999694824219
53.0,uav_02,1,19.055695502252707,-2.519115643433862,7.819999694824219
53.1,uav_02,1,19.075118910979,-2.7795068520337995,7.819999694824219
53.2,uav_02,1,19.075589910656415,-3.0293153304602836,7.819999694824219
53.3,uav_02,1,19.09499651427001,-3.267787307601759,7.819999694824219
53.4,uav_02,1,19.104880641629116,-3.505573220650777,7.819999694824219
53.5,uav_02,1,19.114764770189655,-3.7326893895919295,7.819999694824219
53.6,uav_02,1,19.124648897463892,-3.95735117321076,7.819999694824219
53.7,uav_02,1,19.134470821391357,-4.160469351153111,7.819999694824219
53.8,uav_02,1,19.143856377749845,-4.35343934198388,7.819999694824219
53.9,uav_02,1,19.152526629437816,-4.531785309914685,7.819999694824219
54.0,uav_02,1,19.152528072180907,-4.7001700829226545,7.819999694824219
54.1,uav_02,1,19.161688234424208,-4.868554855556793,7.819999694824219
54.2,uav_02,1,19.170848395434984,-5.017010608822208,7.819999694824219
54.3,uav_02,1,19.171823885713504,-5.154943970921263,7.819999694824219
54.4,uav_02,1,19.187216295111874,-5.28291448081407,7.819999694824219
54.5,uav_02,1,19.19112114198919,-5.392641216389684,7.819999694824219
54.6,uav_02,1,19.19112114198919,-5.497881699566427,7.819999694824219
54.7,uav_02,1,19.19112114198919,-5.588805122159098,7.819999694824219
54.8,uav_02,1,19.19112114198919,-5.668105566824787,7.819999694824219
54.9,uav_02,1,19.19112114198919,-5.739254028756941,7.819999694824219
55.0,uav_02,1,19.19112114198919,-5.7928204381254496,7.819999694824219
55.1,uav_02,1,19.19112114198919,-5.823348586925509,7.819999694824219
55.2,uav_02,1,19.19112114198919,-5.838395718403583,7.819999694824219
55.3,uav_02,1,19.19112114198919,-5.834149533540131,7.819999694824219
55.4,uav_02,1,19.19112114198919,-5.806865088243672,7.819999694824219
55.5,uav_02,1,19.19112114198919,-5.764750454443397,7.819999694824219
55.6,uav_02,1,19.19112114198919,-5.719541705669128,7.819999694824219
55.7,uav_02,1,19.19112114198919,-5.657049040847439,7.819999694824219
55.8,uav_02,1,19.176584944452898,-5.592287703206732,7.819999694824219
55.9,uav_02,1,19.171823885713504,-5.529890300611969,7.819999694824219
56.0,uav_02,1,19.16582569210773,-5.461127397478309,7.819999694824219
56.1,uav_02,1,19.156850153245653,-5.388943842905702,7.819999694824219
56.2,uav_02,1,19.14787461452591,-5.3060709500841545,7.819999694824219
56.3,uav_02,1,19.13492015029017,-5.2132635229335405,7.819999694824219
56.4,uav_02,1,19.116969072804,-5.120456095782922,7.819999694824219
56.5,uav_02,1,19.099017995317833,-5.024623923133638,7.819999694824219
56.6,uav_02,1,19.083026575634314,-4.919253121999072,7.819999694824219
56.7,uav_02,1,19.071477900991688,-4.805821822270436,7.819999694824219
56.8,uav_02,1,19.045163441500392,-4.690971001093642,7.819999694824219
56.9,uav_02,1,19.02719301173381,-4.556771309335654,7.819999694824219
57.0,uav_02,1,19.00935906896478,-4.4235908760616605,7.810808853175324
57.1,uav_02,1,18.983186822419384,-4.270553663895008,7.809999465942383
57.2,uav_02,1,18.96375985682004,-4.132948378573638,7.809999465942383
57.3,uav_02,1,18.945778056725725,-3.982836606776235,7.809999465942383
57.4,uav_02,1,18.927796256631414,-3.820734908985241,7.809999465942383
57.5,uav_02,1,18.909814456537106,-3.6490592858572692,7.809999465942383
57.6,uav_02,1,18.886917834715327,-3.4678097373043886,7.809999465942383
57.7,uav_02,1,18.859945135212698,-3.2916591034955354,7.809999465942383
57.8,uav_02,1,18.832972435710076,-3.1181151710889905,7.809999465942383
57.9,uav_02,1,18.802414192231318,-2.925289064356769,7.809999465942383
58.0,uav_02,1,18.761067958755305,-2.7196852960088744,7.809999465942383
58.1,uav_02,1,18.70893581296475,-2.513550614414783,7.809999465942383
58.2,uav_02,1,18.653505433432837,-2.2960026527624287,7.809999465942383
58.3,uav_02,1,18.60108776481139,-2.0749934082278205,7.809999465942383
58.4,uav_02,1,18.542339426956453,-1.8571174106445383,7.809999465942383
58.5,uav_02,1,18.483591088754537,-1.6321321677221594,7.809999465942383
58.6,uav_02,1,18.42095374556391,-1.4071469246410169,7.809999465942383
58.7,uav_02,1,18.356445784672456,-1.177529611068515,7.809999465942383
58.8,uav_02,1,18.29352291736094,-0.9460911941820445,7.809999465942383
58.9,uav_02,1,18.228605129851278,-0.7133497525452468,7.809999465942383
59.0,uav_02,1,18.162899939225834,-0.46890901574946864,7.809999465942383
59.1,uav_02,1,18.102587222494854,-0.21105842061001112,7.809999465942383
59.2,uav_02,1,18.03975241617046,0.037366358790209955,7.809999465942383
59.3,uav_02,1,17.96171433505698,0.28709571643783827,7.809999465942383
59.4,uav_02,1,17.89419664751911,0.5452822069711022,7.809999465942383
59.5,uav_02,1,17.825240992220376,0.8034686975043457,7.809999465942383
59.6,uav_02,1,17.74550430619433,1.0616551877015594,7.809999465942383
59.7,uav_02,1,17.67258474880138,1.3299508827295934,7.809999465942383
59.8,uav_02,1,17.58235037685169,1.5891134130893763,7.809999465942383
59.9,uav_02,1,17.495882317280408,1.8319508191855134,7.809999465942383
60.0,uav_02,1,17.412402068276602,2.0663972444710987,7.809999465942383
60.1,uav_02,1,17.329020966984967,2.3104079150518286,7.809999465942383
60.2,uav_02,1,17.245639865594207,2.545818438491147,7.809999465942383
60.3,uav_02,1,17.16225876420345,2.7889466182206344,7.809999465942383
60.4,uav_02,1,17.086292589760657,3.025239632785397,7.809999465942383
60.5,uav_02,1,17.005145190245358,3.267485321496285,7.809999465942383
60.6,uav_02,1,16.928410893260974,3.519933763703687,7.809999465942383
60.7,uav_02,1,16.854294359422838,3.768194513316464,7.809999465942383
60.8,uav_02,1,16.786056506614088,4.019760464870602,7.809999465942383
60.9,uav_02,1,16.71651835749879,4.272430006710089,7.809999465942383
61.0,uav_02,1,16.648964557468844,4.521767706052511,7.809999465942383
61.1,uav_02,1,16.59011918828245,4.7698567660836195,7.809999465942383
61.2,uav_02,1,16.532851310183585,5.017151632897436,7.809999465942383
61.3,uav_02,1,16.467477276894495,5.263817837296213,7.809999465942383
61.4,uav_02,1,16.397600403574558,5.51432217763123,7.809999465942383
61.5,uav_02,1,16.334618655599282,5.771081201737516,7.809999465942383
61.6,uav_02,1,16.270837111699784,6.019170261768594,7.809999465942383
61.7,uav_02,1,16.19915509122465,6.2674300018374405,7.809999465942383
61.8,uav_02,1,16.145170736547907,6.525856106158892,7.809999465942383
61.9,uav_02,1,16.08269166369819,6.7842822104803435,7.809999465942383
62.0,uav_02,1,16.002124882836746,7.039512133157929,7.809999465942383
62.1,uav_02,1,15.933384763114992,7.306651291881445,7.809999465942383
62.2,uav_02,1,15.867650381588486,7.576371975487005,7.809999465942383
62.3,uav_02,1,15.794661736985907,7.846092659311934,7.809999465942383
62.4,uav_02,1,15.726532991083227,8.115813343224096,7.8027482572595215
62.5,uav_02,1,15.660798609556721,8.38553402713628,7.799999237060547
62.6,uav_02,1,15.588583971229637,8.65525471078393,7.799999237060547
62.7,uav_02,1,15.519681219051453,8.932124101921957,7.799999237060547
62.8,uav_02,1,15.453946837524953,9.205781322858037,7.799999237060547
62.9,uav_02,1,15.388212455998449,9.475502006537305,7.799999237060547
63.0,uav_02,1,15.32120343322503,9.756921446516913,7.799999237060547
63.1,uav_02,1,15.252479636456687,10.043524854273844,7.799999237060547
63.2,uav_02,1,15.177147390127,10.334758475708254,7.799999237060547
63.3,uav_02,1,15.104627742792044,10.6216844148657,7.799999237060547
63.4,uav_02,1,15.035542468112203,10.912583381734342,7.799999237060547
63.5,uav_02,1,14.966258675602905,11.200524288435446,7.799999237060547
63.6,uav_02,1,14.896974883093609,11.484808881454738,7.799999237060547
63.7,uav_02,1,14.82769109058432,11.769093474473998,7.799999237060547
63.8,uav_02,1,14.758407298075031,12.044804579042092,7.799999237060547
63.9,uav_02,1,14.689123505565734,12.317717788211331,7.799999237060547
64.0,uav_02,1,14.629849342982089,12.581214081759487,7.799999237060547
64.1,uav_02,1,14.566871796118964,12.82894387542271,7.799999237060547
64.2,uav_02,1,14.502220223511099,13.072999371182465,7.799999237060547
64.3,uav_02,1,14.450432083794949,13.309665511002759,7.799999237060547
64.4,uav_02,1,14.392214334571074,13.536194677941683,7.799999237060547
64.5,uav_02,1,14.33877543845446,13.759027956538489,7.799999237060547
64.6,uav_02,1,14.287402094407526,13.981861235135286,7.799999237060547
64.7,uav_02,1,14.23198646086056,14.188216074802188,7.799999237060547
64.8,uav_02,1,14.180939098581586,14.374197350592295,7.799999237060547
64.9,uav_02,1,14.142670567739511,14.554586195206474,7.799999237060547
65.0,uav_02,1,14.11130642489891,14.731425925675305,7.799999237060547
65.1,uav_02,1,14.070758666324114,14.899110102496717,7.799999237060547
65.2,uav_02,1,14.029896117320265,15.056911074380459,7.799999237060547
65.3,uav_02,1,14.001835523965962,15.20125173800708,7.799999237060547
65.4,uav_02,1,13.973833500887434,15.327245415296282,7.799999237060547
65.5,uav_02,1,13.945955552716876,15.442401620218632,7.799999237060547
65.6,uav_02,1,13.919586719889336,15.545976409963457,7.799999237060547
