t_s,agent_id,valid,time_basis,east_m,north_m,up_m,ve_m_s,vn_m_s,vu_m_s
0.0,uav_01,0,host_receive_fallback,,,,,,
0.1,uav_01,0,host_receive_fallback,,,,,,
0.2,uav_01,0,host_receive_fallback,,,,,,
0.3,uav_01,0,host_receive_fallback,,,,,,
0.4,uav_01,0,host_receive_fallback,,,,,,
0.5,uav_01,0,host_receive_fallback,,,,,,
0.6,uav_01,0,host_receive_fallback,,,,,,
0.7,uav_01,0,host_receive_fallback,,,,,,
0.8,uav_01,0,host_receive_fallback,,,,,,
0.9,uav_01,0,host_receive_fallback,,,,,,
1.0,uav_01,0,host_receive_fallback,,,,,,
1.1,uav_01,0,host_receive_fallback,,,,,,
1.2,uav_01,0,host_receive_fallback,,,,,,
1.3,uav_01,0,host_receive_fallback,,,,,,
1.4,uav_01,0,host_receive_fallback,,,,,,
1.5,uav_01,0,host_receive_fallback,,,,,,
1.6,uav_01,0,host_receive_fallback,,,,,,
1.7,uav_01,0,host_receive_fallback,,,,,,
1.8,uav_01,0,host_receive_fallback,,,,,,
1.9,uav_01,0,host_receive_fallback,,,,,,
2.0,uav_01,0,host_receive_fallback,,,,,,
2.1,uav_01,0,host_receive_fallback,,,,,,
2.2,uav_01,0,host_receive_fallback,,,,,,
2.3,uav_01,0,host_receive_fallback,,,,,,
2.4,uav_01,0,host_receive_fallback,,,,,,
2.5,uav_01,0,host_receive_fallback,,,,,,
2.6,uav_01,0,host_receive_fallback,,,,,,
2.7,uav_01,0,host_receive_fallback,,,,,,
2.8,uav_01,0,host_receive_fallback,,,,,,
2.9,uav_01,0,host_receive_fallback,,,,,,
3.0,uav_01,0,host_receive_fallback,,,,,,
3.1,uav_01,0,host_receive_fallback,,,,,,
3.2,uav_01,0,host_receive_fallback,,,,,,
3.3,uav_01,0,host_receive_fallback,,,,,,
3.4,uav_01,0,host_receive_fallback,,,,,,
3.5,uav_01,0,host_receive_fallback,,,,,,
3.6,uav_01,0,host_receive_fallback,,,,,,
3.7,uav_01,0,host_receive_fallback,,,,,,
3.8,uav_01,0,host_receive_fallback,,,,,,
3.9,uav_01,0,host_receive_fallback,,,,,,
4.0,uav_01,1,host_receive_fallback,-0.008841948542535574,-0.009988841921336273,-12.0,0.0,0.0,0.0
4.1,uav_01,1,host_receive_fallback,-0.008841948542535574,-0.009988841921336273,-12.0,0.0,0.0,0.0
4.2,uav_01,1,host_receive_fallback,-0.008841948542535574,-0.009988841921336273,-12.0,0.0,0.0,0.0
4.3,uav_01,1,host_receive_fallback,-0.008841948542535574,-0.009988841921336273,-12.0,0.0,0.0,0.0
4.4,uav_01,1,host_receive_fallback,-0.008841948542535574,-0.009988841921336273,-12.0,0.0,0.0,0.0
4.5,uav_01,1,host_receive_fallback,-0.008841948542535574,-0.009988841921336273,-12.0,0.0,0.0,0.0
4.6,uav_01,1,host_receive_fallback,-0.008841948542535574,-0.009988841921336273,-12.0,0.0,0.0,0.0
4.7,uav_01,1,host_receive_fallback,-0.008841948542535574,-0.009988841921336273,-12.0,0.0,0.0,0.0
4.8,uav_01,1,host_receive_fallback,-0.008841948542535574,-0.009988841921336273,-12.0,0.0,0.0,0.0
4.9,uav_01,1,host_receive_fallback,-0.008841948542535574,-0.009988841921336273,-12.0,0.0,0.0,0.0
5.0,uav_01,1,host_receive_fallback,-0.008841948542535574,-0.009988841921336273,-12.0,0.0,0.0,0.0
5.1,uav_01,1,host_receive_fallback,-0.008841948542535574,-0.009988841921336273,-12.0,0.0,0.0,0.0
5.2,uav_01,1,host_receive_fallback,-0.008841948542535574,-0.009988841921336273,-12.0,0.0,0.0,0.0
5.3,uav_01,1,host_receive_fallback,-0.008841948542535574,-0.009988841921336273,-12.0,0.0,0.0,0.0
5.4,uav_01,1,host_receive_fallback,-0.008841948542535574,-0.009988841921336273,-12.0,0.0,0.0,0.0
5.5,uav_01,1,host_receive_fallback,-0.008841948542535574,-0.009988841921336273,-12.0,0.0,0.0,0.0
5.6,uav_01,1,host_receive_fallback,-0.008841948542535574,-0.009988841921336273,-12.0,0.0,0.0,0.0
5.7,uav_01,1,host_receive_fallback,-0.008841948542535574,-0.009988841921336273,-12.0,0.0,0.0,-0.004618835744183632
5.8,uav_01,1,host_receive_fallback,-0.008841948542535574,-0.009988841921336273,-12.0,0.0,0.0,-0.0260237394650127
5.9,uav_01,1,host_receive_fallback,-0.008841948542535574,-0.009988841921336273,-12.0,0.0,0.0,-0.07083050009629803
6.0,uav_01,1,host_receive_fallback,-0.008841948542535574,-0.009988841921336273,-12.0,0.0,0.0,-0.11199638937646442
6.1,uav_01,1,host_receive_fallback,-0.008841948542535574,-0.009988841921336273,-12.0,0.0,0.0,-0.14033593328441155
6.2,uav_01,1,host_receive_fallback,-0.008841948542535574,-0.009988841921336273,-12.0,0.0,0.0,-0.15461092093653636
6.3,uav_01,1,host_receive_fallback,-0.008841948542535574,-0.009988841921336273,-12.0,0.0,0.0,-0.16451969266602046
6.4,uav_01,1,host_receive_fallback,-0.008841948542535574,-0.009988841921336273,-12.0,0.0,0.0,-0.17175346879581713
6.5,uav_01,1,host_receive_fallback,-0.008841948542535574,-0.009988841921336273,-12.0,0.0,0.0,-0.17890415082783512
6.6,uav_01,1,host_receive_fallback,-0.008841948542535574,-0.009988841921336273,-12.0,0.0,0.0,-0.18
6.7,uav_01,1,host_receive_fallback,-0.008841948542535574,-0.009988841921336273,-12.0,0.0,0.0,-0.18
6.8,uav_01,1,host_receive_fallback,-0.008841948542535574,-0.009988841921336273,-12.0,0.0,0.0,-0.18
6.9,uav_01,1,host_receive_fallback,-0.008841948542535574,-0.009988841921336273,-12.0,0.0,0.0,-0.18
7.0,uav_01,1,host_receive_fallback,-0.008841948542535574,-0.009988841921336273,-12.0,0.0,0.0,-0.18
7.1,uav_01,1,host_receive_fallback,-0.008841948542535574,-0.009988841921336273,-12.0,0.0,0.0,-0.17774064890581504
7.2,uav_01,1,host_receive_fallback,-0.008841948542535574,-0.009988841921336273,-12.0,0.0,0.0,-0.17050743863340465
7.3,uav_01,1,host_receive_fallback,-0.008841948542535574,-0.009988841921336273,-12.0,0.0,0.0,-0.17
7.4,uav_01,1,host_receive_fallback,-0.008841948542535574,-0.009988841921336273,-12.0,0.0,0.0,-0.16594018608108657
7.5,uav_01,1,host_receive_fallback,-0.008841948542535574,-0.009988841921336273,-12.0,0.0,0.0,-0.16
7.6,uav_01,1,host_receive_fallback,-0.008841948542535574,-0.009988841921336273,-12.0,0.0,0.0,-0.16
7.7,uav_01,1,host_receive_fallback,-0.008841948542535574,-0.009988841921336273,-12.0,0.0,0.0,-0.15431683252160575
7.8,uav_01,1,host_receive_fallback,-0.008841948542535574,-0.009988841921336273,-12.0,0.0,0.0,-0.14711599497106104
7.9,uav_01,1,host_receive_fallback,-0.008841948542535574,-0.009988841921336273,-12.0,0.0,0.0,-0.13987881184990733
8.0,uav_01,1,host_receive_fallback,-0.008841948542535574,-0.009988841921336273,-12.0,0.0,0.0,-0.1326874903367173
8.1,uav_01,1,host_receive_fallback,-0.008841948542535574,-0.009988841921336273,-12.0,0.0,0.0,-0.1254633091222248
8.2,uav_01,1,host_receive_fallback,-0.008841948542535574,-0.009988841921336273,-12.0,0.0,0.0,-0.11822725705692216
8.3,uav_01,1,host_receive_fallback,-0.008841948542535574,-0.009988841921336273,-12.0,0.0,0.0,-0.11101494535234646
8.4,uav_01,1,host_receive_fallback,-0.008841948542535574,-0.009988841921336273,-12.0,0.0,0.0,-0.10387272190534282
8.5,uav_01,1,host_receive_fallback,-0.008841948542535574,-0.009988841921336273,-12.0,0.0,0.0,-0.09671657107636329
8.6,uav_01,1,host_receive_fallback,-0.008841948542535574,-0.009988841921336273,-12.0,0.0,0.0,-0.08906045978849192
8.7,uav_01,1,host_receive_fallback,-0.008841948542535574,-0.009988841921336273,-12.0,0.0,0.0,-0.07468802841140036
8.8,uav_01,1,host_receive_fallback,-0.008841948542535574,-0.009988841921336273,-12.0,0.0,0.0,-0.06512892673709424
8.9,uav_01,1,host_receive_fallback,-0.008841948542535574,-0.009988841921336273,-12.0,0.0,0.0,-0.055751476131703996
9.0,uav_01,1,host_receive_fallback,-0.008841948542535574,-0.009988841921336273,-12.0,0.0,0.0,-0.04112726355426363
9.1,uav_01,1,host_receive_fallback,-0.008841948542535574,-0.009988841921336273,-12.0,0.0,0.0,-0.033366930455921553
9.2,uav_01,1,host_receive_fallback,-0.008841948542535574,-0.009988841921336273,-12.0,0.0,0.0,-0.02613074105919641
9.3,uav_01,1,host_receive_fallback,-0.008841948542535574,-0.009988841921336273,-12.0,0.0,0.0,-0.01769997974083763
9.4,uav_01,1,host_receive_fallback,-0.008841948542535574,-0.009988841921336273,-12.0,0.0,0.0,-0.003124993623540781
9.5,uav_01,1,host_receive_fallback,-0.008841948542535574,-0.009988841921336273,-12.0,0.0,0.0,0.0
9.6,uav_01,1,host_receive_fallback,-0.008841948542535574,-0.009988841921336273,-12.0,0.0,0.0,0.0028770942894010866
9.7,uav_01,1,host_receive_fallback,-0.008841948542535574,-0.009988841921336273,-12.0,0.0,0.0,0.010131949224035543
9.8,uav_01,1,host_receive_fallback,-0.008841948542535574,-0.009988841921336273,-12.0,0.0,0.0,0.024652607765076304
9.9,uav_01,1,host_receive_fallback,-0.008841948542535574,-0.009988841921336273,-12.0,0.0,0.0,0.0345688565979541
10.0,uav_01,0,host_receive_fallback,,,,,,
