cohort,run_id,run_path,agent_id,message_type,availability,total,advancing,exact_duplicate,timestamp_conflict,rollback,invalid_source_timestamp,invalid_host_timestamp,host_equal,host_rollback,zero_unix_time,invalid_unix_time,unix_rollback,raw_sha256
v03,20260930T152031Z_08eff45d,F:\CASIA\Drone Swarm Situational Awareness Algorithm\Simulation\Multi-UAV SimpleGC\verification\v03_integration_20260930\runs\recon_shared_demo_3uav_20260930T152031Z_08eff45d,uav_01,GLOBAL_POSITION_INT,present,1836,1836,0,0,0,0,0,0,0,0,0,0,ab35bfed9918128c9cb778a0fb23a79a4445cc583fe32ed2963c6862376b079b
v03,20260930T152031Z_08eff45d,F:\CASIA\Drone Swarm Situational Awareness Algorithm\Simulation\Multi-UAV SimpleGC\verification\v03_integration_20260930\runs\recon_shared_demo_3uav_20260930T152031Z_08eff45d,uav_01,SYSTEM_TIME,present,1836,1836,0,0,0,0,0,0,0,1,0,0,ab35bfed9918128c9cb778a0fb23a79a4445cc583fe32ed2963c6862376b079b
v03,20260930T152031Z_08eff45d,F:\CASIA\Drone Swarm Situational Awareness Algorithm\Simulation\Multi-UAV SimpleGC\verification\v03_integration_20260930\runs\recon_shared_demo_3uav_20260930T152031Z_08eff45d,uav_02,GLOBAL_POSITION_INT,present,1835,1835,0,0,0,0,0,0,0,0,0,0,bf1e9a4cb5cf3fedb8cb8b750b34c0792e841afe3a379e2fabbbda348259aeea
v03,20260930T152031Z_08eff45d,F:\CASIA\Drone Swarm Situational Awareness Algorithm\Simulation\Multi-UAV SimpleGC\verification\v03_integration_20260930\runs\recon_shared_demo_3uav_20260930T152031Z_08eff45d,uav_02,SYSTEM_TIME,present,1835,1835,0,0,0,0,0,0,0,1,0,0,bf1e9a4cb5cf3fedb8cb8b750b34c0792e841afe3a379e2fabbbda348259aeea
v03,20260930T152031Z_08eff45d,F:\CASIA\Drone Swarm Situational Awareness Algorithm\Simulation\Multi-UAV SimpleGC\verification\v03_integration_20260930\runs\recon_shared_demo_3uav_20260930T152031Z_08eff45d,uav_03,GLOBAL_POSITION_INT,present,1837,1837,0,0,0,0,0,0,0,0,0,0,00eef8a94b93e4917888ff35f9c016abc10bfe659d58adb5a094d3ccd846c50f
v03,20260930T152031Z_08eff45d,F:\CASIA\Drone Swarm Situational Awareness Algorithm\Simulation\Multi-UAV SimpleGC\verification\v03_integration_20260930\runs\recon_shared_demo_3uav_20260930T152031Z_08eff45d,uav_03,SYSTEM_TIME,present,1837,1837,0,0,0,0,0,0,0,1,0,0,00eef8a94b93e4917888ff35f9c016abc10bfe659d58adb5a094d3ccd846c50f
v03,20260930T152358Z_56f3a95a,F:\CASIA\Drone Swarm Situational Awareness Algorithm\Simulation\Multi-UAV SimpleGC\verification\v03_integration_20260930\runs\recon_shared_demo_3uav_20260930T152358Z_56f3a95a,uav_01,GLOBAL_POSITION_INT,present,1835,1835,0,0,0,0,0,0,0,0,0,0,b5c1c226976f36f3196080908cd300c651e49687036646269655d86272c76a1b
v03,20260930T152358Z_56f3a95a,F:\CASIA\Drone Swarm Situational Awareness Algorithm\Simulation\Multi-UAV SimpleGC\verification\v03_integration_20260930\runs\recon_shared_demo_3uav_20260930T152358Z_56f3a95a,uav_01,SYSTEM_TIME,present,1835,1835,0,0,0,0,0,0,0,1,0,0,b5c1c226976f36f3196080908cd300c651e49687036646269655d86272c76a1b
v03,20260930T152358Z_56f3a95a,F:\CASIA\Drone Swarm Situational Awareness Algorithm\Simulation\Multi-UAV SimpleGC\verification\v03_integration_20260930\runs\recon_shared_demo_3uav_20260930T152358Z_56f3a95a,uav_02,GLOBAL_POSITION_INT,present,1835,1835,0,0,0,0,0,0,0,0,0,0,f77cc5d6951ccbbf8443efaba78f3552f8d87063911b043d8bd3c9472460b2bc
v03,20260930T152358Z_56f3a95a,F:\CASIA\Drone Swarm Situational Awareness Algorithm\Simulation\Multi-UAV SimpleGC\verification\v03_integration_20260930\runs\recon_shared_demo_3uav_20260930T152358Z_56f3a95a,uav_02,SYSTEM_TIME,present,1835,1835,0,0,0,0,0,0,0,1,0,0,f77cc5d6951ccbbf8443efaba78f3552f8d87063911b043d8bd3c9472460b2bc
v03,20260930T152358Z_56f3a95a,F:\CASIA\Drone Swarm Situational Awareness Algorithm\Simulation\Multi-UAV SimpleGC\verification\v03_integration_20260930\runs\recon_shared_demo_3uav_20260930T152358Z_56f3a95a,uav_03,GLOBAL_POSITION_INT,present,1837,1837,0,0,0,0,0,0,0,0,0,0,8edfa0e5ef5b4dce4aab9bd62adb413dd29de80c89f57501abcc989dc72764b9
v03,20260930T152358Z_56f3a95a,F:\CASIA\Drone Swarm Situational Awareness Algorithm\Simulation\Multi-UAV SimpleGC\verification\v03_integration_20260930\runs\recon_shared_demo_3uav_20260930T152358Z_56f3a95a,uav_03,SYSTEM_TIME,present,1837,1837,0,0,0,0,0,0,0,1,0,0,8edfa0e5ef5b4dce4aab9bd62adb413dd29de80c89f57501abcc989dc72764b9
v03,20260930T152726Z_85b2bcb7,F:\CASIA\Drone Swarm Situational Awareness Algorithm\Simulation\Multi-UAV SimpleGC\verification\v03_integration_20260930\runs\recon_smoke_2uav_north_20260930T152726Z_85b2bcb7,uav_01,GLOBAL_POSITION_INT,present,1145,1145,0,0,0,0,0,0,0,0,0,0,7f8d160034d38f0318588cd359f7dabc28992441aae7a764873d6c27af23ad09
v03,20260930T152726Z_85b2bcb7,F:\CASIA\Drone Swarm Situational Awareness Algorithm\Simulation\Multi-UAV SimpleGC\verification\v03_integration_20260930\runs\recon_smoke_2uav_north_20260930T152726Z_85b2bcb7,uav_01,SYSTEM_TIME,present,1145,1145,0,0,0,0,0,0,0,1,0,0,7f8d160034d38f0318588cd359f7dabc28992441aae7a764873d6c27af23ad09
v03,20260930T152726Z_85b2bcb7,F:\CASIA\Drone Swarm Situational Awareness Algorithm\Simulation\Multi-UAV SimpleGC\verification\v03_integration_20260930\runs\recon_smoke_2uav_north_20260930T152726Z_85b2bcb7,uav_02,GLOBAL_POSITION_INT,present,1146,1146,0,0,0,0,0,0,0,0,0,0,9bc2a388ffc49808e326287d184e8c5ca8b9e977b30aeada5793ba66ab43e8e6
v03,20260930T152726Z_85b2bcb7,F:\CASIA\Drone Swarm Situational Awareness Algorithm\Simulation\Multi-UAV SimpleGC\verification\v03_integration_20260930\runs\recon_smoke_2uav_north_20260930T152726Z_85b2bcb7,uav_02,SYSTEM_TIME,present,1146,1146,0,0,0,0,0,0,0,1,0,0,9bc2a388ffc49808e326287d184e8c5ca8b9e977b30aeada5793ba66ab43e8e6
v03,20260930T152929Z_faff6f17,F:\CASIA\Drone Swarm Situational Awareness Algorithm\Simulation\Multi-UAV SimpleGC\verification\v03_integration_20260930\runs\recon_smoke_6uav_20260930T152929Z_faff6f17,uav_01,GLOBAL_POSITION_INT,present,1158,1158,0,0,0,0,0,0,0,0,0,0,19029f33505e855f3948d5f81655e8f6e01e5d9712675528fc5ca72a579a1544
v03,20260930T152929Z_faff6f17,F:\CASIA\Drone Swarm Situational Awareness Algorithm\Simulation\Multi-UAV SimpleGC\verification\v03_integration_20260930\runs\recon_smoke_6uav_20260930T152929Z_faff6f17,uav_01,SYSTEM_TIME,present,1158,1158,0,0,0,0,0,0,0,1,0,0,19029f33505e855f3948d5f81655e8f6e01e5d9712675528fc5ca72a579a1544
v03,20260930T152929Z_faff6f17,F:\CASIA\Drone Swarm Situational Awareness Algorithm\Simulation\Multi-UAV SimpleGC\verification\v03_integration_20260930\runs\recon_smoke_6uav_20260930T152929Z_faff6f17,uav_02,GLOBAL_POSITION_INT,present,1157,1157,0,0,0,0,0,0,0,0,0,0,a27b437951e21c654cc1a015f0da48136d13210a9d49f03b21bc0f0cfcfadbb6
v03,20260930T152929Z_faff6f17,F:\CASIA\Drone Swarm Situational Awareness Algorithm\Simulation\Multi-UAV SimpleGC\verification\v03_integration_20260930\runs\recon_smoke_6uav_20260930T152929Z_faff6f17,uav_02,SYSTEM_TIME,present,1157,1157,0,0,0,0,0,0,0,1,0,0,a27b437951e21c654cc1a015f0da48136d13210a9d49f03b21bc0f0cfcfadbb6
v03,20260930T152929Z_faff6f17,F:\CASIA\Drone Swarm Situational Awareness Algorithm\Simulation\Multi-UAV SimpleGC\verification\v03_integration_20260930\runs\recon_smoke_6uav_20260930T152929Z_faff6f17,uav_03,GLOBAL_POSITION_INT,present,1157,1157,0,0,0,0,0,0,0,0,0,0,5b54d77f98e1d68822de366193bf9766e58e03278a3ee33bc2f0bb4bcd923771
v03,20260930T152929Z_faff6f17,F:\CASIA\Drone Swarm Situational Awareness Algorithm\Simulation\Multi-UAV SimpleGC\verification\v03_integration_20260930\runs\recon_smoke_6uav_20260930T152929Z_faff6f17,uav_03,SYSTEM_TIME,present,1157,1157,0,0,0,0,0,0,0,1,0,0,5b54d77f98e1d68822de366193bf9766e58e03278a3ee33bc2f0bb4bcd923771
v03,20260930T152929Z_faff6f17,F:\CASIA\Drone Swarm Situational Awareness Algorithm\Simulation\Multi-UAV SimpleGC\verification\v03_integration_20260930\runs\recon_smoke_6uav_20260930T152929Z_faff6f17,uav_04,GLOBAL_POSITION_INT,present,1159,1159,0,0,0,0,0,0,0,0,0,0,02ed6aeab4a0e5fe5f46723642e62defba01fe3c755327a472bfacfa7c4c194e
v03,20260930T152929Z_faff6f17,F:\CASIA\Drone Swarm Situational Awareness Algorithm\Simulation\Multi-UAV SimpleGC\verification\v03_integration_20260930\runs\recon_smoke_6uav_20260930T152929Z_faff6f17,uav_04,SYSTEM_TIME,present,1159,1159,0,0,0,0,0,0,0,1,0,0,02ed6aeab4a0e5fe5f46723642e62defba01fe3c755327a472bfacfa7c4c194e
v03,20260930T152929Z_faff6f17,F:\CASIA\Drone Swarm Situational Awareness Algorithm\Simulation\Multi-UAV SimpleGC\verification\v03_integration_20260930\runs\recon_smoke_6uav_20260930T152929Z_faff6f17,uav_05,GLOBAL_POSITION_INT,present,1159,1159,0,0,0,0,0,0,0,0,0,0,2e0e5ece3e97062c62542aef26742e8438e08badeb08dbfdb5037834bac9642b
v03,20260930T152929Z_faff6f17,F:\CASIA\Drone Swarm Situational Awareness Algorithm\Simulation\Multi-UAV SimpleGC\verification\v03_integration_20260930\runs\recon_smoke_6uav_20260930T152929Z_faff6f17,uav_05,SYSTEM_TIME,present,1159,1159,0,0,0,0,0,0,0,1,0,0,2e0e5ece3e97062c62542aef26742e8438e08badeb08dbfdb5037834bac9642b
v03,20260930T152929Z_faff6f17,F:\CASIA\Drone Swarm Situational Awareness Algorithm\Simulation\Multi-UAV SimpleGC\verification\v03_integration_20260930\runs\recon_smoke_6uav_20260930T152929Z_faff6f17,uav_06,GLOBAL_POSITION_INT,present,1160,1160,0,0,0,0,0,0,0,0,0,0,ebe4dfa8b8b84423d04e74acf05232aba9441f73ca54ceb86501c5707d7683a8
v03,20260930T152929Z_faff6f17,F:\CASIA\Drone Swarm Situational Awareness Algorithm\Simulation\Multi-UAV SimpleGC\verification\v03_integration_20260930\runs\recon_smoke_6uav_20260930T152929Z_faff6f17,uav_06,SYSTEM_TIME,present,1160,1160,0,0,0,0,0,0,0,1,0,0,ebe4dfa8b8b84423d04e74acf05232aba9441f73ca54ceb86501c5707d7683a8
v03,20260930T153556Z_bf2d3529,F:\CASIA\Drone Swarm Situational Awareness Algorithm\Simulation\Multi-UAV SimpleGC\verification\v03_integration_20260930\runs\recon_shared_demo_3uav_ready_timeout_20260930T153556Z_bf2d3529,uav_01,GLOBAL_POSITION_INT,present,61,61,0,0,0,0,0,0,0,0,0,0,0a72c4270d7f409604a35101bf935d1ee50e69c9a1fcee371998356cb108f4d1
v03,20260930T153556Z_bf2d3529,F:\CASIA\Drone Swarm Situational Awareness Algorithm\Simulation\Multi-UAV SimpleGC\verification\v03_integration_20260930\runs\recon_shared_demo_3uav_ready_timeout_20260930T153556Z_bf2d3529,uav_01,SYSTEM_TIME,present,61,61,0,0,0,0,0,0,0,1,0,0,0a72c4270d7f409604a35101bf935d1ee50e69c9a1fcee371998356cb108f4d1
v03,20260930T153556Z_bf2d3529,F:\CASIA\Drone Swarm Situational Awareness Algorithm\Simulation\Multi-UAV SimpleGC\verification\v03_integration_20260930\runs\recon_shared_demo_3uav_ready_timeout_20260930T153556Z_bf2d3529,uav_02,GLOBAL_POSITION_INT,present,61,61,0,0,0,0,0,0,0,0,0,0,95b325fa8c7465a21512d1ab196cc1b4567efae8cdf45255287f2ce2f6eba97c
v03,20260930T153556Z_bf2d3529,F:\CASIA\Drone Swarm Situational Awareness Algorithm\Simulation\Multi-UAV SimpleGC\verification\v03_integration_20260930\runs\recon_shared_demo_3uav_ready_timeout_20260930T153556Z_bf2d3529,uav_02,SYSTEM_TIME,present,61,61,0,0,0,0,0,0,0,1,0,0,95b325fa8c7465a21512d1ab196cc1b4567efae8cdf45255287f2ce2f6eba97c
v03,20260930T153556Z_bf2d3529,F:\CASIA\Drone Swarm Situational Awareness Algorithm\Simulation\Multi-UAV SimpleGC\verification\v03_integration_20260930\runs\recon_shared_demo_3uav_ready_timeout_20260930T153556Z_bf2d3529,uav_03,GLOBAL_POSITION_INT,present,62,62,0,0,0,0,0,0,0,0,0,0,99f600b599fc48893bd4ca92a4ecbde9b50614b453dbce9ca68d838a18b6cafd
v03,20260930T153556Z_bf2d3529,F:\CASIA\Drone Swarm Situational Awareness Algorithm\Simulation\Multi-UAV SimpleGC\verification\v03_integration_20260930\runs\recon_shared_demo_3uav_ready_timeout_20260930T153556Z_bf2d3529,uav_03,SYSTEM_TIME,present,62,62,0,0,0,0,0,0,0,1,0,0,99f600b599fc48893bd4ca92a4ecbde9b50614b453dbce9ca68d838a18b6cafd
v03,20260930T153623Z_af3f4fcd,F:\CASIA\Drone Swarm Situational Awareness Algorithm\Simulation\Multi-UAV SimpleGC\verification\v03_pilot_20260930\attempts\c3702ec934c44ac6b12e58d619134d58\recon_0000_v00_20260930T153623Z_af3f4fcd,uav_01,GLOBAL_POSITION_INT,present,1237,1237,0,0,0,0,0,0,0,0,0,0,e31f01953a6b4a8148f45ccf54adb05f8325c5dc726dca7b499a2aa0bd63ddaf
v03,20260930T153623Z_af3f4fcd,F:\CASIA\Drone Swarm Situational Awareness Algorithm\Simulation\Multi-UAV SimpleGC\verification\v03_pilot_20260930\attempts\c3702ec934c44ac6b12e58d619134d58\recon_0000_v00_20260930T153623Z_af3f4fcd,uav_01,SYSTEM_TIME,present,1237,1237,0,0,0,0,0,0,0,1,0,0,e31f01953a6b4a8148f45ccf54adb05f8325c5dc726dca7b499a2aa0bd63ddaf
v03,20260930T153623Z_af3f4fcd,F:\CASIA\Drone Swarm Situational Awareness Algorithm\Simulation\Multi-UAV SimpleGC\verification\v03_pilot_20260930\attempts\c3702ec934c44ac6b12e58d619134d58\recon_0000_v00_20260930T153623Z_af3f4fcd,uav_02,GLOBAL_POSITION_INT,present,1236,1236,0,0,0,0,0,0,0,0,0,0,ffbf699be1919180908a1633d5f07774e25421115a575307e7d32a64dd85fb74
v03,20260930T153623Z_af3f4fcd,F:\CASIA\Drone Swarm Situational Awareness Algorithm\Simulation\Multi-UAV SimpleGC\verification\v03_pilot_20260930\attempts\c3702ec934c44ac6b12e58d619134d58\recon_0000_v00_20260930T153623Z_af3f4fcd,uav_02,SYSTEM_TIME,present,1236,1236,0,0,0,0,0,0,0,1,0,0,ffbf699be1919180908a1633d5f07774e25421115a575307e7d32a64dd85fb74
v03,20260930T153623Z_af3f4fcd,F:\CASIA\Drone Swarm Situational Awareness Algorithm\Simulation\Multi-UAV SimpleGC\verification\v03_pilot_20260930\attempts\c3702ec934c44ac6b12e58d619134d58\recon_0000_v00_20260930T153623Z_af3f4fcd,uav_03,GLOBAL_POSITION_INT,present,1235,1235,0,0,0,0,0,0,0,0,0,0,cc77664c8f0781d2f917832a9cb31e6f3920afa35a3e7aad899a4f7ba9e2ef8e
v03,20260930T153623Z_af3f4fcd,F:\CASIA\Drone Swarm Situational Awareness Algorithm\Simulation\Multi-UAV SimpleGC\verification\v03_pilot_20260930\attempts\c3702ec934c44ac6b12e58d619134d58\recon_0000_v00_20260930T153623Z_af3f4fcd,uav_03,SYSTEM_TIME,present,1235,1235,0,0,0,0,0,0,0,1,0,0,cc77664c8f0781d2f917832a9cb31e6f3920afa35a3e7aad899a4f7ba9e2ef8e
v03,20260930T153623Z_af3f4fcd,F:\CASIA\Drone Swarm Situational Awareness Algorithm\Simulation\Multi-UAV SimpleGC\verification\v03_pilot_20260930\attempts\c3702ec934c44ac6b12e58d619134d58\recon_0000_v00_20260930T153623Z_af3f4fcd,uav_04,GLOBAL_POSITION_INT,present,1237,1237,0,0,0,0,0,0,0,0,0,0,72dd09a94a798262370efa7034803e3f115372085d0e09895473ce019a8105c5
v03,20260930T153623Z_af3f4fcd,F:\CASIA\Drone Swarm Situational Awareness Algorithm\Simulation\Multi-UAV SimpleGC\verification\v03_pilot_20260930\attempts\c3702ec934c44ac6b12e58d619134d58\recon_0000_v00_20260930T153623Z_af3f4fcd,uav_04,SYSTEM_TIME,present,1237,1237,0,0,0,0,0,0,0,1,0,0,72dd09a94a798262370efa7034803e3f115372085d0e09895473ce019a8105c5
v03,20260930T153623Z_af3f4fcd,F:\CASIA\Drone Swarm Situational Awareness Algorithm\Simulation\Multi-UAV SimpleGC\verification\v03_pilot_20260930\attempts\c3702ec934c44ac6b12e58d619134d58\recon_0000_v00_20260930T153623Z_af3f4fcd,uav_05,GLOBAL_POSITION_INT,present,1236,1236,0,0,0,0,0,0,0,0,0,0,f4b305bb1d00ed777d6e9cbb774cbff0e8de0ae1359afec8129c333f8b4b0e32
v03,20260930T153623Z_af3f4fcd,F:\CASIA\Drone Swarm Situational Awareness Algorithm\Simulation\Multi-UAV SimpleGC\verification\v03_pilot_20260930\attempts\c3702ec934c44ac6b12e58d619134d58\recon_0000_v00_20260930T153623Z_af3f4fcd,uav_05,SYSTEM_TIME,present,1236,1236,0,0,0,0,0,0,0,1,0,0,f4b305bb1d00ed777d6e9cbb774cbff0e8de0ae1359afec8129c333f8b4b0e32
v03,20260930T153623Z_af3f4fcd,F:\CASIA\Drone Swarm Situational Awareness Algorithm\Simulation\Multi-UAV SimpleGC\verification\v03_pilot_20260930\attempts\c3702ec934c44ac6b12e58d619134d58\recon_0000_v00_20260930T153623Z_af3f4fcd,uav_06,GLOBAL_POSITION_INT,present,1237,1237,0,0,0,0,0,0,0,0,0,0,29002155386715092dbbbd56e0ea0ec3f8eb6ddb51eabb5819b018fac9edd47b
v03,20260930T153623Z_af3f4fcd,F:\CASIA\Drone Swarm Situational Awareness Algorithm\Simulation\Multi-UAV SimpleGC\verification\v03_pilot_20260930\attempts\c3702ec934c44ac6b12e58d619134d58\recon_0000_v00_20260930T153623Z_af3f4fcd,uav_06,SYSTEM_TIME,present,1237,1237,0,0,0,0,0,0,0,1,0,0,29002155386715092dbbbd56e0ea0ec3f8eb6ddb51eabb5819b018fac9edd47b
v03,20260930T153848Z_46d1aaa3,F:\CASIA\Drone Swarm Situational Awareness Algorithm\Simulation\Multi-UAV SimpleGC\verification\v03_pilot_20260930\attempts\7955ca8003e7428a94fb1c811f8ce982\recon_0001_v00_20260930T153848Z_46d1aaa3,uav_01,GLOBAL_POSITION_INT,present,1386,1386,0,0,0,0,0,0,0,0,0,0,c4af2b532814771e98adc22827286ef1b1f4c09a38b845982b54830d63794a6c
v03,20260930T153848Z_46d1aaa3,F:\CASIA\Drone Swarm Situational Awareness Algorithm\Simulation\Multi-UAV SimpleGC\verification\v03_pilot_20260930\attempts\7955ca8003e7428a94fb1c811f8ce982\recon_0001_v00_20260930T153848Z_46d1aaa3,uav_01,SYSTEM_TIME,present,1386,1386,0,0,0,0,0,0,0,1,0,0,c4af2b532814771e98adc22827286ef1b1f4c09a38b845982b54830d63794a6c
v03,20260930T153848Z_46d1aaa3,F:\CASIA\Drone Swarm Situational Awareness Algorithm\Simulation\Multi-UAV SimpleGC\verification\v03_pilot_20260930\attempts\7955ca8003e7428a94fb1c811f8ce982\recon_0001_v00_20260930T153848Z_46d1aaa3,uav_02,GLOBAL_POSITION_INT,present,1386,1386,0,0,0,0,0,0,0,0,0,0,1c3d41e64c629011f071a946b3a5cc3f51145fb5d9770b683b5f234569cd47a4
v03,20260930T153848Z_46d1aaa3,F:\CASIA\Drone Swarm Situational Awareness Algorithm\Simulation\Multi-UAV SimpleGC\verification\v03_pilot_20260930\attempts\7955ca8003e7428a94fb1c811f8ce982\recon_0001_v00_20260930T153848Z_46d1aaa3,uav_02,SYSTEM_TIME,present,1386,1386,0,0,0,0,0,0,0,1,0,0,1c3d41e64c629011f071a946b3a5cc3f51145fb5d9770b683b5f234569cd47a4
v03,20260930T154116Z_ed102766,F:\CASIA\Drone Swarm Situational Awareness Algorithm\Simulation\Multi-UAV SimpleGC\verification\v03_pilot_20260930\attempts\8d19a79c53b74646b3a96d550144e123\recon_0002_v00_20260930T154116Z_ed102766,uav_01,GLOBAL_POSITION_INT,present,1317,1317,0,0,0,0,0,0,0,0,0,0,a8280a075414ecbd3345e5596d9dc43cb0ef2d8c1e32a3ba908df0bde841537e
v03,20260930T154116Z_ed102766,F:\CASIA\Drone Swarm Situational Awareness Algorithm\Simulation\Multi-UAV SimpleGC\verification\v03_pilot_20260930\attempts\8d19a79c53b74646b3a96d550144e123\recon_0002_v00_20260930T154116Z_ed102766,uav_01,SYSTEM_TIME,present,1317,1317,0,0,0,0,0,0,0,1,0,0,a8280a075414ecbd3345e5596d9dc43cb0ef2d8c1e32a3ba908df0bde841537e
v03,20260930T154116Z_ed102766,F:\CASIA\Drone Swarm Situational Awareness Algorithm\Simulation\Multi-UAV SimpleGC\verification\v03_pilot_20260930\attempts\8d19a79c53b74646b3a96d550144e123\recon_0002_v00_20260930T154116Z_ed102766,uav_02,GLOBAL_POSITION_INT,present,1316,1316,0,0,0,0,0,0,0,0,0,0,bfcdf58f34dbfe343032a652077f7d136dbca716e2cde49ec7449898bf1f6e5a
v03,20260930T154116Z_ed102766,F:\CASIA\Drone Swarm Situational Awareness Algorithm\Simulation\Multi-UAV SimpleGC\verification\v03_pilot_20260930\attempts\8d19a79c53b74646b3a96d550144e123\recon_0002_v00_20260930T154116Z_ed102766,uav_02,SYSTEM_TIME,present,1316,1316,0,0,0,0,0,0,0,1,0,0,bfcdf58f34dbfe343032a652077f7d136dbca716e2cde49ec7449898bf1f6e5a
v03,20260930T154116Z_ed102766,F:\CASIA\Drone Swarm Situational Awareness Algorithm\Simulation\Multi-UAV SimpleGC\verification\v03_pilot_20260930\attempts\8d19a79c53b74646b3a96d550144e123\recon_0002_v00_20260930T154116Z_ed102766,uav_03,GLOBAL_POSITION_INT,present,1317,1317,0,0,0,0,0,0,0,0,0,0,e770c7516f0693d472a281fd373a66b1f5a7f463cf0a7c4c0f49c996de3c7a45
v03,20260930T154116Z_ed102766,F:\CASIA\Drone Swarm Situational Awareness Algorithm\Simulation\Multi-UAV SimpleGC\verification\v03_pilot_20260930\attempts\8d19a79c53b74646b3a96d550144e123\recon_0002_v00_20260930T154116Z_ed102766,uav_03,SYSTEM_TIME,present,1317,1317,0,0,0,0,0,0,0,1,0,0,e770c7516f0693d472a281fd373a66b1f5a7f463cf0a7c4c0f49c996de3c7a45
v03,20260930T154116Z_ed102766,F:\CASIA\Drone Swarm Situational Awareness Algorithm\Simulation\Multi-UAV SimpleGC\verification\v03_pilot_20260930\attempts\8d19a79c53b74646b3a96d550144e123\recon_0002_v00_20260930T154116Z_ed102766,uav_04,GLOBAL_POSITION_INT,present,1318,1318,0,0,0,0,0,0,0,0,0,0,f719bf86b188444e680f6d9265ebc554504472fca6c96df46397a8660fc57193
v03,20260930T154116Z_ed102766,F:\CASIA\Drone Swarm Situational Awareness Algorithm\Simulation\Multi-UAV SimpleGC\verification\v03_pilot_20260930\attempts\8d19a79c53b74646b3a96d550144e123\recon_0002_v00_20260930T154116Z_ed102766,uav_04,SYSTEM_TIME,present,1318,1318,0,0,0,0,0,0,0,1,0,0,f719bf86b188444e680f6d9265ebc554504472fca6c96df46397a8660fc57193
v03,20260930T154116Z_ed102766,F:\CASIA\Drone Swarm Situational Awareness Algorithm\Simulation\Multi-UAV SimpleGC\verification\v03_pilot_20260930\attempts\8d19a79c53b74646b3a96d550144e123\recon_0002_v00_20260930T154116Z_ed102766,uav_05,GLOBAL_POSITION_INT,present,1316,1316,0,0,0,0,0,0,0,0,0,0,df04f42323720df96378d057f74bb67bf2181fa7447021d98d9c5e7351edf197
v03,20260930T154116Z_ed102766,F:\CASIA\Drone Swarm Situational Awareness Algorithm\Simulation\Multi-UAV SimpleGC\verification\v03_pilot_20260930\attempts\8d19a79c53b74646b3a96d550144e123\recon_0002_v00_20260930T154116Z_ed102766,uav_05,SYSTEM_TIME,present,1316,1316,0,0,0,0,0,0,0,1,0,0,df04f42323720df96378d057f74bb67bf2181fa7447021d98d9c5e7351edf197
v03,20260930T154116Z_ed102766,F:\CASIA\Drone Swarm Situational Awareness Algorithm\Simulation\Multi-UAV SimpleGC\verification\v03_pilot_20260930\attempts\8d19a79c53b74646b3a96d550144e123\recon_0002_v00_20260930T154116Z_ed102766,uav_06,GLOBAL_POSITION_INT,present,1316,1316,0,0,0,0,0,0,0,0,0,0,9eb03f1d8d0fec0ee2438b9f6c5a5b5861e6cf7023c6640417e67afadcc1ab11
v03,20260930T154116Z_ed102766,F:\CASIA\Drone Swarm Situational Awareness Algorithm\Simulation\Multi-UAV SimpleGC\verification\v03_pilot_20260930\attempts\8d19a79c53b74646b3a96d550144e123\recon_0002_v00_20260930T154116Z_ed102766,uav_06,SYSTEM_TIME,present,1316,1316,0,0,0,0,0,0,0,1,0,0,9eb03f1d8d0fec0ee2438b9f6c5a5b5861e6cf7023c6640417e67afadcc1ab11
v03,20260930T155237Z_12275488,F:\CASIA\Drone Swarm Situational Awareness Algorithm\Simulation\Multi-UAV SimpleGC\verification\v03_pilot_remaining_20260930\attempts\3e1a733be4994cd6a378a790557fd4d2\recon_0003_v00_20260930T155237Z_12275488,uav_01,GLOBAL_POSITION_INT,present,1215,1215,0,0,0,0,0,0,0,0,0,0,6238701dbfd20dc1a1a6710e225c0566dae8bff749745b26d0cafa7c3e8aadde
v03,20260930T155237Z_12275488,F:\CASIA\Drone Swarm Situational Awareness Algorithm\Simulation\Multi-UAV SimpleGC\verification\v03_pilot_remaining_20260930\attempts\3e1a733be4994cd6a378a790557fd4d2\recon_0003_v00_20260930T155237Z_12275488,uav_01,SYSTEM_TIME,present,1215,1215,0,0,0,0,0,0,0,1,0,0,6238701dbfd20dc1a1a6710e225c0566dae8bff749745b26d0cafa7c3e8aadde
v03,20260930T155237Z_12275488,F:\CASIA\Drone Swarm Situational Awareness Algorithm\Simulation\Multi-UAV SimpleGC\verification\v03_pilot_remaining_20260930\attempts\3e1a733be4994cd6a378a790557fd4d2\recon_0003_v00_20260930T155237Z_12275488,uav_02,GLOBAL_POSITION_INT,present,1215,1215,0,0,0,0,0,0,0,0,0,0,787e7ed3ca6fbad7853b901307961f296e3e98480aca7479c30b850b96560b87
v03,20260930T155237Z_12275488,F:\CASIA\Drone Swarm Situational Awareness Algorithm\Simulation\Multi-UAV SimpleGC\verification\v03_pilot_remaining_20260930\attempts\3e1a733be4994cd6a378a790557fd4d2\recon_0003_v00_20260930T155237Z_12275488,uav_02,SYSTEM_TIME,present,1215,1215,0,0,0,0,0,0,0,1,0,0,787e7ed3ca6fbad7853b901307961f296e3e98480aca7479c30b850b96560b87
v03,20260930T155237Z_12275488,F:\CASIA\Drone Swarm Situational Awareness Algorithm\Simulation\Multi-UAV SimpleGC\verification\v03_pilot_remaining_20260930\attempts\3e1a733be4994cd6a378a790557fd4d2\recon_0003_v00_20260930T155237Z_12275488,uav_03,GLOBAL_POSITION_INT,present,1216,1216,0,0,0,0,0,0,0,0,0,0,1e7d26f0189bbf5432e2f76b2fe901f9688762dc9758709f5a31591461687817
v03,20260930T155237Z_12275488,F:\CASIA\Drone Swarm Situational Awareness Algorithm\Simulation\Multi-UAV SimpleGC\verification\v03_pilot_remaining_20260930\attempts\3e1a733be4994cd6a378a790557fd4d2\recon_0003_v00_20260930T155237Z_12275488,uav_03,SYSTEM_TIME,present,1216,1216,0,0,0,0,0,0,0,1,0,0,1e7d26f0189bbf5432e2f76b2fe901f9688762dc9758709f5a31591461687817
v03,20260930T155237Z_12275488,F:\CASIA\Drone Swarm Situational Awareness Algorithm\Simulation\Multi-UAV SimpleGC\verification\v03_pilot_remaining_20260930\attempts\3e1a733be4994cd6a378a790557fd4d2\recon_0003_v00_20260930T155237Z_12275488,uav_04,GLOBAL_POSITION_INT,present,1215,1215,0,0,0,0,0,0,0,0,0,0,2b428a6c9d683f23c2981c0669909008b782d2f09052a52bdc7ca7dd880b8790
v03,20260930T155237Z_12275488,F:\CASIA\Drone Swarm Situational Awareness Algorithm\Simulation\Multi-UAV SimpleGC\verification\v03_pilot_remaining_20260930\attempts\3e1a733be4994cd6a378a790557fd4d2\recon_0003_v00_20260930T155237Z_12275488,uav_04,SYSTEM_TIME,present,1215,1215,0,0,0,0,0,0,0,1,0,0,2b428a6c9d683f23c2981c0669909008b782d2f09052a52bdc7ca7dd880b8790
v03,20260930T155237Z_12275488,F:\CASIA\Drone Swarm Situational Awareness Algorithm\Simulation\Multi-UAV SimpleGC\verification\v03_pilot_remaining_20260930\attempts\3e1a733be4994cd6a378a790557fd4d2\recon_0003_v00_20260930T155237Z_12275488,uav_05,GLOBAL_POSITION_INT,present,1213,1213,0,0,0,0,0,0,0,0,0,0,25eb8fdbd4185eab143bf9fb9a8c024062580404a4379442a5a0825176509854
v03,20260930T155237Z_12275488,F:\CASIA\Drone Swarm Situational Awareness Algorithm\Simulation\Multi-UAV SimpleGC\verification\v03_pilot_remaining_20260930\attempts\3e1a733be4994cd6a378a790557fd4d2\recon_0003_v00_20260930T155237Z_12275488,uav_05,SYSTEM_TIME,present,1213,1213,0,0,0,0,0,0,0,1,0,0,25eb8fdbd4185eab143bf9fb9a8c024062580404a4379442a5a0825176509854
v03,20260930T155237Z_12275488,F:\CASIA\Drone Swarm Situational Awareness Algorithm\Simulation\Multi-UAV SimpleGC\verification\v03_pilot_remaining_20260930\attempts\3e1a733be4994cd6a378a790557fd4d2\recon_0003_v00_20260930T155237Z_12275488,uav_06,GLOBAL_POSITION_INT,present,1217,1217,0,0,0,0,0,0,0,0,0,0,f0123a6e04ace2b1a2baa455f61619a2d10768985a06917f677f3f257db0e4e2
v03,20260930T155237Z_12275488,F:\CASIA\Drone Swarm Situational Awareness Algorithm\Simulation\Multi-UAV SimpleGC\verification\v03_pilot_remaining_20260930\attempts\3e1a733be4994cd6a378a790557fd4d2\recon_0003_v00_20260930T155237Z_12275488,uav_06,SYSTEM_TIME,present,1217,1217,0,0,0,0,0,0,0,1,0,0,f0123a6e04ace2b1a2baa455f61619a2d10768985a06917f677f3f257db0e4e2
v03,20260930T155457Z_200822e7,F:\CASIA\Drone Swarm Situational Awareness Algorithm\Simulation\Multi-UAV SimpleGC\verification\v03_pilot_remaining_20260930\attempts\24de244719f8450785c3a3a992ab326d\recon_0004_v00_20260930T155457Z_200822e7,uav_01,GLOBAL_POSITION_INT,present,1365,1365,0,0,0,0,0,0,0,0,0,0,4c077dfb6b819a179c6e3299b6b9abdd80f469f52e816c41c64d525d9c151e0b
v03,20260930T155457Z_200822e7,F:\CASIA\Drone Swarm Situational Awareness Algorithm\Simulation\Multi-UAV SimpleGC\verification\v03_pilot_remaining_20260930\attempts\24de244719f8450785c3a3a992ab326d\recon_0004_v00_20260930T155457Z_200822e7,uav_01,SYSTEM_TIME,present,1365,1365,0,0,0,0,0,0,0,1,0,0,4c077dfb6b819a179c6e3299b6b9abdd80f469f52e816c41c64d525d9c151e0b
v03,20260930T155457Z_200822e7,F:\CASIA\Drone Swarm Situational Awareness Algorithm\Simulation\Multi-UAV SimpleGC\verification\v03_pilot_remaining_20260930\attempts\24de244719f8450785c3a3a992ab326d\recon_0004_v00_20260930T155457Z_200822e7,uav_02,GLOBAL_POSITION_INT,present,1365,1365,0,0,0,0,0,0,0,0,0,0,1281b59f829730c9cc64a2a83507ef76517f0e55de38da404647c56980b0ba51
v03,20260930T155457Z_200822e7,F:\CASIA\Drone Swarm Situational Awareness Algorithm\Simulation\Multi-UAV SimpleGC\verification\v03_pilot_remaining_20260930\attempts\24de244719f8450785c3a3a992ab326d\recon_0004_v00_20260930T155457Z_200822e7,uav_02,SYSTEM_TIME,present,1365,1365,0,0,0,0,0,0,0,1,0,0,1281b59f829730c9cc64a2a83507ef76517f0e55de38da404647c56980b0ba51
v03,20260930T155457Z_200822e7,F:\CASIA\Drone Swarm Situational Awareness Algorithm\Simulation\Multi-UAV SimpleGC\verification\v03_pilot_remaining_20260930\attempts\24de244719f8450785c3a3a992ab326d\recon_0004_v00_20260930T155457Z_200822e7,uav_03,GLOBAL_POSITION_INT,present,1369,1369,0,0,0,0,0,0,0,0,0,0,d5eb83ab7d92620fb3d9929d638afcaebfba73ca20ec32a39c2c0527e8a39050
v03,20260930T155457Z_200822e7,F:\CASIA\Drone Swarm Situational Awareness Algorithm\Simulation\Multi-UAV SimpleGC\verification\v03_pilot_remaining_20260930\attempts\24de244719f8450785c3a3a992ab326d\recon_0004_v00_20260930T155457Z_200822e7,uav_03,SYSTEM_TIME,present,1369,1369,0,0,0,0,0,0,0,1,0,0,d5eb83ab7d92620fb3d9929d638afcaebfba73ca20ec32a39c2c0527e8a39050
v03,20260930T155726Z_bd656d6a,F:\CASIA\Drone Swarm Situational Awareness Algorithm\Simulation\Multi-UAV SimpleGC\verification\v03_pilot_remaining_20260930\attempts\aa6d8b9ca4384508b4fa2fd382caddc4\recon_0005_v00_20260930T155726Z_bd656d6a,uav_01,GLOBAL_POSITION_INT,present,1345,1345,0,0,0,0,0,0,0,0,0,0,fa4bc7a27bf6cd4f21c8730c855502e8490b1991f9cf44606dab0d30a641dc4b
v03,20260930T155726Z_bd656d6a,F:\CASIA\Drone Swarm Situational Awareness Algorithm\Simulation\Multi-UAV SimpleGC\verification\v03_pilot_remaining_20260930\attempts\aa6d8b9ca4384508b4fa2fd382caddc4\recon_0005_v00_20260930T155726Z_bd656d6a,uav_01,SYSTEM_TIME,present,1345,1345,0,0,0,0,0,0,0,1,0,0,fa4bc7a27bf6cd4f21c8730c855502e8490b1991f9cf44606dab0d30a641dc4b
v03,20260930T155726Z_bd656d6a,F:\CASIA\Drone Swarm Situational Awareness Algorithm\Simulation\Multi-UAV SimpleGC\verification\v03_pilot_remaining_20260930\attempts\aa6d8b9ca4384508b4fa2fd382caddc4\recon_0005_v00_20260930T155726Z_bd656d6a,uav_02,GLOBAL_POSITION_INT,present,1346,1346,0,0,0,0,0,0,0,0,0,0,54fd30945af7a9beeb87bcd69eac8767b9b7683172d5b514222b699e5378f47b
v03,20260930T155726Z_bd656d6a,F:\CASIA\Drone Swarm Situational Awareness Algorithm\Simulation\Multi-UAV SimpleGC\verification\v03_pilot_remaining_20260930\attempts\aa6d8b9ca4384508b4fa2fd382caddc4\recon_0005_v00_20260930T155726Z_bd656d6a,uav_02,SYSTEM_TIME,present,1346,1346,0,0,0,0,0,0,0,1,0,0,54fd30945af7a9beeb87bcd69eac8767b9b7683172d5b514222b699e5378f47b
v03,20260930T155726Z_bd656d6a,F:\CASIA\Drone Swarm Situational Awareness Algorithm\Simulation\Multi-UAV SimpleGC\verification\v03_pilot_remaining_20260930\attempts\aa6d8b9ca4384508b4fa2fd382caddc4\recon_0005_v00_20260930T155726Z_bd656d6a,uav_03,GLOBAL_POSITION_INT,present,1346,1346,0,0,0,0,0,0,0,0,0,0,39a972f75c1479ca6a2cdafd6fc1230960c45f23121ab8dbd350d1f7e167bf22
v03,20260930T155726Z_bd656d6a,F:\CASIA\Drone Swarm Situational Awareness Algorithm\Simulation\Multi-UAV SimpleGC\verification\v03_pilot_remaining_20260930\attempts\aa6d8b9ca4384508b4fa2fd382caddc4\recon_0005_v00_20260930T155726Z_bd656d6a,uav_03,SYSTEM_TIME,present,1346,1346,0,0,0,0,0,0,0,1,0,0,39a972f75c1479ca6a2cdafd6fc1230960c45f23121ab8dbd350d1f7e167bf22
v03,20260930T155726Z_bd656d6a,F:\CASIA\Drone Swarm Situational Awareness Algorithm\Simulation\Multi-UAV SimpleGC\verification\v03_pilot_remaining_20260930\attempts\aa6d8b9ca4384508b4fa2fd382caddc4\recon_0005_v00_20260930T155726Z_bd656d6a,uav_04,GLOBAL_POSITION_INT,present,1347,1347,0,0,0,0,0,0,0,0,0,0,3f1facbb6ef05ee5d3abe4b5d0637f3bf351573149af93be10b700c46098d1e8
v03,20260930T155726Z_bd656d6a,F:\CASIA\Drone Swarm Situational Awareness Algorithm\Simulation\Multi-UAV SimpleGC\verification\v03_pilot_remaining_20260930\attempts\aa6d8b9ca4384508b4fa2fd382caddc4\recon_0005_v00_20260930T155726Z_bd656d6a,uav_04,SYSTEM_TIME,present,1347,1347,0,0,0,0,0,0,0,1,0,0,3f1facbb6ef05ee5d3abe4b5d0637f3bf351573149af93be10b700c46098d1e8
v03,20260930T155726Z_bd656d6a,F:\CASIA\Drone Swarm Situational Awareness Algorithm\Simulation\Multi-UAV SimpleGC\verification\v03_pilot_remaining_20260930\attempts\aa6d8b9ca4384508b4fa2fd382caddc4\recon_0005_v00_20260930T155726Z_bd656d6a,uav_05,GLOBAL_POSITION_INT,present,1346,1346,0,0,0,0,0,0,0,0,0,0,8e6f31124ff08079c6ccae907d32be92be04ecc6dde674c6770dd5a2e0d6d2ed
v03,20260930T155726Z_bd656d6a,F:\CASIA\Drone Swarm Situational Awareness Algorithm\Simulation\Multi-UAV SimpleGC\verification\v03_pilot_remaining_20260930\attempts\aa6d8b9ca4384508b4fa2fd382caddc4\recon_0005_v00_20260930T155726Z_bd656d6a,uav_05,SYSTEM_TIME,present,1346,1346,0,0,0,0,0,0,0,1,0,0,8e6f31124ff08079c6ccae907d32be92be04ecc6dde674c6770dd5a2e0d6d2ed
v03,20260930T155726Z_bd656d6a,F:\CASIA\Drone Swarm Situational Awareness Algorithm\Simulation\Multi-UAV SimpleGC\verification\v03_pilot_remaining_20260930\attempts\aa6d8b9ca4384508b4fa2fd382caddc4\recon_0005_v00_20260930T155726Z_bd656d6a,uav_06,GLOBAL_POSITION_INT,present,1349,1349,0,0,0,0,0,0,0,0,0,0,86df3f37078e8c423d54fc7836fdf69136164fde604d4253d31bef1eeb2e8d5b
v03,20260930T155726Z_bd656d6a,F:\CASIA\Drone Swarm Situational Awareness Algorithm\Simulation\Multi-UAV SimpleGC\verification\v03_pilot_remaining_20260930\attempts\aa6d8b9ca4384508b4fa2fd382caddc4\recon_0005_v00_20260930T155726Z_bd656d6a,uav_06,SYSTEM_TIME,present,1349,1349,0,0,0,0,0,0,0,1,0,0,86df3f37078e8c423d54fc7836fdf69136164fde604d4253d31bef1eeb2e8d5b
v03,20260930T160032Z_3eb54ff1,F:\CASIA\Drone Swarm Situational Awareness Algorithm\Simulation\Multi-UAV SimpleGC\verification\v03_pilot_remaining_20260930\attempts\ee92a36219d8475f8f67bd31c4511cee\recon_0006_v00_20260930T160032Z_3eb54ff1,uav_01,GLOBAL_POSITION_INT,present,1166,1166,0,0,0,0,0,0,0,0,0,0,9be2003ef3c3d1ba4b40730d5a984f72ba30f6784469a89f92e4dc62173546e0
v03,20260930T160032Z_3eb54ff1,F:\CASIA\Drone Swarm Situational Awareness Algorithm\Simulation\Multi-UAV SimpleGC\verification\v03_pilot_remaining_20260930\attempts\ee92a36219d8475f8f67bd31c4511cee\recon_0006_v00_20260930T160032Z_3eb54ff1,uav_01,SYSTEM_TIME,present,1166,1166,0,0,0,0,0,0,0,1,0,0,9be2003ef3c3d1ba4b40730d5a984f72ba30f6784469a89f92e4dc62173546e0
v03,20260930T160032Z_3eb54ff1,F:\CASIA\Drone Swarm Situational Awareness Algorithm\Simulation\Multi-UAV SimpleGC\verification\v03_pilot_remaining_20260930\attempts\ee92a36219d8475f8f67bd31c4511cee\recon_0006_v00_20260930T160032Z_3eb54ff1,uav_02,GLOBAL_POSITION_INT,present,1167,1167,0,0,0,0,0,0,0,0,0,0,ac888f6197a4639960c6fd07b2dbb9a358120c109cc79bea6b7afd7108f04a13
v03,20260930T160032Z_3eb54ff1,F:\CASIA\Drone Swarm Situational Awareness Algorithm\Simulation\Multi-UAV SimpleGC\verification\v03_pilot_remaining_20260930\attempts\ee92a36219d8475f8f67bd31c4511cee\recon_0006_v00_20260930T160032Z_3eb54ff1,uav_02,SYSTEM_TIME,present,1167,1167,0,0,0,0,0,0,0,1,0,0,ac888f6197a4639960c6fd07b2dbb9a358120c109cc79bea6b7afd7108f04a13
v03,20260930T160032Z_3eb54ff1,F:\CASIA\Drone Swarm Situational Awareness Algorithm\Simulation\Multi-UAV SimpleGC\verification\v03_pilot_remaining_20260930\attempts\ee92a36219d8475f8f67bd31c4511cee\recon_0006_v00_20260930T160032Z_3eb54ff1,uav_03,GLOBAL_POSITION_INT,present,1167,1167,0,0,0,0,0,0,0,0,0,0,059cda0e3d4891326d36673f90a97b68146225ce10886cd4c6efbc093b96bfbd
v03,20260930T160032Z_3eb54ff1,F:\CASIA\Drone Swarm Situational Awareness Algorithm\Simulation\Multi-UAV SimpleGC\verification\v03_pilot_remaining_20260930\attempts\ee92a36219d8475f8f67bd31c4511cee\recon_0006_v00_20260930T160032Z_3eb54ff1,uav_03,SYSTEM_TIME,present,1167,1167,0,0,0,0,0,0,0,1,0,0,059cda0e3d4891326d36673f90a97b68146225ce10886cd4c6efbc093b96bfbd
v03,20260930T160032Z_3eb54ff1,F:\CASIA\Drone Swarm Situational Awareness Algorithm\Simulation\Multi-UAV SimpleGC\verification\v03_pilot_remaining_20260930\attempts\ee92a36219d8475f8f67bd31c4511cee\recon_0006_v00_20260930T160032Z_3eb54ff1,uav_04,GLOBAL_POSITION_INT,present,1166,1166,0,0,0,0,0,0,0,0,0,0,7c188f1c634a953b287e9e2f779fa5e483d17946f1e1e6fc376f75b86a31d978
v03,20260930T160032Z_3eb54ff1,F:\CASIA\Drone Swarm Situational Awareness Algorithm\Simulation\Multi-UAV SimpleGC\verification\v03_pilot_remaining_20260930\attempts\ee92a36219d8475f8f67bd31c4511cee\recon_0006_v00_20260930T160032Z_3eb54ff1,uav_04,SYSTEM_TIME,present,1166,1166,0,0,0,0,0,0,0,1,0,0,7c188f1c634a953b287e9e2f779fa5e483d17946f1e1e6fc376f75b86a31d978
v03,20260930T160032Z_3eb54ff1,F:\CASIA\Drone Swarm Situational Awareness Algorithm\Simulation\Multi-UAV SimpleGC\verification\v03_pilot_remaining_20260930\attempts\ee92a36219d8475f8f67bd31c4511cee\recon_0006_v00_20260930T160032Z_3eb54ff1,uav_05,GLOBAL_POSITION_INT,present,1167,1167,0,0,0,0,0,0,0,0,0,0,0a0199eb59b594e440e364e0cca88952efece57698912c7cf3eb47aa0e7895d7
v03,20260930T160032Z_3eb54ff1,F:\CASIA\Drone Swarm Situational Awareness Algorithm\Simulation\Multi-UAV SimpleGC\verification\v03_pilot_remaining_20260930\attempts\ee92a36219d8475f8f67bd31c4511cee\recon_0006_v00_20260930T160032Z_3eb54ff1,uav_05,SYSTEM_TIME,present,1167,1167,0,0,0,0,0,0,0,1,0,0,0a0199eb59b594e440e364e0cca88952efece57698912c7cf3eb47aa0e7895d7
v03,20260930T160032Z_3eb54ff1,F:\CASIA\Drone Swarm Situational Awareness Algorithm\Simulation\Multi-UAV SimpleGC\verification\v03_pilot_remaining_20260930\attempts\ee92a36219d8475f8f67bd31c4511cee\recon_0006_v00_20260930T160032Z_3eb54ff1,uav_06,GLOBAL_POSITION_INT,present,1167,1167,0,0,0,0,0,0,0,0,0,0,f59eeedf00fc3b03ad265696efc80b403409c11fd83130d4683705a5db0cb656
v03,20260930T160032Z_3eb54ff1,F:\CASIA\Drone Swarm Situational Awareness Algorithm\Simulation\Multi-UAV SimpleGC\verification\v03_pilot_remaining_20260930\attempts\ee92a36219d8475f8f67bd31c4511cee\recon_0006_v00_20260930T160032Z_3eb54ff1,uav_06,SYSTEM_TIME,present,1167,1167,0,0,0,0,0,0,0,1,0,0,f59eeedf00fc3b03ad265696efc80b403409c11fd83130d4683705a5db0cb656
v03,20260930T160246Z_f7b6895d,F:\CASIA\Drone Swarm Situational Awareness Algorithm\Simulation\Multi-UAV SimpleGC\verification\v03_pilot_remaining_20260930\attempts\83df2e62783a4f8a8e0a0a40e6f130e7\recon_0007_v00_20260930T160246Z_f7b6895d,uav_01,GLOBAL_POSITION_INT,present,1206,1206,0,0,0,0,0,0,0,0,0,0,cf590cd220ce0a2af3c15ebffa3145b2d0bd9cbd3f5b9ae6722cf4378633d327
v03,20260930T160246Z_f7b6895d,F:\CASIA\Drone Swarm Situational Awareness Algorithm\Simulation\Multi-UAV SimpleGC\verification\v03_pilot_remaining_20260930\attempts\83df2e62783a4f8a8e0a0a40e6f130e7\recon_0007_v00_20260930T160246Z_f7b6895d,uav_01,SYSTEM_TIME,present,1206,1206,0,0,0,0,0,0,0,1,0,0,cf590cd220ce0a2af3c15ebffa3145b2d0bd9cbd3f5b9ae6722cf4378633d327
v03,20260930T160246Z_f7b6895d,F:\CASIA\Drone Swarm Situational Awareness Algorithm\Simulation\Multi-UAV SimpleGC\verification\v03_pilot_remaining_20260930\attempts\83df2e62783a4f8a8e0a0a40e6f130e7\recon_0007_v00_20260930T160246Z_f7b6895d,uav_02,GLOBAL_POSITION_INT,present,1205,1205,0,0,0,0,0,0,0,0,0,0,e21d866515bebc874944c0c782aeb27548b68af408679557b1cf1113b0abb578
v03,20260930T160246Z_f7b6895d,F:\CASIA\Drone Swarm Situational Awareness Algorithm\Simulation\Multi-UAV SimpleGC\verification\v03_pilot_remaining_20260930\attempts\83df2e62783a4f8a8e0a0a40e6f130e7\recon_0007_v00_20260930T160246Z_f7b6895d,uav_02,SYSTEM_TIME,present,1205,1205,0,0,0,0,0,0,0,1,0,0,e21d866515bebc874944c0c782aeb27548b68af408679557b1cf1113b0abb578
v03,20260930T160246Z_f7b6895d,F:\CASIA\Drone Swarm Situational Awareness Algorithm\Simulation\Multi-UAV SimpleGC\verification\v03_pilot_remaining_20260930\attempts\83df2e62783a4f8a8e0a0a40e6f130e7\recon_0007_v00_20260930T160246Z_f7b6895d,uav_03,GLOBAL_POSITION_INT,present,1204,1204,0,0,0,0,0,0,0,0,0,0,7ef8c887bbec56139456c329e62aa07304672a1325d1793662cf7da0db24c3da
v03,20260930T160246Z_f7b6895d,F:\CASIA\Drone Swarm Situational Awareness Algorithm\Simulation\Multi-UAV SimpleGC\verification\v03_pilot_remaining_20260930\attempts\83df2e62783a4f8a8e0a0a40e6f130e7\recon_0007_v00_20260930T160246Z_f7b6895d,uav_03,SYSTEM_TIME,present,1204,1204,0,0,0,0,0,0,0,1,0,0,7ef8c887bbec56139456c329e62aa07304672a1325d1793662cf7da0db24c3da
v03,20260930T160457Z_bcd46846,F:\CASIA\Drone Swarm Situational Awareness Algorithm\Simulation\Multi-UAV SimpleGC\verification\v03_pilot_remaining_20260930\attempts\39ac9d85ec84461da28e9de6ebc9677d\recon_0008_v00_20260930T160457Z_bcd46846,uav_01,GLOBAL_POSITION_INT,present,1325,1325,0,0,0,0,0,0,0,0,0,0,a83721e9ef015580ed1ff2458bb8a1685b88a145c8fd6a3cec1e4f8b2cf70615
v03,20260930T160457Z_bcd46846,F:\CASIA\Drone Swarm Situational Awareness Algorithm\Simulation\Multi-UAV SimpleGC\verification\v03_pilot_remaining_20260930\attempts\39ac9d85ec84461da28e9de6ebc9677d\recon_0008_v00_20260930T160457Z_bcd46846,uav_01,SYSTEM_TIME,present,1325,1325,0,0,0,0,0,0,0,1,0,0,a83721e9ef015580ed1ff2458bb8a1685b88a145c8fd6a3cec1e4f8b2cf70615
v03,20260930T160457Z_bcd46846,F:\CASIA\Drone Swarm Situational Awareness Algorithm\Simulation\Multi-UAV SimpleGC\verification\v03_pilot_remaining_20260930\attempts\39ac9d85ec84461da28e9de6ebc9677d\recon_0008_v00_20260930T160457Z_bcd46846,uav_02,GLOBAL_POSITION_INT,present,1323,1323,0,0,0,0,0,0,0,0,0,0,460d38240fb226dd604aa96f3d47f0c3e593648dcdd3943b3f08c10960025596
v03,20260930T160457Z_bcd46846,F:\CASIA\Drone Swarm Situational Awareness Algorithm\Simulation\Multi-UAV SimpleGC\verification\v03_pilot_remaining_20260930\attempts\39ac9d85ec84461da28e9de6ebc9677d\recon_0008_v00_20260930T160457Z_bcd46846,uav_02,SYSTEM_TIME,present,1323,1323,0,0,0,0,0,0,0,1,0,0,460d38240fb226dd604aa96f3d47f0c3e593648dcdd3943b3f08c10960025596
v03,20260930T160719Z_a58405a9,F:\CASIA\Drone Swarm Situational Awareness Algorithm\Simulation\Multi-UAV SimpleGC\verification\v03_pilot_remaining_20260930\attempts\4f28d2ef58014c6fb175b74bdaeadb18\recon_0009_v00_20260930T160719Z_a58405a9,uav_01,GLOBAL_POSITION_INT,present,1296,1296,0,0,0,0,0,0,0,0,0,0,1024fb999df1f80c3736cc6373ebe6e3b9bad4d2a96a18c8fbc9222a577504cc
v03,20260930T160719Z_a58405a9,F:\CASIA\Drone Swarm Situational Awareness Algorithm\Simulation\Multi-UAV SimpleGC\verification\v03_pilot_remaining_20260930\attempts\4f28d2ef58014c6fb175b74bdaeadb18\recon_0009_v00_20260930T160719Z_a58405a9,uav_01,SYSTEM_TIME,present,1296,1296,0,0,0,0,0,0,0,1,0,0,1024fb999df1f80c3736cc6373ebe6e3b9bad4d2a96a18c8fbc9222a577504cc
v03,20260930T160719Z_a58405a9,F:\CASIA\Drone Swarm Situational Awareness Algorithm\Simulation\Multi-UAV SimpleGC\verification\v03_pilot_remaining_20260930\attempts\4f28d2ef58014c6fb175b74bdaeadb18\recon_0009_v00_20260930T160719Z_a58405a9,uav_02,GLOBAL_POSITION_INT,present,1297,1297,0,0,0,0,0,0,0,0,0,0,7c12402611ca17a48714d76af04613f7413bd6879c8f3f5c16df93fa79db2a9a
v03,20260930T160719Z_a58405a9,F:\CASIA\Drone Swarm Situational Awareness Algorithm\Simulation\Multi-UAV SimpleGC\verification\v03_pilot_remaining_20260930\attempts\4f28d2ef58014c6fb175b74bdaeadb18\recon_0009_v00_20260930T160719Z_a58405a9,uav_02,SYSTEM_TIME,present,1297,1297,0,0,0,0,0,0,0,1,0,0,7c12402611ca17a48714d76af04613f7413bd6879c8f3f5c16df93fa79db2a9a
v03,20260930T160719Z_a58405a9,F:\CASIA\Drone Swarm Situational Awareness Algorithm\Simulation\Multi-UAV SimpleGC\verification\v03_pilot_remaining_20260930\attempts\4f28d2ef58014c6fb175b74bdaeadb18\recon_0009_v00_20260930T160719Z_a58405a9,uav_03,GLOBAL_POSITION_INT,present,1296,1296,0,0,0,0,0,0,0,0,0,0,75a05b19624fa5044649518f60b7cc0da731377f75b0fa3400fcc22f47efa596
v03,20260930T160719Z_a58405a9,F:\CASIA\Drone Swarm Situational Awareness Algorithm\Simulation\Multi-UAV SimpleGC\verification\v03_pilot_remaining_20260930\attempts\4f28d2ef58014c6fb175b74bdaeadb18\recon_0009_v00_20260930T160719Z_a58405a9,uav_03,SYSTEM_TIME,present,1296,1296,0,0,0,0,0,0,0,1,0,0,75a05b19624fa5044649518f60b7cc0da731377f75b0fa3400fcc22f47efa596
spike,20261001T153235Z_5eddb7ae,F:\CASIA\Drone Swarm Situational Awareness Algorithm\Simulation\Multi-UAV SimpleGC\runs\spike_v04_20261001T153235Z_5eddb7ae,uav_01,GLOBAL_POSITION_INT,present,1642,1641,1,0,0,0,0,0,0,0,0,0,e38f177e5fd8ebaa9d9d55d57d97904721e27813d95ed190a985078dbb37ad83
spike,20261001T153235Z_5eddb7ae,F:\CASIA\Drone Swarm Situational Awareness Algorithm\Simulation\Multi-UAV SimpleGC\runs\spike_v04_20261001T153235Z_5eddb7ae,uav_01,SYSTEM_TIME,present,1642,1641,1,0,0,0,0,0,0,1,0,0,e38f177e5fd8ebaa9d9d55d57d97904721e27813d95ed190a985078dbb37ad83
spike,20261001T153235Z_5eddb7ae,F:\CASIA\Drone Swarm Situational Awareness Algorithm\Simulation\Multi-UAV SimpleGC\runs\spike_v04_20261001T153235Z_5eddb7ae,uav_02,GLOBAL_POSITION_INT,present,1642,1642,0,0,0,0,0,0,0,0,0,0,f4995d555d4b6c10670991c2ae925ce7af2d5bf2eeccdd18e627ec3c051d6099
spike,20261001T153235Z_5eddb7ae,F:\CASIA\Drone Swarm Situational Awareness Algorithm\Simulation\Multi-UAV SimpleGC\runs\spike_v04_20261001T153235Z_5eddb7ae,uav_02,SYSTEM_TIME,present,1642,1642,0,0,0,0,0,0,0,1,0,0,f4995d555d4b6c10670991c2ae925ce7af2d5bf2eeccdd18e627ec3c051d6099
spike,20261001T153235Z_5eddb7ae,F:\CASIA\Drone Swarm Situational Awareness Algorithm\Simulation\Multi-UAV SimpleGC\runs\spike_v04_20261001T153235Z_5eddb7ae,uav_03,GLOBAL_POSITION_INT,present,1644,1643,1,0,0,0,0,0,0,0,0,0,edf54ba70a24fc4696e68b931ed5c2e03355e90bce0d65285c7c97e1fb43c786
spike,20261001T153235Z_5eddb7ae,F:\CASIA\Drone Swarm Situational Awareness Algorithm\Simulation\Multi-UAV SimpleGC\runs\spike_v04_20261001T153235Z_5eddb7ae,uav_03,SYSTEM_TIME,present,1644,1643,1,0,0,0,0,0,0,1,0,0,edf54ba70a24fc4696e68b931ed5c2e03355e90bce0d65285c7c97e1fb43c786
spike,20261001T153806Z_42150c31,F:\CASIA\Drone Swarm Situational Awareness Algorithm\Simulation\Multi-UAV SimpleGC\runs\spike_v04_20261001T153806Z_42150c31,uav_01,GLOBAL_POSITION_INT,present,1644,1643,1,0,0,0,0,0,0,0,0,0,baab1282d30f4b637b2674cb6b49d5acf21e90545b260fe8f14f292b5d5ecfbb
spike,20261001T153806Z_42150c31,F:\CASIA\Drone Swarm Situational Awareness Algorithm\Simulation\Multi-UAV SimpleGC\runs\spike_v04_20261001T153806Z_42150c31,uav_01,SYSTEM_TIME,present,1644,1643,1,0,0,0,0,0,0,1,0,0,baab1282d30f4b637b2674cb6b49d5acf21e90545b260fe8f14f292b5d5ecfbb
spike,20261001T153806Z_42150c31,F:\CASIA\Drone Swarm Situational Awareness Algorithm\Simulation\Multi-UAV SimpleGC\runs\spike_v04_20261001T153806Z_42150c31,uav_02,GLOBAL_POSITION_INT,present,1643,1643,0,0,0,0,0,0,0,0,0,0,dcb8623bfcf8e5db69bac2b0ad727c534ceea01fb90af35d9d919e89b1c4dd15
spike,20261001T153806Z_42150c31,F:\CASIA\Drone Swarm Situational Awareness Algorithm\Simulation\Multi-UAV SimpleGC\runs\spike_v04_20261001T153806Z_42150c31,uav_02,SYSTEM_TIME,present,1643,1643,0,0,0,0,0,0,0,1,0,0,dcb8623bfcf8e5db69bac2b0ad727c534ceea01fb90af35d9d919e89b1c4dd15
spike,20261001T153806Z_42150c31,F:\CASIA\Drone Swarm Situational Awareness Algorithm\Simulation\Multi-UAV SimpleGC\runs\spike_v04_20261001T153806Z_42150c31,uav_03,GLOBAL_POSITION_INT,present,1643,1642,1,0,0,0,0,0,0,0,0,0,f403a0190a017a0c4e9984ff6f1404a313f9a4c0bdc445af3d2044f8ad472b27
spike,20261001T153806Z_42150c31,F:\CASIA\Drone Swarm Situational Awareness Algorithm\Simulation\Multi-UAV SimpleGC\runs\spike_v04_20261001T153806Z_42150c31,uav_03,SYSTEM_TIME,present,1643,1642,1,0,0,0,0,0,0,1,0,0,f403a0190a017a0c4e9984ff6f1404a313f9a4c0bdc445af3d2044f8ad472b27
