phase_index,phase,agent_id,east_m,north_m,up_m,speed_m_s,hold_s
0,leg_000,uav_01,-11.368964892809686,-14.67038553132554,8.0,2.0,0.5
0,leg_000,uav_02,-11.368964892809686,1.0293449487151822,8.0,2.0,0.5
0,leg_000,uav_03,-11.368964892809686,16.729075428755905,8.0,2.0,0.5
1,leg_001,uav_01,-11.368964892809686,-14.67038553132554,8.0,2.0,0.5
1,leg_001,uav_02,-11.368964892809686,1.0293449487151822,8.0,2.0,0.5
1,leg_001,uav_03,-11.368964892809686,16.729075428755905,8.0,2.0,0.5
2,leg_002,uav_01,-1.5785836673356286,-14.67038553132554,8.0,2.0,0.5
2,leg_002,uav_02,-1.5785836673356286,1.0293449487151822,8.0,2.0,0.5
2,leg_002,uav_03,-1.5785836673356286,16.729075428755905,8.0,2.0,0.5
3,leg_003,uav_01,-1.5785836673356286,-10.74545291131536,8.0,2.0,0.5
3,leg_003,uav_02,-1.5785836673356286,4.954277568725363,8.0,2.0,0.5
3,leg_003,uav_03,-1.5785836673356286,20.654008048766084,8.0,2.0,0.5
4,leg_004,uav_01,-11.368964892809686,-10.74545291131536,8.0,2.0,0.5
4,leg_004,uav_02,-11.368964892809686,4.954277568725363,8.0,2.0,0.5
4,leg_004,uav_03,-11.368964892809686,20.654008048766084,8.0,2.0,0.5
5,leg_005,uav_01,-11.368964892809686,-6.820520291305179,8.0,2.0,0.5
5,leg_005,uav_02,-11.368964892809686,8.879210188735543,8.0,2.0,0.5
5,leg_005,uav_03,-11.368964892809686,24.578940668776262,8.0,2.0,0.5
6,leg_006,uav_01,-1.5785836673356286,-6.820520291305179,8.0,2.0,0.5
6,leg_006,uav_02,-1.5785836673356286,8.879210188735543,8.0,2.0,0.5
6,leg_006,uav_03,-1.5785836673356286,24.578940668776262,8.0,2.0,0.5
7,leg_007,uav_01,-1.5785836673356286,-2.895587671294999,8.0,2.0,0.5
7,leg_007,uav_02,-1.5785836673356286,12.804142808745723,8.0,2.0,0.5
7,leg_007,uav_03,-1.5785836673356286,28.503873288786444,8.0,2.0,0.5
8,leg_008,uav_01,-11.368964892809686,-2.895587671294999,8.0,2.0,0.5
8,leg_008,uav_02,-11.368964892809686,12.804142808745723,8.0,2.0,0.5
8,leg_008,uav_03,-11.368964892809686,28.503873288786444,8.0,2.0,0.5
9,leg_009,uav_01,-21.87430876987679,-8.782986601310268,8.0,2.0,0.5
9,leg_009,uav_02,-21.87430876987679,6.916743878730454,8.0,2.0,0.5
9,leg_009,uav_03,-21.87430876987679,22.616474358771182,8.0,2.0,0.5
