added	deleted	path
2	1	.github/workflows/unit-tests.yml
13	13	Multi-UAV SimpleGC/docs/intent_addition_checklist.md
77	5	Multi-UAV SimpleGC/docs/v0.6_formal_run_commands.md
43	0	Multi-UAV SimpleGC/docs/v0.6_pauseA2_adjustments.md
164	0	Multi-UAV SimpleGC/scripts/diagnostics/v06_a2_offline_checks.py
58	100	Multi-UAV SimpleGC/swarm_sim/flight_patterns_v06.py
19	32	Multi-UAV SimpleGC/swarm_sim/generation_v2.py
30	0	Multi-UAV SimpleGC/swarm_sim/observer_facts_v0.py
1	1	Multi-UAV SimpleGC/swarm_sim/patrol.py
25	18	Multi-UAV SimpleGC/swarm_sim/rapid_passage.py
1	1	Multi-UAV SimpleGC/swarm_sim/reconnaissance.py
27	6	Multi-UAV SimpleGC/swarm_sim/registry.py
1	1	Multi-UAV SimpleGC/tests/test_generation_v2.py
148	0	Multi-UAV SimpleGC/tests/test_v06_a2_generation.py
183	0	Multi-UAV SimpleGC/tests/test_v06_a2_patterns.py
27	33	Multi-UAV SimpleGC/tests/test_v06_planning.py
87	0	Multi-UAV SimpleGC/tests/test_wp_l_facts.py
