t,agent_id,valid_position,valid_attitude,position_age_s,attitude_age_s,position_boot_ms,attitude_boot_ms,east_m,north_m,up_m,ve_m_s,vn_m_s,vu_m_s,lat,lon,alt_msl_m,relative_alt_m,roll_rad,pitch_rad,yaw_rad,p_rad_s,q_rad_s,r_rad_s,armed,mode
1.602853000000323,uav_01,0,0,,,,,,,,,,,,,,,,,,,,,0,0
1.705080600000656,uav_01,0,0,,,,,,,,,,,,,,,,,,,,,0,0
1.8156350999997812,uav_01,0,0,,,,,,,,,,,,,,,,,,,,,0,0
1.9080657000013161,uav_01,0,0,,,,,,,,,,,,,,,,,,,,,0,0
2.017233500002476,uav_01,0,0,,,,,,,,,,,,,,,,,,,,,0,0
2.1095082000028924,uav_01,0,0,,,,,,,,,,,,,,,,,,,,,0,0
2.2157466000026034,uav_01,0,0,,,,,,,,,,,,,,,,,,,,,0,0
2.3078669999995327,uav_01,0,0,,,,,,,,,,,,,,,,,,,,,0,0
2.4170919000025606,uav_01,0,0,,,,,,,,,,,,,,,,,,,,,0,0
2.5108342000021366,uav_01,0,0,,,,,,,,,,,,,,,,,,,,,0,0
2.603433000000223,uav_01,0,0,,,,,,,,,,,,,,,,,,,,,0,0
2.710617700002331,uav_01,0,0,,,,,,,,,,,,,,,,,,,,,0,0
2.8039776000005077,uav_01,0,0,,,,,,,,,,,,,,,,,,,,,0,0
2.9138614000003145,uav_01,0,0,,,,,,,,,,,,,,,,,,,,,0,0
3.007313600002817,uav_01,0,0,,,,,,,,,,,,,,,,,,,,,0,0
3.1162750000003143,uav_01,0,0,,,,,,,,,,,,,,,,,,,,,0,0
3.2087929000008444,uav_01,0,0,,,,,,,,,,,,,,,,,,,,,0,0
3.317830399999366,uav_01,0,0,,,,,,,,,,,,,,,,,,,,,0,0
3.411602200001653,uav_01,0,0,,,,,,,,,,,,,,,,,,,,,0,0
3.504062399999384,uav_01,0,0,,,,,,,,,,,,,,,,,,,,,0,0
3.612278900000092,uav_01,0,0,,,,,,,,,,,,,,,,,,,,,0,0
3.7053247000003466,uav_01,0,0,,,,,,,,,,,,,,,,,,,,,0,0
3.81479870000112,uav_01,1,1,0.07503020000149263,0.07512359999964247,2567,2567,-10801857.190035556,-4162578.9342356096,-12.0,0.0,0.0,0.0,0.0,0.0,0.0,0.0,9.267809946322814e-05,-6.77891875966452e-05,0.13397499918937683,0.0003214854223188013,-8.701930346433073e-05,-0.00013369925727602094,0,0
3.907997100002831,uav_01,1,1,0.03008850000333041,0.030157500001223525,2667,2667,-0.008841948542535574,-0.009988841921336273,-12.0,0.0,0.0,0.0,37.5050589,122.1660364,0.0,0.0,9.613877045921981e-05,-6.728438893333077e-05,0.13397543132305145,0.0001647437020437792,-0.000274438236374408,-4.6350211050594226e-05,0,0
4.0163843000009365,uav_01,1,1,0.13847570000143605,0.13854469999932917,2667,2667,-0.008841948542535574,-0.009988841921336273,-12.0,0.0,0.0,0.0,37.5050589,122.1660364,0.0,0.0,9.613877045921981e-05,-6.728438893333077e-05,0.13397543132305145,0.0001647437020437792,-0.000274438236374408,-4.6350211050594226e-05,0,0
4.108826200001204,uav_01,1,1,0.0915884999994887,0.09165410000059637,2767,2767,-0.008841948542535574,-0.009988841921336273,-12.0,0.0,0.0,0.0,37.5050589,122.1660364,0.0,0.0,9.520615276414901e-05,-6.79272270645015e-05,0.12842123210430145,-0.00012941917520947754,-0.00010795042908284813,2.3903536202851683e-05,0,0
4.216777500001626,uav_01,1,1,0.059861100002308376,0.05992530000003171,2867,2867,-0.008841948542535574,-0.009988841921336273,-12.0,0.0,0.0,0.0,37.5050589,122.1660364,0.0,0.0,0.00010027300595538691,-6.652998854406178e-05,0.1176212951540947,2.463561213517096e-05,0.00017434584151487797,3.8661662983940914e-05,0,0
4.310191000000486,uav_01,1,1,0.014653199999884237,0.014735699998709606,2967,2967,-0.008841948542535574,-0.009988841921336273,-12.0,0.0,0.0,0.0,37.5050589,122.1660364,0.0,0.0,0.00011121859279228374,-6.808232865296304e-05,0.10773302614688873,7.904236554168165e-05,0.00017588796617928892,0.0002194583648815751,0,0
4.403939899999386,uav_01,1,1,0.10840209999878425,0.10848459999760962,2967,2967,-0.008841948542535574,-0.009988841921336273,-12.0,0.0,0.0,0.0,37.5050589,122.1660364,0.0,0.0,0.00011121859279228374,-6.808232865296304e-05,0.10773302614688873,7.904236554168165e-05,0.00017588796617928892,0.0002194583648815751,0,0
4.511840700000903,uav_01,1,1,0.07634780000080355,0.07642850000047474,3067,3067,-0.008841948542535574,-0.009988841921336273,-12.0,0.0,0.0,0.0,37.5050589,122.1660364,0.0,0.0,0.00011426865967223421,-6.707722059218213e-05,0.09867403656244278,-0.00017613419913686812,-9.620380296837538e-05,-3.341218689456582e-05,0,0
4.603164600001037,uav_01,1,1,0.02939669999977923,0.029471000001649372,3167,3167,-0.008841948542535574,-0.009988841921336273,-12.0,0.0,0.0,0.0,37.5050589,122.1660364,0.0,0.0,0.00010862842464121059,-6.672899326076731e-05,0.09037121385335922,-5.347020851331763e-05,0.00018635042943060398,5.4543423175346106e-05,0,0
4.711259200001223,uav_01,1,1,0.13749129999996512,0.13756560000183526,3167,3167,-0.008841948542535574,-0.009988841921336273,-12.0,0.0,0.0,0.0,37.5050589,122.1660364,0.0,0.0,0.00010862842464121059,-6.672899326076731e-05,0.09037121385335922,-5.347020851331763e-05,0.00018635042943060398,5.4543423175346106e-05,0,0
4.803513200000452,uav_01,1,1,0.09103920000052312,0.09117939999850933,3267,3267,-0.008841948542535574,-0.009988841921336273,-12.0,0.0,0.0,0.0,37.5050589,122.1660364,0.0,0.0,0.00010075553291244432,-6.603340443689376e-05,0.08276675641536713,9.236096229869872e-05,-0.00010723711602622643,0.00011612151138251647,0,0
4.910987999999634,uav_01,1,1,0.060829099998954916,0.06091459999879589,3366,3366,-0.008841948542535574,-0.009988841921336273,-12.0,0.0,0.0,0.0,37.5050589,122.1660364,0.0,0.0,0.00010550081788096577,-6.42689919914119e-05,0.07579856365919113,7.172548794187605e-05,-3.020196163561195e-05,-0.00020217252313159406,0,0
5.003091900001891,uav_01,1,1,0.0142943999999261,0.014377300001797266,3466,3466,-0.008841948542535574,-0.009988841921336273,-12.0,0.0,0.0,0.0,37.5050589,122.1660364,0.0,0.0,0.00011001181701431051,-6.096064316807315e-05,0.06942050158977509,0.0001549273292766884,0.00024698342895135283,0.0002535054518375546,0,0
5.11022960000264,uav_01,1,1,0.12143210000067484,0.121515000002546,3466,3466,-0.008841948542535574,-0.009988841921336273,-12.0,0.0,0.0,0.0,37.5050589,122.1660364,0.0,0.0,0.00011001181701431051,-6.096064316807315e-05,0.06942050158977509,0.0001549273292766884,0.00024698342895135283,0.0002535054518375546,0,0
5.217185400000744,uav_01,1,1,0.09031049999975949,0.09042069999850355,3566,3566,-0.008841948542535574,-0.009988841921336273,-12.0,0.0,0.0,0.0,37.5050589,122.1660364,0.0,0.0,0.00011687938967952505,-5.7891447795554996e-05,0.06358309835195541,-6.611464050365612e-05,4.3278610974084586e-05,0.0001895651366794482,0,0
5.309237400000711,uav_01,1,1,0.04438590000063414,0.04445330000089598,3666,3666,-0.008841948542535574,-0.009988841921336273,-12.0,0.0,0.0,0.0,37.5050589,122.1660364,0.0,0.0,0.00012125666398787871,-5.829705696669407e-05,0.05823731794953346,3.516595143082668e-06,-0.00019687351596076041,-6.132568523753434e-05,0,0
5.403757300002326,uav_01,1,1,0.13890580000224872,0.13897320000251057,3666,3666,-0.008841948542535574,-0.009988841921336273,-12.0,0.0,0.0,0.0,37.5050589,122.1660364,0.0,0.0,0.00012125666398787871,-5.829705696669407e-05,0.05823731794953346,3.516595143082668e-06,-0.00019687351596076041,-6.132568523753434e-05,0,0
5.510135200001969,uav_01,1,1,0.10546900000190362,0.10554170000250451,3766,3766,-0.008841948542535574,-0.009988841921336273,-12.0,0.0,0.0,0.0,37.5050589,122.1660364,0.0,0.0,0.0001257534313481301,-6.363140710163862e-05,0.05334242805838585,-0.00014003914839122444,0.00026061374228447676,-6.169264815980569e-05,0,0
5.616401700001006,uav_01,1,1,0.07447300000058021,0.07453430000168737,3866,3866,-0.008841948542535574,-0.009988841921336273,-12.0,0.0,0.0,0.0,37.5050589,122.1660364,0.0,0.0,0.00012665327813010663,-7.062887016218156e-05,0.04885927215218544,6.900572043377906e-05,-0.00010656881931936368,7.746882329229265e-05,0,0
5.708993000000191,uav_01,1,1,0.030571399998734705,0.03064549999908195,3966,3966,-0.008841948542535574,-0.009988841921336273,-12.0,0.0,0.0,0.0,37.5050589,122.1660364,0.0,0.0,0.0001288480416405946,-8.067909948294982e-05,0.04475793242454529,0.00022078568872530013,-4.8077299652504735e-06,-0.00011011863534804434,0,0
5.817474800001946,uav_01,1,1,0.1390532000004896,0.13912730000083684,3966,3966,-0.008841948542535574,-0.009988841921336273,-12.0,0.0,0.0,0.0,37.5050589,122.1660364,0.0,0.0,0.0001288480416405946,-8.067909948294982e-05,0.04475793242454529,0.00022078568872530013,-4.8077299652504735e-06,-0.00011011863534804434,0,0
5.909942000002047,uav_01,1,1,0.09136560000115423,0.09142419999989215,4066,4066,-0.008841948542535574,-0.009988841921336273,-12.0,0.0,0.0,-0.03,37.5050589,122.1660364,0.0,0.0,7.579169323435053e-05,-2.610735646157991e-05,-1.0530619931614638e-07,6.385624874383211e-05,4.230322520015761e-05,-2.824362672981806e-05,0,0
6.017872700002044,uav_01,1,1,0.05970330000127433,0.05976759999975911,4166,4166,-0.008841948542535574,-0.009988841921336273,-12.0,0.0,0.0,-0.1,37.5050589,122.1660364,0.0,0.0,7.714568346273154e-05,-2.4535213015042245e-05,3.0301011975097936e-06,5.439434971776791e-05,3.702571848407388e-05,3.7538240576395765e-05,0,0
6.112968600002205,uav_01,1,1,0.015321900002163602,0.015387200000986923,4266,4266,-0.008841948542535574,-0.009988841921336273,-12.0,0.0,0.0,-0.14,37.5050589,122.1660364,0.0,0.0,7.274336530826986e-05,-1.732739656290505e-05,8.319388871314004e-05,4.1195911762770265e-05,2.5722634745761752e-05,3.288942025392316e-05,0,0
6.206623100002616,uav_01,1,1,0.10897640000257525,0.10904170000139857,4266,4266,-0.008841948542535574,-0.009988841921336273,-12.0,0.0,0.0,-0.14,37.5050589,122.1660364,0.0,0.0,7.274336530826986e-05,-1.732739656290505e-05,8.319388871314004e-05,4.1195911762770265e-05,2.5722634745761752e-05,3.288942025392316e-05,0,0
6.314565000000584,uav_01,1,1,0.07681310000043595,0.07686190000094939,4366,4366,-0.008841948542535574,-0.009988841921336273,-12.0,0.0,0.0,-0.16,37.5050589,122.1660364,0.0,0.0,6.909805233590305e-05,-1.1812332559202332e-05,8.503506251145154e-05,5.1680326578207314e-05,6.596060120500624e-05,3.4481439797673374e-05,0,0
6.405125700002827,uav_01,1,1,0.029647400002431823,0.02972070000032545,4466,4466,-0.008841948542535574,-0.009988841921336273,-12.0,0.0,0.0,-0.17,37.5050589,122.1660364,0.0,0.0,6.482795288320631e-05,-4.574418198899366e-06,8.702989725861698e-05,1.826898369472474e-05,0.00010199414828093722,-3.277973519288935e-05,0,0
6.514212100002624,uav_01,1,1,0.13873380000222824,0.13880710000012186,4466,4466,-0.008841948542535574,-0.009988841921336273,-12.0,0.0,0.0,-0.17,37.5050589,122.1660364,0.0,0.0,6.482795288320631e-05,-4.574418198899366e-06,8.702989725861698e-05,1.826898369472474e-05,0.00010199414828093722,-3.277973519288935e-05,0,0
6.605041700000584,uav_01,1,1,0.08971659999951953,0.08980270000029122,4566,4566,-0.008841948542535574,-0.009988841921336273,-12.0,0.0,0.0,-0.18,37.5050589,122.1660364,0.0,0.0,5.686957956640981e-05,5.668466656061355e-07,8.96845813258551e-05,-4.7258527047233656e-05,3.658518471638672e-05,7.472083962056786e-05,0,0
6.711821500000951,uav_01,1,1,0.06004599999869242,0.06010550000064541,4667,4667,-0.008841948542535574,-0.009988841921336273,-12.0,0.0,0.0,-0.18,37.5050589,122.1660364,0.0,0.0,5.3947896958561614e-05,3.4471861454221653e-06,9.295567724620923e-05,2.2576215997105464e-05,8.943447755882517e-05,7.223319698823616e-05,0,0
6.804320300001564,uav_01,1,1,0.01411740000185091,0.014220500001101755,4767,4767,-0.008841948542535574,-0.009988841921336273,-12.0,0.0,0.0,-0.18,37.5050589,122.1660364,0.0,0.0,4.8609803343424574e-05,5.422791218734346e-06,9.456469706492499e-05,3.172922515659593e-05,6.312411278486252e-05,3.3607258956180885e-05,0,0
6.9131670000024315,uav_01,1,1,0.12296410000271862,0.12306720000196947,4767,4767,-0.008841948542535574,-0.009988841921336273,-12.0,0.0,0.0,-0.18,37.5050589,122.1660364,0.0,0.0,4.8609803343424574e-05,5.422791218734346e-06,9.456469706492499e-05,3.172922515659593e-05,6.312411278486252e-05,3.3607258956180885e-05,0,0
7.0063685000022815,uav_01,1,1,0.07632490000105463,0.07638840000072378,4867,4867,-0.008841948542535574,-0.009988841921336273,-12.0,0.0,0.0,-0.18,37.5050589,122.1660364,0.0,0.0,4.8365949623985216e-05,5.4243405429588165e-06,9.738646622281522e-05,3.654360625660047e-05,9.83521094894968e-05,4.631724004866555e-05,0,0
7.113966100001562,uav_01,1,1,0.045201900000392925,0.0452690000020084,4967,4967,-0.008841948542535574,-0.009988841921336273,-12.0,0.0,0.0,-0.18,37.5050589,122.1660364,0.0,0.0,5.0267870392417535e-05,2.490829729140387e-06,9.926840721163899e-05,4.037795861222548e-06,7.042486686259508e-05,2.9399132472462952e-05,0,0
7.206082900000183,uav_01,1,1,0.13731869999901392,0.1373858000006294,4967,4967,-0.008841948542535574,-0.009988841921336273,-12.0,0.0,0.0,-0.18,37.5050589,122.1660364,0.0,0.0,5.0267870392417535e-05,2.490829729140387e-06,9.926840721163899e-05,4.037795861222548e-06,7.042486686259508e-05,2.9399132472462952e-05,0,0
7.3116823000018485,uav_01,1,1,0.10466690000248491,0.10473289999936242,5067,5067,-0.008841948542535574,-0.009988841921336273,-12.0,0.0,0.0,-0.17,37.5050589,122.1660364,0.0,0.0,5.414431871031411e-05,-3.360665004947805e-06,0.00010157080396311358,5.456181679619476e-05,6.971421680646017e-05,2.1828673197887838e-05,0,0
7.404375100002653,uav_01,1,1,0.06109610000203247,0.06119780000153696,5167,5167,-0.008841948542535574,-0.009988841921336273,-12.0,0.0,0.0,-0.17,37.5050589,122.1660364,0.0,0.0,5.7827477576211095e-05,-1.1142425137222745e-05,0.00010473956353962421,2.562047666287981e-05,5.4338728659786284e-05,2.932927782239858e-05,0,0
7.512795300001017,uav_01,1,1,0.0298030000012659,0.02986360000068089,5267,5267,-0.008841948542535574,-0.009988841921336273,-12.0,0.0,0.0,-0.16,37.5050589,122.1660364,0.0,0.0,6.467817001976073e-05,-1.9104723833152093e-05,0.00010736040712799877,7.535187614848837e-05,3.458878563833423e-05,2.7845615477417596e-05,0,0
7.604769100002159,uav_01,1,1,0.12177680000240798,0.12183740000182297,5267,5267,-0.008841948542535574,-0.009988841921336273,-12.0,0.0,0.0,-0.16,37.5050589,122.1660364,0.0,0.0,6.467817001976073e-05,-1.9104723833152093e-05,0.00010736040712799877,7.535187614848837e-05,3.458878563833423e-05,2.7845615477417596e-05,0,0
7.7126076000022294,uav_01,1,1,0.09180180000112159,0.09188170000197715,5367,5367,-0.008841948542535574,-0.009988841921336273,-12.0,0.0,0.0,-0.16,37.5050589,122.1660364,0.0,0.0,7.156722131185234e-05,-2.4106317141558975e-05,0.00011166786134708673,4.019678817712702e-05,8.309308759635314e-05,6.256477354327217e-05,0,0
7.805820400000812,uav_01,1,1,0.04566590000104043,0.04570909999893047,5466,5466,-0.008841948542535574,-0.009988841921336273,-12.0,0.0,0.0,-0.15,37.5050589,122.1660364,0.0,0.0,7.923157681943849e-05,-2.8394575565471314e-05,0.00011771632125601172,9.114050044445321e-05,9.902133024297655e-05,2.828801007126458e-05,0,0
7.912333500000386,uav_01,1,1,0.014018699999724049,0.01408629999787081,5566,5566,-0.008841948542535574,-0.009988841921336273,-12.0,0.0,0.0,-0.14,37.5050589,122.1660364,0.0,0.0,8.437282667728141e-05,-3.4827564377337694e-05,0.00012112664262531325,2.9791643100907095e-05,1.2214994058012962e-05,4.9586455133976415e-05,0,0
8.005601500000921,uav_01,1,1,0.10728670000025886,0.10735429999840562,5566,5566,-0.008841948542535574,-0.009988841921336273,-12.0,0.0,0.0,-0.14,37.5050589,122.1660364,0.0,0.0,8.437282667728141e-05,-3.4827564377337694e-05,0.00012112664262531325,2.9791643100907095e-05,1.2214994058012962e-05,4.9586455133976415e-05,0,0
8.111520000002201,uav_01,1,1,0.07414870000138762,0.07422919999953592,5666,5666,-0.008841948542535574,-0.009988841921336273,-12.0,0.0,0.0,-0.13,37.5050589,122.1660364,0.0,0.0,8.591346704633906e-05,-3.578379255486652e-05,0.000125585327623412,3.842009391519241e-05,2.6544214051682502e-05,3.68420296581462e-05,0,0
8.204943500000809,uav_01,1,1,0.029522900000301888,0.029582200000731973,5766,5766,-0.008841948542535574,-0.009988841921336273,-12.0,0.0,0.0,-0.12,37.5050589,122.1660364,0.0,0.0,9.102528565563262e-05,-3.6689631087938324e-05,0.00013199193926993757,8.704933861736208e-05,3.08959097310435e-05,4.6001372538739815e-05,0,0
8.312982200000988,uav_01,1,1,0.13756160000048112,0.1376209000009112,5766,5766,-0.008841948542535574,-0.009988841921336273,-12.0,0.0,0.0,-0.12,37.5050589,122.1660364,0.0,0.0,9.102528565563262e-05,-3.6689631087938324e-05,0.00013199193926993757,8.704933861736208e-05,3.08959097310435e-05,4.6001372538739815e-05,0,0
8.407262000000628,uav_01,1,1,0.09318960000018706,0.09325759999774164,5866,5866,-0.008841948542535574,-0.009988841921336273,-12.0,0.0,0.0,-0.11,37.5050589,122.1660364,0.0,0.0,9.274420153815299e-05,-3.591851782402955e-05,0.0001359576272079721,-4.801240720553324e-06,5.147605770616792e-05,7.878136966610327e-05,0,0
8.515764800002216,uav_01,1,1,0.06145459999970626,0.06151590000081342,5966,5966,-0.008841948542535574,-0.009988841921336273,-12.0,0.0,0.0,-0.1,37.5050589,122.1660364,0.0,0.0,9.331751061836258e-05,-3.445960464887321e-05,0.00014030672900844365,6.308360752882436e-05,3.859471689793281e-05,3.353369902470149e-05,0,0
8.607315900000685,uav_01,1,1,0.013853000000381144,0.013902700000471668,6066,6066,-0.008841948542535574,-0.009988841921336273,-12.0,0.0,0.0,-0.09,37.5050589,122.1660364,0.0,0.0,9.412108192918822e-05,-3.106871372438036e-05,0.0001451496937079355,4.6882105380063877e-05,7.818880112608895e-05,6.02198088017758e-05,0,0
8.715292299999419,uav_01,1,1,0.12182939999911468,0.12187909999920521,6066,6066,-0.008841948542535574,-0.009988841921336273,-12.0,0.0,0.0,-0.09,37.5050589,122.1660364,0.0,0.0,9.412108192918822e-05,-3.106871372438036e-05,0.0001451496937079355,4.6882105380063877e-05,7.818880112608895e-05,6.02198088017758e-05,0,0
8.809280900000886,uav_01,1,1,0.07666270000117947,0.07672109999839449,6166,6166,-0.008841948542535574,-0.009988841921336273,-12.0,0.0,0.0,-0.07,37.5050589,122.1660364,0.0,0.0,9.288597357226536e-05,-2.8270811526454054e-05,0.0001495040487498045,4.722698940895498e-05,2.69905140157789e-05,7.525648834416643e-05,0,0
8.915171000000555,uav_01,1,1,0.044222299999091774,0.04433779999817489,6266,6266,-0.008841948542535574,-0.009988841921336273,-12.0,0.0,0.0,-0.06,37.5050589,122.1660364,0.0,0.0,9.193628648063168e-05,-2.5669827664387412e-05,0.00015548527881037444,-1.598192102392204e-05,2.0759778635692783e-05,5.465861613629386e-05,0,0
9.006591200002731,uav_01,1,1,0.13564250000126776,0.13575800000035088,6266,6266,-0.008841948542535574,-0.009988841921336273,-12.0,0.0,0.0,-0.06,37.5050589,122.1660364,0.0,0.0,9.193628648063168e-05,-2.5669827664387412e-05,0.00015548527881037444,-1.598192102392204e-05,2.0759778635692783e-05,5.465861613629386e-05,0,0
9.114518300000782,uav_01,1,1,0.10681009999825619,0.10686989999885554,6366,6366,-0.008841948542535574,-0.009988841921336273,-12.0,0.0,0.0,-0.04,37.5050589,122.1660364,0.0,0.0,9.052969107870013e-05,-2.0480441889958456e-05,0.00016067063552327454,6.0388734709704295e-05,2.6974061256623827e-05,8.732284914003685e-05,0,0
9.205458000000363,uav_01,1,1,0.058610899999621324,0.058671099999628495,6466,6466,-0.008841948542535574,-0.009988841921336273,-12.0,0.0,0.0,-0.03,37.5050589,122.1660364,0.0,0.0,9.167220559902489e-05,-1.9341981897014193e-05,0.0001629300240892917,6.947718793526292e-05,1.4179006939230021e-05,3.882797318510711e-05,0,0
9.313297500000772,uav_01,1,1,0.029078100000333507,0.029138999998394866,6566,6566,-0.008841948542535574,-0.009988841921336273,-12.0,0.0,0.0,-0.02,37.5050589,122.1660364,0.0,0.0,9.294030314777046e-05,-1.3313483577803709e-05,0.00016649214376229793,0.00010574171028565615,6.926037167431787e-05,4.882202119915746e-05,0,0
9.405177700002241,uav_01,1,1,0.12095830000180285,0.12101919999986421,6566,6566,-0.008841948542535574,-0.009988841921336273,-12.0,0.0,0.0,-0.02,37.5050589,122.1660364,0.0,0.0,9.294030314777046e-05,-1.3313483577803709e-05,0.00016649214376229793,0.00010574171028565615,6.926037167431787e-05,4.882202119915746e-05,0,0
9.513194300001487,uav_01,1,1,0.09175350000077742,0.09180579999883776,6666,6666,-0.008841948542535574,-0.009988841921336273,-12.0,0.0,0.0,0.0,37.5050589,122.1660364,0.0,0.0,9.296993084717542e-05,-8.912455996323843e-06,0.00017048865265678614,6.782345735700801e-05,9.285996202379465e-05,9.187606337945908e-06,0,0
9.604745900000125,uav_01,1,1,0.044771000000764616,0.04486999999789987,6767,6767,-0.008841948542535574,-0.009988841921336273,-12.0,0.0,0.0,0.0,37.5050589,122.1660364,0.0,0.0,9.228621638612822e-05,-3.515729758873931e-06,0.00017359435150865465,5.2288123697508126e-05,0.00010696940444177017,4.253675797372125e-05,0,0
9.712900099999388,uav_01,1,1,0.013808799998514587,0.013874399999622256,6867,6867,-0.008841948542535574,-0.009988841921336273,-12.0,0.0,0.0,0.01,37.5050589,122.1660364,0.0,0.0,9.241521183867007e-05,-5.307984451974335e-07,0.0001763884210959077,6.584914808627218e-05,1.8608345271786675e-05,2.8394847504387144e-06,0,0
9.804942599999777,uav_01,1,1,0.10585129999890341,0.10591690000001108,6867,6867,-0.008841948542535574,-0.009988841921336273,-12.0,0.0,0.0,0.01,37.5050589,122.1660364,0.0,0.0,9.241521183867007e-05,-5.307984451974335e-07,0.0001763884210959077,6.584914808627218e-05,1.8608345271786675e-05,2.8394847504387144e-06,0,0
9.91281760000129,uav_01,1,1,0.07599150000169175,0.07606229999873904,6967,6967,-0.008841948542535574,-0.009988841921336273,-12.0,0.0,0.0,0.03,37.5050589,122.1660364,0.0,0.0,9.62799385888502e-05,3.851457222481258e-06,0.00017930679314304143,0.00011844818800454959,7.332720997510478e-05,5.54832186026033e-05,0,0
10.005230099999608,uav_01,1,1,0.030133299998851726,0.030194599999958882,7067,7067,-0.008841948542535574,-0.009988841921336273,-12.0,0.0,0.0,0.04,37.5050589,122.1660364,0.0,0.0,9.730133024277166e-05,8.29984219308244e-06,0.00018516545242164284,6.249656871659681e-05,4.0528157114749774e-05,6.27436675131321e-05,0,0
